<_templates Include="trucks">
	<Wheel>
		<RearWheel
			ConnectedToHandbrake="true"
			Location="rear"
			Torque="default"
		/>
		<FrontWheel
			Location="front"
			SteeringAngle="32"
			SteeringCastor="8"
			SteeringJointOffset="0.1"
			Torque="full"
		/>
	</Wheel>
	<Flare>
		<Beacon
			AspectRatio="1.4"
			Color="g(169; 115; 0) x 0.6"
			ColorMultAtDay="0.3"
			DirAngle="180"
			Size="0.2"
			SizeMultAtDay="0.5"
		/>
	</Flare>
	<Body>
		<Sunshield Collisions="None" Mass="3">
			<Constraint
				AxisLocal="(0; 0; 1)"
				Type="Hinge"
				MinLimit="-5"
				MaxLimit="5"
			>
				<Motor Damping="0.5" Spring="20" Type="Spring" />
			</Constraint>
		</Sunshield>
		<SideMirror Collisions="Default" Mass="5">
			<Constraint
				AxisLocal="(0; 1; 0)"
				Type="Hinge"
				MinLimit="-4"
				MaxLimit="4"
			>
				<Motor Damping="3" Spring="200" Type="Spring" />
			</Constraint>
		</SideMirror>
		<Key Collisions="None" Mass="1">
			<Constraint
				AxisLocal="(0; 0; 1)"
				Type="Hinge"
				MinLimit="-30"
				MaxLimit="30"
			>
				<Motor Damping="0.005" Spring="0.005" Type="Spring" />
			</Constraint>
		</Key>
		<Belt Collisions="None" Mass="2">
			<Constraint
				AxisLocal="(0; 0; 1)"
				Type="Hinge"
				MinLimit="-4"
				MaxLimit="4"
			>
				<Motor Damping="10" Spring="10" Type="Spring" />
			</Constraint>
		</Belt>
	</Body>
</_templates>
<Truck>
	<TruckData
		BackSteerSpeed="0.15"
		DiffLockType="Uninstalled"
		EngineIconMesh="env/engine_small"
		EngineIconScale="1.15"
		EngineStartDelay="1.8"
		ExhaustStartTime="1.6"
		FuelCapacity="87"
		Responsiveness="0.6"
		SteerSpeed="0.032"
		TruckImage="khansentinelmchr"
		TruckType="SCOUT"
	>
		<WinchUpgradeSocket Default="w_scout_default" IsUpgradable="true" Type="winches_scouts" />
		<Wheels
			DefaultRim="rim_1"
			DefaultTire="highway_1"
			DefaultWheelType="wheels_scout1"
		>
			<Wheel _template="FrontWheel" Pos="(3.004; 0.428; 0.803)" />
			<Wheel _template="FrontWheel" RightSide="true" Pos="(3.004; 0.428; 0.803)" />
			<Wheel _template="RearWheel" Pos="(0; 0.428; 0.803)" />
			<Wheel _template="RearWheel" RightSide="true" Pos="(0; 0.428; 0.803)" />
		</Wheels>
		<SuspensionSocket
			Default="khan_317_sentinel_suspension_default"
			Type="s_khan_317_sentinel"
			MaxWheelRadiusWithoutSuspension="0.3"
		/>
		<SteeringWheel Frame="BoneSteering" />
		<SteeringRack
			Frame="BoneRack"
			FrameSteerLeft="BoneRackLeft"
			FrameSteerRight="BoneRackRight"
			RackHalfSizeZ="0.706"
		/>
		<Steam Origin="(3.04; 1.154; 0)" />
		<SoundsWheels _template="Default" />
		<SoundsDamage _template="Scout" />
		<Sounds
			_template="Default"
			DisableReversePitch="false"
			Origin="(2.889; 1.071; 0)"
			MinDist="8.0"
		>
			<GearFail		Sound="trucks/common/truck_gear_wrong/truck_gear_wrong_small_modern" />
			<Reverse		Sound="trucks/khan_317_sentinel/khan_317_sentinel_reverse" />
			<BrakePull		Sound="" />
			<BrakeRelease	Sound="" />
			<BrakesSqueal	Sound="trucks/khan_317_sentinel/khan_317_sentinel_brakes_squeal" />
			<Gear			Sound="trucks/khan_317_sentinel/khan_317_sentinel_gear_shift" />
			<Handbrake		Sound="trucks/khan_317_sentinel/khan_317_sentinel_handbrake_on" />
			<HandbrakeOff	Sound="trucks/khan_317_sentinel/khan_317_sentinel_handbrake_off" />
			<AWD			Sound="trucks/hummer_h2/hummer_h2_awd" />
			<Honk			Sound="trucks/khan_317_sentinel/khan_317_sentinel_honk" />
			<EngineRev		Sound="" />
			<EngineAccel	Sound="trucks/khan_317_sentinel/khan_317_sentinel_acc" />
			<EngineStart	Sound="trucks/khan_317_sentinel/khan_317_sentinel_start" />
			<EngineStop		Sound="trucks/khan_317_sentinel/khan_317_sentinel_stop" />
			<EngineIdle		Sound="trucks/khan_317_sentinel/khan_317_sentinel_idle" />
			<EngineIdle_2d	Sound="trucks/khan_317_sentinel/khan_317_sentinel_idle_2d"	IsSound2D="true" />
			<EngineLow		Sound="trucks/khan_317_sentinel/khan_317_sentinel_low" />
			<EngineLow_2d	Sound="trucks/khan_317_sentinel/khan_317_sentinel_low_2d"	IsSound2D="true" />
			<EngineHigh		Sound="trucks/khan_317_sentinel/khan_317_sentinel_high" />
			<EngineHigh_2d	Sound="trucks/khan_317_sentinel/khan_317_sentinel_high_2d"	IsSound2D="true" />
			<EngineHeavy	Sound="" />
			<EngineHeavy_2d	Sound=""	IsSound2D="true" />
			<ChassisStress	Sound="trucks/hummer_h2/hummer_h2_chassis" />
			<AbruptStop		Sound="" />
		</Sounds>
		<Shakers>
			<Shaker Frame="BoneExhaust" MaxAngle="(1.1; 1.1; 1.1)" MaxFrequency="3" />
			<Shaker Frame="BoneGearstick" MaxAngle="(2; 2; 2)" MaxFrequency="0.25" />
		</Shakers>
		<Shafts>
			<Shaft Mesh="env/minishaft" SocketPointA="Shaft1a" SocketPointB="Shaft1b" />
			<Shaft Mesh="env/minishaft" SocketPointA="Shaft2a" SocketPointB="Shaft2b" />
			<Shaft Mesh="env/minishaft" SocketPointA="Shaft3a" SocketPointB="Shaft3b" />
		</Shafts>
		<OcclusionMap
			HalfSizeZ="1.8"
			Texture="trucks/occlusion/chassis_small__s_d_a.tga"
			MinX="-1.85"
			MaxX="4.3"
		/>
		<GearboxSocket Default="g_scout_default" Type="gearboxes_scouts" />
		<FuelTank DamageCapacity="25" />
		<Exhaust
			Dir="(-0.825; -0.293; -0.484)"
			IsLight="true"
			Origin="(-1.075; 0.577; 0.395)"
			Speed="2.0"
		/>
		<EngineSocket Default="ru_scout_modern_engine_0" Type="e_ru_scout_modern" />
		<Driver AnimationSet="Scout" Pos="(1.722; 1.144; 0.425)" SteeringWheelPos="(2.057; 1.531; 0.418)" />
		<Dashboard>
			<Gauge Damping="0.99" Dir="(-0.989; 0.148; 0)" InputRange="(0;1)" InputType="rpm" Mesh="trucks/arrows/khan_317_sentinel_arrows_1" Org="(2.368; 1.524; 0.509)" OutputAngles="(-115; 115)" />
			<Gauge Dir="(-0.989; 0.148; 0)" InputRange="(0;200)" InputType="speed" Mesh="trucks/arrows/khan_317_sentinel_arrows_1" Org="(2.368; 1.524; 0.328)" OutputAngles="(-116; 116)" />
			<Gauge Damping="0.99" Dir="(-0.989; 0.148; 0)" InputRange="(0;1)" InputType="engineEnabled" Mesh="trucks/arrows/khan_317_sentinel_arrows_2" Org="(2.368; 1.499; 0.509)" OutputAngles="(-126; -186)" />
			<Gauge Damping="0.99" Dir="(-0.989; 0.148; 0)" InputRange="(0;1)" InputType="fuel" Mesh="trucks/arrows/khan_317_sentinel_arrows_2" Org="(2.368; 1.499; 0.328)" OutputAngles="(-127; -233)" />
		</Dashboard>
		<Damage>
			<DamageArea Type="Engine" Min="(2.599; 0.75; -0.6)" Max="(3.7; 1.497; 0.6)" ParentFrame="BoneChassis_cdt" />
			<DamageArea Type="FuelTank" Min="(0.457; 0.4; -0.891)" Max="(1.466; 1; 0.891)" ParentFrame="BoneChassis_cdt" />
			<!-- Added -->
			<Multiplier Multiplier="0.20" Type="Wheels" />
			<Multiplier Multiplier="0.35" Type="Suspension" />
			<!-- Added -->
		</Damage>
		<CompatibleWheels OffsetZ="0.03" Scale="0.42" Type="wheels_scout1" />
		<CompatibleWheels OffsetZ="0.03" Scale="0.42" Type="wheels_scout2" />
		<CompatibleWheels OffsetZ="0.03" Scale="0.42" Type="wheels_scout_apache_1" />
		<CompatibleWheels OffsetZ="0.045" Scale="0.42" Type="wheels_scout_highway" />
		<CompatibleWheels OffsetZ="0.045" Scale="0.42" Type="wheels_scout_offroad" />
		<CompatibleWheels OffsetZ="0.08" Scale="0.42" Type="wheels_scout_mudtires" />
		<CompatibleWheels OffsetZ="0.03" Scale="0.42" Type="wheels_scout_yar_87" />
		<CompatibleWheels OffsetZ="0.02" Scale="0.47" Type="wheels_scout1" />
		<CompatibleWheels OffsetZ="0.05" Scale="0.47" Type="wheels_scout2" />
		<CompatibleWheels OffsetZ="0.05" Scale="0.47" Type="wheels_scout_apache_1" />
		<CompatibleWheels OffsetZ="0.045" Scale="0.47" Type="wheels_scout_highway" />
		<CompatibleWheels OffsetZ="0.045" Scale="0.47" Type="wheels_scout_offroad" />
		<CompatibleWheels OffsetZ="0.08" Scale="0.47" Type="wheels_scout_mudtires" />
		<CompatibleWheels OffsetZ="0.05" Scale="0.47" Type="wheels_scout_yar_87" />
        <CompatibleWheels OffsetZ="0.07" Scale="0.47" Type="wheels_scout_yar_871" />
		<CompatibleWheels OffsetZ="0.08" Scale="0.52" Type="wheels_scout2" />
		<CompatibleWheels OffsetZ="0.08" Scale="0.52" Type="wheels_scout_apache_1" />
		<CompatibleWheels OffsetZ="0.045" Scale="0.52" Type="wheels_scout_offroad" />
		<CompatibleWheels OffsetZ="0.08" Scale="0.52" Type="wheels_scout_mudtires" />
		<CompatibleWheels OffsetZ="0.08" Scale="0.52" Type="wheels_scout_yar_87" />
        <CompatibleWheels OffsetZ="0.10" Scale="0.52" Type="wheels_scout_yar_871" />
		<Camera Center="(-0.3; 0; 0)" RadiusMultiplier="0.8">
			<Cockpit
				_template="Default"
				WindshieldDiffuseTexture="trucks/khan_317_sentinel_glass__d_a.tga"
				WindshieldShadingTexture="trucks/khan_317_sentinel_glass__sh_d.tga"
				ViewPos="(1.63; 1.845; 0.425)"
			>
				<Rear
					HorTransitionEnd="-1.2"
					HorTransitionStart="-1.1"
					ViewPosOffset="(0.2; -0.1; 0.55)"
				/>
				<Mirror ClipDir="(-0.95; 0.136; -0.28)" FOVScale="1.1" MeshFrame="mirror_left" ReflectionDir="(-0.95; 0.136; -0.28)" Size="(0.235; 0.18)" Pos="(2.201; 1.599; 0.928)" />
				<Mirror ClipDir="(-0.848; 0.072; 0.524)" FOVScale="1.3" MeshFrame="mirror_right" ReflectionDir="(-0.848; 0.072; 0.524)" Size="(0.235; 0.18)" Pos="(2.186; 1.599; -0.916)" />
				<Mirror ClipDir="(-0.939; -0.079; 0.336)" FOVScale="2" MeshFrame="mirror_cab" ReflectionDir="(-0.939; -0.079; 0.336)" Size="(0.235; 0.09)" Pos="(2.085; 1.913; 0)" />
			</Cockpit>
		</Camera>
		<Axles>
			<Axle Frame="BoneAxleRear" />
			<Axle Frame="BoneAxleFront" />
		</Axles>
	</TruckData>
	<PhysicsModel Mesh="trucks/khan_317_sentinel">
		<NetSync Legacy="false" />
		<Body
			CenterOfMassOffset="(0; 0; 0)"
			ImpactType="Truck"
			Mass="1670"
			NetSync="pv"
		>
			<Body
				CenterOfMassOffset="(0; 0; 0)"
				ImpactType="Truck"
				Mass="1000"
				ModelFrame="BoneCabin_cdt"
				NetSync="pv"
			>
				<Constraint Type="Fixed" />
				<Body _template="SideMirror" ModelFrame="BoneMirrorLeft_cdt">
					<Constraint AxisLocal="(0; 1; 0)" />
				</Body>
				<Body _template="SideMirror" ModelFrame="BoneMirrorRight_cdt">
					<Constraint AxisLocal="(0; 1; 0)" />
				</Body>
				<Body _template="Belt" ModelFrame="BoneBelt1_cdt" />
				<Body _template="Belt" ModelFrame="BoneBelt2_cdt" />
				<Body _template="Sunshield" ModelFrame="BoneSunshieldL_cdt" />
				<Body _template="Sunshield" ModelFrame="BoneSunshieldR_cdt" />
				<Body _template="Key" ModelFrame="BoneKey1_cdt">
					<Body _template="Key" ModelFrame="BoneKey2_cdt">
						<Constraint AxisLocal="(1; 0; 0)" />
					</Body>
				</Body>
			</Body>
			<Body _template="TieRod" ModelFrame="BoneTieRod1_cdt">
				<Constraint
					AxisLocal="(0; 1; 0)"
					Name="TieRodSteer"
					MinLimit="-30"
					MaxLimit="30"
				/>
			</Body>
		</Body>
	</PhysicsModel>
	<ModelAttachments>
		<StopSignals>
			<Light _template="StopSignal" Color="g(102; 1; 1) x 4" Pos="(-1.384; 1.059; 0)" />
			<Flare _template="StopSignal" Pos="(-1.184; 1.246; 0.84)" />
			<Flare _template="StopSignal" Pos="(-1.184; 1.246; -0.84)" />
			<Flare _template="StopSignal" Size="0.4" Pos="(-1.188; 1.064; 0.836)" />
			<Flare _template="StopSignal" Size="0.4" Pos="(-1.188; 1.064; -0.836)" />
		</StopSignals>
		<ReverseSignals>
			<Light _template="ReverseSignal" Pos="(-1.186; 0.982; 0.823)" />
			<Light _template="ReverseSignal" Pos="(-1.186; 0.982; -0.823)" />
			<Flare _template="ReverseSignal" Size="0.3" Pos="(-1.186; 0.982; 0.823)" />
			<Flare _template="ReverseSignal" Size="0.3" Pos="(-1.186; 0.982; -0.823)" />
			<Flare _template="BlueStreak" Color="g(220; 220; 255) x 0.05" Dir="(-1; 0; 0)" Size="0.4" Pos="(-1.186; 0.982; 0.823)" />
			<Flare _template="BlueStreak" Color="g(220; 220; 255) x 0.05" Dir="(-1; 0; 0)" Size="0.4" Pos="(-1.186; 0.982; -0.823)" />
		</ReverseSignals>
		<Ignition>
			<Light _template="IgnitionSignalWhite" Color="g(255; 190; 100) x 0.4" Pos="(3.95; 1.209; 0.528)" ParentFrame="BoneCabin_cdt" />
			<Light _template="IgnitionSignalWhite" Color="g(255; 190; 100) x 0.4" Pos="(3.95; 1.209; -0.528)" ParentFrame="BoneCabin_cdt" />
			<Light _template="StopSignal" Color="g(102; 1; 1) x 4" Pos="(-1.384; 1.059; 0)" />
			<Flare _template="IgnitionSignalWhite" Size="0.3" Pos="(3.627; 1.209; 0.528)" />
			<Flare _template="IgnitionSignalWhite" Size="0.3" Pos="(3.627; 1.209; -0.528)" />
			<Flare _template="IgnitionSignalWhite" Color="g(255; 253; 246) x 0.4" Size="0.05" Pos="(3.677; 1.136; -0.572)" ParentFrame="BoneCabin_cdt" />
			<Flare _template="IgnitionSignalWhite" Color="g(255; 253; 246) x 0.4" Size="0.05" Pos="(3.684; 1.136; -0.544)" ParentFrame="BoneCabin_cdt" />
			<Flare _template="IgnitionSignalWhite" Color="g(255; 253; 246) x 0.4" Size="0.05" Pos="(3.692; 1.136; -0.517)" ParentFrame="BoneCabin_cdt" />
			<Flare _template="IgnitionSignalWhite" Color="g(255; 253; 246) x 0.4" Size="0.05" Pos="(3.701; 1.136; -0.489)" ParentFrame="BoneCabin_cdt" />
			<Flare _template="IgnitionSignalWhite" Color="g(255; 253; 246) x 0.4" Size="0.05" Pos="(3.71; 1.136; -0.462)" ParentFrame="BoneCabin_cdt" />
			<Flare _template="IgnitionSignalWhite" Color="g(255; 253; 246) x 0.4" Size="0.05" Pos="(3.677; 1.136; 0.572)" ParentFrame="BoneCabin_cdt" />
			<Flare _template="IgnitionSignalWhite" Color="g(255; 253; 246) x 0.4" Size="0.05" Pos="(3.684; 1.136; 0.544)" ParentFrame="BoneCabin_cdt" />
			<Flare _template="IgnitionSignalWhite" Color="g(255; 253; 246) x 0.4" Size="0.05" Pos="(3.692; 1.136; 0.517)" ParentFrame="BoneCabin_cdt" />
			<Flare _template="IgnitionSignalWhite" Color="g(255; 253; 246) x 0.4" Size="0.05" Pos="(3.701; 1.136; 0.489)" ParentFrame="BoneCabin_cdt" />
			<Flare _template="IgnitionSignalWhite" Color="g(255; 253; 246) x 0.4" Size="0.05" Pos="(3.71; 1.136; 0.462)" ParentFrame="BoneCabin_cdt" />
			<!-- <Flare _template="IgnitionSignalOrange" Dir="(0; 0; -1)" Pos="(3.539; 1.236; -0.789)" />
			<Flare _template="IgnitionSignalOrange" Dir="(0; 0; 1)" Pos="(3.539; 1.236; 0.789)" />
			<Flare _template="IgnitionSignalRed" Pos="(-1.203; 1.24; 0.8)" />
			<Flare _template="IgnitionSignalRed" Pos="(-1.203; 1.24; -0.8)" /> -->
			<Flare _template="IgnitionSignalRed" Pos="(-1.184; 1.246; 0.84)" />
			<Flare _template="IgnitionSignalRed" Pos="(-1.184; 1.246; -0.84)" />
			<!-- <Flare _template="Beacon" Size="0.4" Pos="(2.556; 1.333; -0.853)" />
			<Flare _template="Beacon" Size="0.4" Pos="(2.556; 1.333; 0.853)" /> -->
		</Ignition>
		<HeadLight>
			<Model _template="HeadLightRay" Org="(3.661; 1.187; 0.653)" />
			<Model _template="HeadLightRay" Org="(3.661; 1.187; -0.653)" />
			<Flare _template="HeadLight" Color="g(255; 235; 200) x 0.5" Size="0.3" Pos="(3.627; 1.209; 0.528)" />
			<Flare _template="HeadLight" Color="g(255; 235; 200) x 0.5" Size="0.3" Pos="(3.627; 1.209; -0.528)" />
			<Flare _template="HeadLight" Color="g(255; 253; 246) x 0.6" Size="0.2" Pos="(3.575; 1.185; 0.654)" />
			<Flare _template="HeadLight" Color="g(255; 253; 246) x 0.6" Size="0.2" Pos="(3.575; 1.185; -0.654)" />
			<Flare _template="BlueStreak" Color="g(220; 220; 255) x 0.07" Size="0.7" Pos="(3.661; 1.187; 0.653)" />
			<Flare _template="BlueStreak" Color="g(220; 220; 255) x 0.07" Size="0.7" Pos="(3.661; 1.187; -0.653)" />
		</HeadLight>
	</ModelAttachments>
	<Landmark Mesh="landmarks/khan_317_sentinel_lmk" MinScale="1.8" MaxScale="3.8" />
	<HeadLight _template="Default" Pos="(4.142; 0.963; 0)" />
	<GameData
		Country="RU,CAS"
		Price="19120"
		Recallable="true"
		UnlockByExploration="false"
		UnlockByRank="11"
	>
		<WinchSocket Pos="(3.792; 0.711; 0.307)" />
		<WinchSocket Pos="(3.792; 0.711; -0.307)" />
		<WinchSocket Pos="(-1.391; 0.51; 0)" />
		<WinchSocket Pos="(1.385; 0.604; 0.921)" />
		<WinchSocket Pos="(1.385; 0.604; -0.921)" />
		<UiDesc
			UiDesc="UI_VEHICLE_KHAN_317_SENTINEL_DESC"
			UiIcon30x30="scoutVehicleImg30"
			UiIcon328x458="shopImgKhan317Sentinel"
			UiIcon40x40="scoutVehicleImg"
			UiIconLogo="KhanLogo80"
			UiName="UI_VEHICLE_KHAN_317_SENTINEL_H2_NAME"
		/>
		<CustomizationCameras>
			<CameraPos FOV="32.0" InterestPosition="(4.8754;2.1673;-0.8001)" Name="roof_sticker" Position="(7.9131;5.9254;-0.3965)" />
			<CameraPos FOV="32.0" InterestPosition="(6.5798;2.2887;0.7548)" Interior="true" Name="sticker_1" Position="(4.7255;1.8225;-0.4275)" />
			<CameraPos FOV="32.0" InterestPosition="(1.3316;1.6924;-0.0)" MaxXRotation="360" MaxYRotation="360" MaxZoom="2" Name="addon_1" Position="(-8.5502;4.2727;9.3153)" />
			<CameraPos FOV="32.0" InterestPosition="(4.6745;0.253;-0.3407)" MaxXRotation="360" MaxYRotation="360" MaxZoom="2" Name="addon_2" Position="(-0.6345;5.6148;2.5696)" />
			<CameraPos FOV="32.0" InterestPosition="(6.5222;1.6401;1.1191)" Interior="true" Name="mirror_mount" Position="(4.6678;1.7223;-0.0632)" />
			<CameraPos FOV="32.0" InterestPosition="(5.4317;1.5543;1.8221)" MaxXRotation="360" MaxYRotation="360" MaxZoom="2" Name="side_r" Position="(0.7404;2.3868;4.9435)" />
			<CameraPos FOV="32.0" InterestPosition="(6.2158;0.9343;-0.7837)" MaxXRotation="360" MaxYRotation="360" MaxZoom="2" Name="hood_ornament" Position="(9.9007;2.0748;-1.3509)" />
			<CameraPos FOV="32.0" InterestPosition="(6.7573;0.9581;2.7993)" Interior="true" Name="sticker" Position="(5.0868;1.9011;-0.6413)" />
			<CameraPos FOV="32.0" InterestPosition="(6.6459;1.7622;-1.347)" Name="glass_sticker" Position="(10.1433;2.9089;-2.0325)" />
			<CameraPos FOV="32.0" InterestPosition="(7.0454;0.5763;0.1959)" MaxXRotation="360" MaxYRotation="360" MaxZoom="2" Name="door_r_sticker" Position="(3.5987;1.6689;3.824)" />
			<CameraPos FOV="32.0" InterestPosition="(7.5659;1.7741;-0.3443)" MaxXRotation="360" MaxYRotation="360" MaxZoom="2" Name="roof" Position="(11.8227;2.9804;1.9292)" />
			<CameraPos FOV="32.0" InterestPosition="(6.0598;0.9166;-0.6826)" Name="capote_sticker" Position="(10.8567;5.004;-0.9644)" />
			<CameraPos FOV="32.0" InterestPosition="(4.7683;0.6497;0.1947)" MaxXRotation="360" MaxYRotation="360" MaxZoom="2" Name="hoods" Position="(11.5146;1.8558;-3.6713)" />
			<CameraPos FOV="32.0" InterestPosition="(6.5798;2.2887;1.41)" Interior="true" Name="sticker_2" Position="(4.7255;1.8225;0.2277)" />
			<CameraPos FOV="32.0" InterestPosition="(5.1026;1.4194;-0.4712)" MaxXRotation="360" MaxYRotation="360" MaxZoom="2" Name="side_l" Position="(11.1009;4.0109;-3.3519)" />
			<CameraPos FOV="32.0" InterestPosition="(6.5222;1.3807;1.433)" Interior="true" Name="bubble_head" Position="(4.7313;1.7223;-0.4913)" />
			<CameraPos FOV="32.0" InterestPosition="(5.0383;0.1803;0)" MaxXRotation="360" MaxYRotation="360" MaxZoom="2" Name="wheels" Position="(10.0945;0.9888;-3.7651)" />
			<CameraPos FOV="32.0" InterestPosition="(5.1967;0.6607;-0.096)" MaxXRotation="360" MaxYRotation="360" MaxZoom="2" Name="default" Position="(13.6412;2.6701;-4.4023)" />
			<CameraPos FOV="32.0" InterestPosition="(5.2399;0.253;-0.5935)" MaxXRotation="360" MaxYRotation="360" MaxZoom="2" Name="rear" Position="(-1.3721;2.2188;2.556)" />
			<CameraPos FOV="32.0" InterestPosition="(5.2171;0.753;0.2633)" Name="door_l_sticker" Position="(3.8258;1.5295;-3.715)" />
		</CustomizationCameras>
		<CraneSocket Pos="(3.792; 0.711; 0.307)" />
        <CraneSocket Pos="(3.792; 0.711; -0.307)" />
        <CraneSocket Pos="(-1.391; 0.51; 0)" />
        <CraneSocket Pos="(1; 2.1; 0)" />
        <CraneSocket Pos="(1.385; 0.604; -0.921)" />
        <CraneSocket Pos="(1.385; 0.604; 0.921)" />
		<AddonSockets DefaultAddon="khan_317_sentinel_diff_lock_default">
			<Socket Names="Khan317SentinelDiffLock" />
		</AddonSockets>
		<!-- Modified -->
		<AddonSockets>
			<Socket Names="Khan317Horn1" />
		</AddonSockets>
		<AddonSockets>
			<Socket Names="Khan317Horn2" />
		</AddonSockets>
		<!-- Modified -->
		<AddonSockets> <!-- DefaultAddon="khan_317_sentinel_snorkel_default" -->
			<Socket Names="Khan317Snorkel" />
		</AddonSockets>
		<AddonSockets>
			<Socket Names="Khan317SpotLight" />
		</AddonSockets>
		<AddonSockets>
			<Socket Names="Khan317Visor1" />
			<Socket Names="Khan317Visor2" />
		</AddonSockets>
		<AddonSockets DefaultAddon="khan_317_sentinel_bumper_default">
			<Socket Names="khan317sentinelBumper" />
		</AddonSockets>
		<AddonSockets DefaultAddon="khan_317_sentinel_bumper_rear_default">
			<Socket Names="khan317sentinelRearBumper" />
			<Socket Names="khan317sentinelRearBumper1" />
		</AddonSockets>
		<AddonSockets>
			<Socket Names="khan317sentinelSideBumper" />
		</AddonSockets>
		<AddonSockets>
			<Socket Names="khan317sentinelRoofRack" NamesBlock="Khan317Horn2, Khan317SpotLight" />
		</AddonSockets>
		<AddonSockets>
			<Socket Names="khan317sentinelTrunk" />
		</AddonSockets>
		<AddonSockets>
			<Socket Names="ScautTrailer" Offset="(-1.392; 0.546; 0)">
				<AddonsShift Offset="(0; 0.08; 0)" Types="khan317sentinelRearBumper1" />
			</Socket>
		</AddonSockets>
		<!-- Added -->
		<AddonSockets>
            <Socket Names="RepairParts" Offset="(0; 0; 0)" /> 
        </AddonSockets>
		<!-- Added -->
		<AddonSockets>
			<Socket InCockpit="true" Names="khan317SentinelSticker_1x1_01" ParentFrame="BoneCabin_cdt" />
		</AddonSockets>
		<AddonSockets>
			<Socket InCockpit="true" Names="khan317SentinelSticker_1x1_02" ParentFrame="BoneCabin_cdt" />
		</AddonSockets>
		<AddonSockets>
			<Socket InCockpit="true" Names="khan317SentinelSticker_1x1_03" ParentFrame="BoneCabin_cdt" />
		</AddonSockets>
		<AddonSockets>
			<Socket InCockpit="true" Names="khan317SentinelSticker_1x2_01" ParentFrame="BoneSunshieldL_cdt" />
		</AddonSockets>
		<AddonSockets>
			<Socket InCockpit="true" Names="khan317SentinelSticker_1x2_02" ParentFrame="BoneSunshieldR_cdt" />
		</AddonSockets>
		<AddonSockets>
			<Socket InCockpit="true" Names="khan317SentinelSticker_1x4_01" ParentFrame="BoneCabin_cdt" />
		</AddonSockets>
		<AddonSockets>
			<Socket Names="khan317SentinelSticker_Roof" ParentFrame="BoneCabin_cdt" />
		</AddonSockets>
		<AddonSockets>
			<Socket Names="khan317SentinelSticker_Capote" ParentFrame="BoneCabin_cdt" />
		</AddonSockets>
		<AddonSockets>
			<Socket Names="khan317SentinelSticker_Door_L" ParentFrame="BoneCabin_cdt" />
		</AddonSockets>
		<AddonSockets>
			<Socket Names="khan317SentinelSticker_Door_R" ParentFrame="BoneCabin_cdt" />
		</AddonSockets>
		<AddonSockets>
			<Socket Names="khan317sentinel_GlassTop" ParentFrame="BoneCabin_cdt" />
		</AddonSockets>
		<AddonSockets>
			<Socket Names="stuffHoodKhan317Sentinel" ParentFrame="BoneCabin_cdt" />
		</AddonSockets>
		<AddonSockets>
			<Socket
				InCockpit="true"
				Names="StuffAirfreshener"
				Offset="(2.111; 1.883; -0.009)"
				ParentFrame="BoneCabin_cdt"
			/>
		</AddonSockets>
		<!--Added-->
		<AddonSockets>
			<Socket Names="AddonHornsSmall" NamesBlock="stuffHoodKhan317Sentinel" Offset="(3.7; 1.3; 0)" ParentFrame="BoneCabin_cdt" />
		</AddonSockets>
		<!--Added-->
	</GameData>
	<ControlledConstraints>
		<Constraint Id="chassis_steer" IsLinkedSteering="true" Name="TieRodSteer" />
	</ControlledConstraints>
	<AutomaticIK>
		<IKBone ModelFrame="BoneTieRod2" ParentFrame="BoneTieRod1_cdt">
			<IKJoint AxisLocal="(0; 0; 1)" Type="Hinge2" />
			<IKBone
				AttachOffset="(0; 0; 0)"
				AttachToFrame="BoneRack"
				ModelFrame="BoneTieRod3"
			>
				<IKJoint AxisLocal="(0; 0; 1)" Type="Slider" />
			</IKBone>
		</IKBone>
	</AutomaticIK>
</Truck>
