<_templates Include="trucks" />
<SuspensionSetVariants>
	<SuspensionSet
		_template="Normal"
		BrokenWheelDamageMultiplier="2"
		CriticalDamageThreshold="0.5"
		DamageCapacity="75"
		Name="tuz_16_actaeon_suspension_default"
	>
		<Suspension 
			Damping="0.3"
			BrokenSuspensionMax="0.1" 
			Height="0.1" 
			Strength="0.05" 
			SuspensionMin="-0.3" 
			WheelType="front" 
		/>
		<Suspension 
			Damping="0.3"
			BrokenSuspensionMax="0.2" 
			Height="0.1" 
			Strength="0.05" 
			SuspensionMin="-0.13" 
			WheelType="rear" 
		/>
		<GameData
			Price="4400"
			UnlockByExploration="false"
			UnlockByRank="1"
		>
			<UiDesc
				UiDesc="UI_SUSPENSION_DEFAULT_DESC"
				UiIcon30x30=""
				UiIcon40x40=""
				UiName="UI_SUSPENSION_DEFAULT_NAME"
			/>
		</GameData>
	</SuspensionSet>
	<SuspensionSet
		_template="High"
		BrokenWheelDamageMultiplier="2"
		CriticalDamageThreshold="0.6"
		DamageCapacity="90"
		Name="tuz_16_actaeon_suspension_high"
	>
		<Suspension 
			Damping="0.3"
			BrokenSuspensionMax="0.1" 
			Height="0.2" 
			Strength="0.04" 
			SuspensionMin="-0.3" 
			WheelType="front" 
		/>
		<Suspension 
			Damping="0.3"
			BrokenSuspensionMax="0.2" 
			Height="0.2" 
			Strength="0.04" 
			SuspensionMin="-0.16" 
			WheelType="rear" 
		/>
		<GameData
			Price="7900"
			UnlockByExploration="true"
			UnlockByRank="1"
		>
			<UiDesc
				UiDesc="UI_SUSPENSION_HIGH_DESC"
				UiIcon30x30=""
				UiIcon40x40=""
				UiName="UI_SUSPENSION_HIGH_NAME"
			/>
		</GameData>
	</SuspensionSet>
	<SuspensionSet
		_template="Active"
		BrokenWheelDamageMultiplier="2"
		CriticalDamageThreshold="0.6"
		DamageCapacity="60"
		Name="tuz_16_actaeon_suspension_active"
		DeviationDelta=".003"
	>
		<Suspension 
			Damping="0.4"
			BrokenSuspensionMax="0.1" 
			Height="0.1" 
			Strength="0.04" 
			SuspensionMin="-0.3" 
			WheelType="front" 
			DeviationMax="0.12"
		/>
		<Suspension 
			Damping="0.4"
			BrokenSuspensionMax="0.2" 
			Height="0.1" 
			Strength="0.04" 
			SuspensionMin="-0.13" 
			DeviationMax="0.12" 
			WheelType="rear" 
		/>
		<GameData
			Price="9800"
			UnlockByExploration="false"
			UnlockByRank="26"
		>
			<UiDesc
				UiDesc="UI_SUSPENSION_ACTIVE_DESC"
				UiIcon30x30=""
				UiIcon40x40=""
				UiName="UI_SUSPENSION_ACTIVE_NAME"
			/>
		</GameData>
	</SuspensionSet>
</SuspensionSetVariants>
