<_templates Include="trucks">
	<TruckTire>
		<Offroad _template="ROv2Heavy">
			<WheelTracks _template="Offroad" />
			<WheelSoftness _template="Soft" />
		</Offroad>
	</TruckTire>
</_templates>
<TruckWheels DamageCapacity="20" Radius="1" Width="1.418">
	<TruckTires>
		<TruckTire _template="Offroad" Mesh="wheels/tire_heavy_mudtires_single_tayga_1" Name="mudtires">
			<WheelFriction _template="Mudtires" SubstanceFriction="2.7"/>
			<GameData
				Price="8300"
				UnlockByExploration="false"
				UnlockByRank="17"
			>
				<UiDesc UiDesc="UI_ROv2_TIRE_MUDTIRE_TMHS_I_DESC" UiName="UI_TIRE_HEAVY_MUDTIRES_SINGLE_TAYGA_1_NAME" />
			</GameData>
		</TruckTire>
	</TruckTires>
	<TruckRims>
		<TruckRim Mesh="wheels/rim_heavy_mudtires_single_tayga_1" Name="rim">
			<GameData>
				<UiDesc UiDesc="UI_RIM_MEDIUM_MUDTIRES_SINGLE_ACTAEON_1_DESC" UiName="UI_RIM_MEDIUM_MUDTIRES_SINGLE_ACTAEON_1_NAME" />
			</GameData>
		</TruckRim>
	</TruckRims>
</TruckWheels>
