<_templates Include="trucks">
	<TruckTire>
		<Offroad _template="ROv2Medium" >
			<WheelTracks _template="Default" />
			<WheelTracks _template="DefaultDouble" Rear="true" />
			<WheelSoftness _template="Stiff" />
			<WheelFriction _template="Offroad" />
		</Offroad>
	</TruckTire>
</_templates>
<TruckWheels
	DamageCapacity="25"
	Radius="1"
	Width="0.66"
	WidthRear="1.282"
>
	<TruckTires>
		<TruckTire _template="Offroad" Mesh="wheels/tire_step_39331_pike" Name="tire_1">
			<WheelFriction _template="Allterrain" BodyFrictionAsphalt="7.6" BodyFriction="4.0" SubstanceFriction="1.4" />
			<GameData
				Price="4900"
				UnlockByExploration="false"
				UnlockByRank="1"
			>
				<UiDesc UiDesc="UI_ROv2_TIRE_STEP_39331_PIKE_DESC" UiName="UI_TIRE_STEP_3364_CROCODILE_NAME" />
			</GameData>
		</TruckTire>
	</TruckTires>
	<TruckRims>
		<TruckRim Mesh="wheels/rim_step_39331_pike" Name="rim_1">
			<GameData>
				<UiDesc UiDesc="UI_RIM_STEP_39331_PIKE_DESC" UiName="UI_RIM_STEP_39331_PIKE_NAME" />
			</GameData>
		</TruckRim>
	</TruckRims>
</TruckWheels>
