<_templates Include="trucks">
	<TruckTire>
		<Mudtires _template="ROv2Superheavy">
			<WheelTracks _template="Offroad" />
			<WheelFriction _template="HeavyMudtires" />
		</Mudtires>
	</TruckTire>
</_templates>
<TruckWheels DamageCapacity="35" Radius="1" Width="0.731">
	<TruckTires>
		<TruckTire _template="Mudtires" Mesh="wheels/tire_base_kirovets_k7m" Name="tire">
		<WheelFriction _template="HeavyMudtires" BodyFrictionAsphalt="5.2" BodyFriction="4.2" SubstanceFriction="3.3" />
			<GameData
				Price="8700"
				UnlockByExploration="false"
				UnlockByRank="1"
			>
				<UiDesc UiDesc="UI_ROv2_TIRE_K-7M_DESC" UiName="K-7M" />
			</GameData>
			<WheelSoftness RadiusOffset="0.065" SoftForceScale="0.38" />
			<WheelTracks
                TextureAlpha="tracks/kirovets_k7m_base_alpha__s_d.tga"
                TextureHeight="tracks/kirovets_k7m_base_height__s_d.tga"
			/>
		</TruckTire>
	</TruckTires>
	<TruckRims>
		<TruckRim Mesh="wheels/rim_base_kirovets_k7m" Name="rim">
			<GameData>
				<UiDesc UiDesc="UI_RIM_SUPERHEAVY_MUDTIRES_1_DESC" UiName="UI_RIM_SUPERHEAVY_MUDTIRES_1_NAME" />
			</GameData>
		</TruckRim>
	</TruckRims>
</TruckWheels>
