<_templates Include="trucks" />
<TruckWheels DamageCapacity="20" Radius="1" Width="0.66">
	<TruckTires>
		<TruckTire _template="ROv2Light" Mesh="wheels/tire_rezvani_hercules_6x6" Name="tire">
			<WheelTracks _template="Offroad" />
			<WheelSoftness _template="ScoutAverage" />
			<WheelFriction _template="ScoutOffroad" BodyFrictionAsphalt="8.2" BodyFriction="5.4" SubstanceFriction="1.8" />
			<GameData
				Price="8100"
				UnlockByExploration="false"
				UnlockByRank="1"
			>
				<UiDesc UiDesc="UI_ROv2_TIRE_OFFROAD_RZ-H_DESC" UiName="RZ-H" />
			</GameData>
		</TruckTire>
	</TruckTires>
	<TruckRims>
		<TruckRim Mesh="wheels/rim_rezvani_hercules_6x6" Name="rim">
			<GameData>
				<UiDesc UiDesc="UI_RIM_LAND_ROVER_DESC" UiName="UI_RIM_REZVANI_NAME" />
			</GameData>
		</TruckRim>
	</TruckRims>
</TruckWheels>
