<_templates Include="trucks">
	<TruckTire>
		<Offroad _template="ROv2Heavy">
			<WheelTracks _template="Offroad" />
			<WheelSoftness _template="HeavyStiff" />
		</Offroad>
		<Mudtires _template="ROv2Heavy">
			<WheelTracks _template="Offroad" />
			<WheelSoftness _template="HeavyStiff" />
			<!-- <WheelFriction _template="HeavyMudtires" /> -->
		</Mudtires>
	</TruckTire>
</_templates>
<TruckWheels DamageCapacity="25" Radius="1" Width="0.65">
	<TruckTires>
		<TruckTire _template="Offroad" Mesh="wheels/tire_derry_special_15c177" Width="0.92" Name="offroard_ds15c177">
			<WheelFriction
				_template="Offroad"
				BodyFriction="7.1" 
				BodyFrictionAsphalt="6.4" 
				SubstanceFriction="1.8"
			/>
			<GameData
				Price="6300"
				UnlockByExploration="false"
				UnlockByRank="11"
			>
				<UiDesc UiDesc="UI_ROv2_TIRE_DERRY_SPECIAL_15C177_DESC" UiName="TT A4-H" />
			</GameData>
		</TruckTire>
		<TruckTire _template="Mudtires" Mesh="wheels/tire_tatra_force_815_7" Width="0.92" Name="mudtire_t815">
		<WheelFriction _template="Mudtires" BodyFriction="4.4" SubstanceFriction="2.3"/>
			<GameData
				Price="7600"
				UnlockByExploration="false"
				UnlockByRank="1"
			>
				<UiDesc UiDesc="UI_ROv2_TIRE_MUDTIRE_T-MH_FO7_DESC" UiName="T-MH FO7" />
			</GameData>
		</TruckTire>
	</TruckTires>
	<TruckRims>
		<TruckRim Mesh="wheels/rim_derry_special_15c177" Name="rim_ds15c177">
			<GameData>
				<UiDesc UiDesc="UI_RIM_DERRY_SPECIAL_15C177_DESC" UiName="TT A4-R" />
			</GameData>
		</TruckRim>
		<TruckRim Mesh="wheels/rim_tatra_force_815_7" Name="rim_t815">
			<GameData>
				<UiDesc UiDesc="UI_RIM_SUPERHEAVY_MUDTIRES_1_DESC" UiName="FO7-M" />
			</GameData>
		</TruckRim>
	</TruckRims>
</TruckWheels>
