<_templates Include="trucks" />
<SuspensionSetVariants>
	<SuspensionSet
		_template="Normal"
		CriticalDamageThreshold="0.7"
		DamageCapacity="75"
		Name="rezvani_hercules_6x6_suspension_default"
	>
		<Suspension 
			Damping="0.5" 
			Height="0.06" 
			Strength="0.06" 
			WheelType="front" 
			BrokenSuspensionMax="0.15" 
			SuspensionMin="-0.2" 
		/>
		<Suspension 
			Damping="0.4" 
			Height="0.08" 
			Strength="0.03" 
			WheelType="rear" 
			BrokenSuspensionMax="0.15" 
			SuspensionMin="-0.25" 
		/>
		
		<GameData
			Price="2700"
			UnlockByExploration="false"
			UnlockByRank="19"
		>
			<UiDesc
				UiDesc="UI_SUSPENSION_DEFAULT_DESC"
				UiIcon30x30=""
				UiIcon40x40=""
				UiName="UI_SUSPENSION_DEFAULT_NAME"
			/>
		</GameData>
	</SuspensionSet>
	<SuspensionSet
		_template="High"
		CriticalDamageThreshold="0.7"
		DamageCapacity="90"
		Name="rezvani_hercules_6x6_suspension_high"
	>
		<Suspension 
			Damping="0.4" 
			Height="0.18" 
			Strength="0.05" 
			WheelType="front" 
			BrokenSuspensionMax="0.15" 
			SuspensionMin="-0.3" 
		/>
		
		<Suspension 
			Damping="0.4" 
			Height="0.2" 
			Strength="0.025"
			WheelType="rear" 
			BrokenSuspensionMax="0.15" 
			SuspensionMin="-0.45" 
		/>
		
		<GameData
			Price="5300"
			UnlockByExploration="false"
			UnlockByRank="28"
		>
			<UiDesc
				UiDesc="UI_SUSPENSION_HIGH_DESC"
				UiIcon30x30=""
				UiIcon40x40=""
				UiName="UI_SUSPENSION_HIGH_NAME"
			/>
		</GameData>
	</SuspensionSet>
</SuspensionSetVariants>
