<_templates Include="trucks" />
<SuspensionSetVariants>
	<SuspensionSet
		_template="Normal"
		BrokenWheelDamageMultiplier="2"
		CriticalDamageThreshold="0.5"
		DamageCapacity="60"
		Name="step_39331_pike_suspension_default"
	>
		<Suspension 
			Damping="0.5" 
			Height="0.05" 
			Strength="0.06" 
			WheelType="front" 
			BrokenSuspensionMax="0.1" 
			SuspensionMin="-0.3" 
		/>
		<Suspension 
			Damping="0.5" 
			Height="0.05" 
			Strength="0.07" 
			WheelType="rear" 
			BrokenSuspensionMax="0.1" 
			SuspensionMin="-0.25" 
		/>
		<GameData
			Price="4700"
			UnlockByExploration="false"
			UnlockByRank="1"
		>
			<UiDesc
				UiDesc="UI_SUSPENSION_DEFAULT_DESC"
				UiIcon30x30=""
				UiIcon40x40=""
				UiName="UI_SUSPENSION_DEFAULT_NAME"
			/>
		</GameData>
	</SuspensionSet>
	<SuspensionSet
		_template="High"
		BrokenWheelDamageMultiplier="2"
		CriticalDamageThreshold="0.5"
		DamageCapacity="75"
		Name="step_39331_pike_suspension_high"
	>
		<Suspension 
			Damping="0.5" 
			Height="0.1" 
			Strength="0.06" 
			WheelType="front" 
			BrokenSuspensionMax="0.1" 
			SuspensionMin="-0.35" 
		/>
		<Suspension 
			Damping="0.6" 
			Height="0.1" 
			Strength="0.08" 
			WheelType="rear" 
			BrokenSuspensionMax="0.1" 
			SuspensionMin="-0.30" 
		/>
		<GameData
			Price="4700"
			UnlockByExploration="false"
			UnlockByRank="1"
		>
			<UiDesc
				UiDesc="UI_SUSPENSION_HIGH_DESC"
				UiIcon30x30=""
				UiIcon40x40=""
				UiName="UI_SUSPENSION_HIGH_NAME"
			/>
		</GameData>
	</SuspensionSet>
</SuspensionSetVariants>
