<_templates Include="trucks" />
<SuspensionSetVariants>
	<SuspensionSet
		_template="Normal"
		BrokenWheelDamageMultiplier="2"
		CriticalDamageThreshold="0.6"
		DamageCapacity="75"
		Name="western_star_nf1424_suspension_default"
	>
		<Suspension 
			WheelType="front" 
			Height="0.16" 
			Strength="0.08" 
			Damping="0.4" 
			BrokenSuspensionMax="0.2" 
			SuspensionMin="-0.22" 
		/>
		<Suspension 
			WheelType="rear"
			Height="0.1"
			Strength="0.08"
			Damping="0.4"
			BrokenSuspensionMax="0.15" 
			SuspensionMin="-0.15" 
		/>
		<GameData
			Price="6800"
			UnlockByExploration="false"
			UnlockByRank="1"
		>
			<UiDesc
				UiDesc="UI_SUSPENSION_DEFAULT_DESC"
				UiIcon30x30=""
				UiIcon40x40=""
				UiName="UI_SUSPENSION_DEFAULT_NAME"
			/>
		</GameData>
	</SuspensionSet>
	
	<SuspensionSet
		_template="High"
		BrokenWheelDamageMultiplier="2"
		CriticalDamageThreshold="0.5"
		DamageCapacity="85"
		Name="western_star_nf1424_suspension_high"
	>
		<Suspension 
			Height="0.3" 
			Strength="0.07" 
			WheelType="front" 
			BrokenSuspensionMax=".25" 
			SuspensionMin="-0.3" 
			Damping="0.5"
		/>
		<Suspension 
			Height="0.23" 
			Strength="0.08" 
			WheelType="rear" 
			BrokenSuspensionMax=".25" 
			SuspensionMin="-0.25" 
			Damping="0.6"
		/>
		<GameData
			Price="7500"
			UnlockByExploration="false"
			UnlockByRank="24"
			>
			<UiDesc
				UiDesc="UI_SUSPENSION_HIGH_DESC"
				UiIcon30x30=""
				UiIcon40x40=""
				UiName="UI_SUSPENSION_HIGH_NAME"
			/>
		</GameData>
	</SuspensionSet>
	
	<SuspensionSet
		_template="Active"
		BrokenWheelDamageMultiplier="2"
		CriticalDamageThreshold="0.55"
		DamageCapacity="95"
		Name="western_star_nf1424_suspension_active"
		DeviationDelta=".050"
	>
		<Suspension 
			WheelType="front" 
			Height="0.17" 
			Strength="0.07" 
			SuspensionMin="-0.25" 
			SuspensionMax="0.3" 
			DeviationMax="0.05"
			BrokenSuspensionMax="0.2"
			Damping="0.4"
		/>
		
		<Suspension  
			Height="0.1" 
			Strength="0.075" 
			WheelType="rear" 
			SuspensionMin="-0.25" 
			SuspensionMax="0.3" 
			DeviationMax="0.05"
			Damping="0.5"
		/>
		<GameData
			Price="8300"
			UnlockByExploration="false"
			UnlockByRank="30"
		>
			<UiDesc
				UiDesc="UI_SUSPENSION_ACTIVE_DESC"
				UiIcon30x30=""
				UiIcon40x40=""
				UiName="UI_SUSPENSION_ACTIVE_NAME"
			/>
		</GameData>
	</SuspensionSet>
</SuspensionSetVariants>
