<TruckAddon>
	<WheelRepairsHide>
		<Mesh Frame="wheel" HideThreshold="0.0" />
	</WheelRepairsHide>
	<TruckData WheelRepairsCapacity="1"/>
	<PhysicsModel Mesh="trucks/derry_special_15c177_tunning/derry_special_15c177_spare_wheel_01">
		<Body ImpactType="Truck" Mass="100">
			<Constraint Type="Rigid" />
		</Body>
	</PhysicsModel>
	<GameData
		CameraPreset="side_r"
		Category="wheel_addon"
		Price="3000"
		UnlockByExploration="false"
		UnlockByRank="23"
	>
		<UiDesc
			UiDesc="UI_TUNING_SPARE_WHEEL_DESC"
			UiIcon30x30=""
			UiIcon40x40=""
			UiName="UI_TUNING_SPARE_WHEEL_NAME"
		/>
		<InstallSocket Type="DerrySpecial15c177SpareWheel" />
	</GameData>
</TruckAddon>
