<TruckAddon>
	<PhysicsModel Mesh="trucks/cargo/cargo_burnt_logs_medium_aramatsu_forester">
		<NetSync Legacy="false" />
		<Body
			CenterOfMassOffset="(0; 0; 0)"
			ImpactType="Foliage"
			Mass="4500"
			ModelFrame="BoneRoot_cdt"
		>
			<Constraint Type="Rigid" />
			<Body
				Collisions="All"
				ImpactType="Foliage"
				Mass="2700"
				ModelFrame="BonePrismaticShift_cdt"
			>
				<Constraint LinearLimitsX="(-.05; .05)" LinearLimitsZ="(-0.05; 0.05)" Type="Fixed">
					<Motor Damping="30000" Spring="10000" Type="Spring" />
				</Constraint>
			</Body>
		</Body>
	</PhysicsModel>
	<GameData>
		<SpawnLoadOrigin Position="(-.5; .5; 0)" />
		<Sounds
			InstallSound="cargo_manual/cargo_manual_logs_medium"
			TransportedSound=""
			ManualSound="cargo_manual/cargo_manual_logs_medium"
		/>
		<InstallSlot
			CargoAddonSubtype="AramatsuMedium"
			CargoLength="1"
			CargoType="CargoLogsMedium_Burnt"
			ManualLoads="3"
		/>
	</GameData>
</TruckAddon>
