<_templates Include="trucks">
	<TruckTire>
		<Mudtires _template="ROv2Heavy">
			<WheelTracks _template="Offroad" />
			<WheelSoftness _template="ScoutFoam" />
			<WheelFriction _template="HeavyMudtires" />
		</Mudtires>
	</TruckTire>
</_templates>
<TruckWheels DamageCapacity="35" Radius="1" Width="1.06">
	<TruckTires>
		<TruckTire _template="Mudtires" Mesh="wheels/tire_cat_th357_1" Name="mudtires_1">
			<GameData
				Price="8300"
				UnlockByExploration="false"
				UnlockByRank="1"
			>
				<UiDesc UiDesc="UI_ROv2_TIRE_MUDTIRE_TH357_DESC" UiName="UI_TIRE_CAT_TH357_1_NAME" />
			</GameData>
		</TruckTire>
	</TruckTires>
	<TruckRims>
		<TruckRim Mesh="wheels/rim_cat_th357_1" Name="rim_1">
			<GameData>
				<UiDesc UiDesc="UI_RIM_SUPERHEAVY_MUDTIRES_1_DESC" UiName="UI_RIM_SCAT_TH357_1_NAME" />
			</GameData>
		</TruckRim>
	</TruckRims>
</TruckWheels>
