<_templates Include="trucks">
	<TruckTire>
		<Mudtires _template="ROv2Heavy">
			<WheelTracks _template="Offroad" />
			<WheelSoftness _template="Soft" />
		</Mudtires>
	</TruckTire>
</_templates>
<TruckWheels DamageCapacity="25" Radius="1" Width="0.92">
	<TruckTires>
		<TruckTire _template="Mudtires" Mesh="wheels/tatra_t813_tire" Name="t813_mudtires">
			<WheelFriction _template="Mudtires" BodyFrictionAsphalt="5.7" BodyFriction="4.6" SubstanceFriction="2.2"/>
			<GameData
				Price="7500"
				UnlockByExploration="false"
				UnlockByRank="1"
			>
				<UiDesc UiDesc="UI_ROv2_TIRE_MUDTIRE_TA-8-13_DESC" UiName="TA-8-13" />
			</GameData>
		</TruckTire>
	</TruckTires>
	<TruckRims>
		<TruckRim Mesh="wheels/tatra_t813_rim" Name="rim">
			<GameData>
				<UiDesc UiDesc="UI_RIM_SUPERHEAVY_MUDTIRES_1_DESC" UiName="UI_RIM_SUPERHEAVY_MUDTIRES_1_NAME" />
			</GameData>
		</TruckRim>
	</TruckRims>
</TruckWheels>
