<TruckAddon>
	<PhysicsModel Mesh="trucks/cargo/cargo_logs_frame_addon_log_short">
		<NetSync Legacy="false" />
		<Body
			CenterOfMassOffset="(0; -0.3; 0)"
			Friction="0.1"
			ImpactType="Foliage"
			Mass="3000"
			ModelFrame="BoneRoot_cdt"
		>
			<Constraint Type="Rigid" />
			<Body 
				Collisions="Dynamic"
				ImpactType="Truck" 
				LinearDamping="1" 
				Mass="3000" 
				ModelFrame="BonePrismaticShift_cdt" 
			>
				<Constraint
					LinearLimitsX="(-0.2; 0.06)"
					LinearLimitsY="(0.0; 0.5)"
					LinearLimitsZ="(-0.03; 0.05)"
					Type="Fixed"
				>
					<Motor Damping="20000" Spring="100" Type="Spring" />
				</Constraint>
			</Body>
		</Body>
	</PhysicsModel>
	<GameData>
		<Sounds
			InstallSound="cargo_manual/cargo_manual_logs_medium"
			TransportedSound=""
			ManualSound="cargo_manual/cargo_manual_logs_medium"
		/>
		<SpawnLoadOrigin Position="(-3; 1; 0.000)" />        
		<RequiredAddon Types="frame_addon_log_short" />
		<InstallSlot CargoLength="1" CargoType="CargoLogsShort" CargoAddonSubtype="FrameAddonLog" ManualLoads="3" />
		<!--<InstallSlot CargoLength="1" CargoType="CargoLogsShort" ManualLoads="3" />-->
        </GameData>
</TruckAddon>
