<_templates Include="trucks">
	<TruckTire>
		<Mudtires _template="ROv2HeavyCAT">
			<WheelTracks _template="Default" />
			<WheelTracks _template="DefaultDouble" Rear="true" />
			<WheelSoftness _template="HeavyStiff" />
			<WheelFriction _template="Mudtires" />
		</Mudtires>
	</TruckTire>
</_templates>
<TruckWheels
	DamageCapacity="35"
	Radius="1"
	Width="0.689"
	WidthRear="1.3"
>
	<TruckTires>
		<TruckTire _template="Mudtires" Mesh="wheels/tire_double_cat_770g" Name="mudtires_1">
			<WheelFriction _template="Mudtires" BodyFriction="4.5" SubstanceFriction="2.4" />
			<GameData
				Price="7500"
				UnlockByExploration="false"
				UnlockByRank="15"
			>
				<UiDesc UiDesc="UI_ROv2_TIRE_MUDTIRE_C-770G_DESC" UiName="C-770G" />
			</GameData>
		</TruckTire>
	</TruckTires>
	<TruckRims>
		<TruckRim Mesh="wheels/rim_double_cat_770g" Name="rim_1">
			<GameData>
				<UiDesc UiDesc="UI_RIM_MUDTIRES_DESC" UiName="UI_RIM_MUDTIRES_SUPERHEAVY_CAT770G_DOUBLE_1_NAME" />
			</GameData>
		</TruckRim>
	</TruckRims>
</TruckWheels>
