<TruckAddon IsChassisFullOcclusion="true">
	<TruckData FuelCapacity="1980" RepairsCapacity="65">
		<LimitedFluid
			Center="(-1.683; 1.748; 0)"
			LengthX="3.142"
			RadiusY="0.563"
			RadiusZ="0.859"
			Type="Cylinder"
		/>
	</TruckData>
	<PhysicsModel Mesh="trucks/addons/step_3364_crocodile_tank">
		<Body Mass="600">
			<Constraint Type="Rigid" />
		</Body>
	</PhysicsModel>
	<GameData
		CameraPreset="addon_1"
		Category="frame_addons"
		IsCustomizable="true"
		Price="4200"
		UnlockByExploration="false"
		UnlockByRank="4"
	>
		<UiDesc
			UiDesc="UI_ADDON_FRAME_STEP_3364_CROCODILE_TANK_DESC"
			UiIcon30x30=""
			UiIcon40x40=""
			UiName="UI_ADDON_FRAME_TANK_NAME"
		/>
		<InstallSocket Type="Step3364CrocodileTank" />
	</GameData>
	<FuelMass>
		<Body Mass="1683" />
	</FuelMass>
</TruckAddon>
