<_templates Include="trucks">
	<Wheel>
		<RearWheel
			ConnectedToHandbrake="true"
			Location="rear"
			Torque="default"
		/>
		<FrontWheel
			Location="front"
			SteeringAngle="34"
			SteeringCastor="0"
			SteeringJointOffset="0.08"
			Torque="default"
			ParentFrame="BoneCabin_cdt"
		/>
	</Wheel>
	<Socket>
		<Cabin2Chassis Offset="(0; 0; 0)" ParentFrame="BoneCabinDamper_cdt">
			<ExtraParent Frame="BoneChassis_cdt" />
		</Cabin2Chassis>
	</Socket>
	<Body>
		<Sunshield Collisions="None" Mass="3">
			<Constraint
				AxisLocal="(0; 0; 1)"
				Type="Hinge"
				MinLimit="-5"
				MaxLimit="5"
			>
				<Motor Damping="0.3" Spring="9" Type="Spring" />
			</Constraint>
		</Sunshield>
		<SideMirror Collisions="Default" Mass="5">
			<Constraint
				AxisLocal="(0; 1; 0)"
				Type="Hinge"
				MinLimit="-3"
				MaxLimit="3"
			>
				<Motor Damping="2.4" Spring="150" Type="Spring" />
			</Constraint>
		</SideMirror>
	</Body>
</_templates>
<Truck>
	<TruckData
		BackSteerSpeed="0.03"
		DiffLockType="Always"
		EngineIconMesh="env/engine_default"
		EngineIconScale="1.3"
		EngineStartDelay="0.8"
		ExhaustStartTime="0.9"
		FuelCapacity="150"
		Responsiveness="0.008"
		SteerSpeed="0.03"
		TruckImage="step3364crocodilemchr"
		TruckType="OFFROAD"
	>
		<WinchUpgradeSocket Default="w_medium_trucks_default" IsUpgradable="true" Type="winches_medium_trucks" />
		<Wheels
			DefaultRim="rim_1"
			DefaultTire="tire_1"
			DefaultWheelType="wheels_step_3364_crocodile"
		>
			<Wheel _template="FrontWheel" Pos="(2.058; 0.512; 0.85)" />
			<Wheel _template="FrontWheel" RightSide="true" Pos="(2.058; 0.512; 0.85)" />
			<Wheel _template="RearWheel" Pos="(-2; 0.512; 0.87)" />
			<Wheel _template="RearWheel" RightSide="true" Pos="(-2; 0.512; 0.87)" />
		</Wheels>
		<SuspensionSocket
			Default="step_3364_crocodile_suspension_default"
			Type="s_step_3364_crocodile"
			MaxWheelRadiusWithoutSuspension="0.28"
		/>
		<SteeringWheel Frame="BoneSteering" />
		<SteeringRack
			Frame="BoneRack"
			FrameSteerLeft="BoneRackLeft"
			FrameSteerRight="BoneRackRight"
			RackHalfSizeZ="0.685"
		/>
		<Steam Origin="(0; 0.9; 0)" />
		<SoundsWheels _template="Default" />
		<SoundsDamage _template="Heavy" />
		<Sounds
			_template="Default"
			AirHissInterval="12.0"
			DisableReversePitch="false"
			MinDist="10.0"
			Origin="(1.6; 1.2; 0)"
			ParentFrame="BoneCabin_cdt"
		>
			<Reverse		Sound="" />
			<EngineTrans	Sound="" />
			<BrakePull		Sound="trucks/step_3364_crocodile/step_3364_crocodile_brake_pull" />
			<BrakeRelease	Sound="trucks/step_3364_crocodile/step_3364_crocodile_brake_release" />
			<BrakesSqueal	Sound="trucks/step_3364_crocodile/step_3364_crocodile_brakes_squeal" />
			<Handbrake		Sound="trucks/step_3364_crocodile/step_3364_crocodile_handbrake_on" />
			<HandbrakeOff	Sound="trucks/step_3364_crocodile/step_3364_crocodile_handbrake_off" />
			<Honk			Sound="trucks/step_3364_crocodile/step_3364_crocodile_honk" />
			<EngineRev		Sound="trucks/step_3364_crocodile/step_3364_crocodile_rev" />
			<EngineAccel	Sound="trucks/step_3364_crocodile/step_3364_crocodile_acc" />
			<EngineStart	Sound="trucks/step_3364_crocodile/step_3364_crocodile_start" />
			<EngineStop		Sound="trucks/step_3364_crocodile/step_3364_crocodile_stop" />
			<EngineIdle		Sound="trucks/step_3364_crocodile/step_3364_crocodile_idle" />
			<EngineIdle_2d	Sound="trucks/step_3364_crocodile/step_3364_crocodile_idle_2d"	IsSound2D="true" />
			<EngineLow		Sound="trucks/step_3364_crocodile/step_3364_crocodile_low" />
			<EngineLow_2d	Sound="trucks/step_3364_crocodile/step_3364_crocodile_low_2d"	IsSound2D="true" />
			<EngineHigh		Sound="trucks/step_3364_crocodile/step_3364_crocodile_high" />
			<EngineHigh_2d	Sound="trucks/step_3364_crocodile/step_3364_crocodile_high_2d"	IsSound2D="true" />
			<EngineHeavy	Sound="" />
			<EngineHeavy_2d	Sound=""	IsSound2D="true" />
			<AbruptStop		Sound="trucks/common/truck_swing_big_rnd_set/truck_swing_big_rnd" />
		</Sounds>
		<Shafts>
			<Shaft SocketPointA="Shaft1a" SocketPointB="Shaft1b" />
			<Shaft SocketPointA="Shaft2a" SocketPointB="Shaft2b" />
			<Shaft SocketPointA="Shaft3a" SocketPointB="Shaft3b" />
		</Shafts>
		<OcclusionMap HalfSizeZ="1.8" MinX="-4" MaxX="3.5" />
		<LimitedFluid
			Center="(-0.672; 0.756; 0.718)"
			SizeX="0.773"
			SizeY="0.336"
			SizeZ="0.443"
			Type="Box"
		/>
		<Intake Dir="(1; 0; 0)" Origin="(2.75; 1.145; 0)" Size="1" />
		<GearboxSocket Default="g_truck_default" Type="gearboxes_trucks" />
		<FuelTank DamageCapacity="25" />
		<EngineSocket Default="ru_truck_old_engine_0" Type="e_ru_truck_old" />
		<Driver
			AnimationSet="Truck"
			Pos="(0.556; 1.34; 0.31)"
			SteeringWheelPos="(0.838; 1.668; 0.374)"
			ParentFrame="BoneCabinDamper_cdt"
		/>
		<Dashboard>
			<Gauge Dir="(0.961; -0.277; 0)" InputRange="(0;80)" InputType="speed" Mesh="trucks/arrows/step_3364_crocodile_arrow_1" Org="(1.086; 1.618; 0.335)" OutputAngles="(-42; -318)" />
			<Gauge Damping="0.99" Dir="(0.964; -0.267; 0)" InputRange="(0;1)" InputType="engineEnabled" Mesh="trucks/arrows/step_3364_crocodile_arrow_2" Org="(1.103; 1.665; 0.062)" OutputAngles="(-90; -220)" />
			<Gauge Damping="0.99" Dir="(0.962; -0.274; 0)" InputRange="(0;1)" InputType="engineEnabled" Mesh="trucks/arrows/step_3364_crocodile_arrow_2" Org="(1.103; 1.665; -0.062)" OutputAngles="(-60; -145)" />
			<Gauge Damping="0.99" Dir="(0.964; -0.267; 0)" InputRange="(0;1)" InputType="engineEnabled" Mesh="trucks/arrows/step_3364_crocodile_arrow_3" Org="(1.098; 1.658; 0.469)" OutputAngles="(-20; 5)" />
			<Gauge Damping="0.99" Dir="(-0.956; 0.294; 0)" InputRange="(0;1)" InputType="fuel" Mesh="trucks/arrows/step_3364_crocodile_arrow_3" Org="(1.074; 1.578; 0.421)" OutputAngles="(-20; 25)" />
			<Gauge Damping="0.99" Dir="(-0.963; 0.271; 0)" InputRange="(0;1)" InputType="engineEnabled" Mesh="trucks/arrows/step_3364_crocodile_arrow_3" Org="(1.074; 1.578; 0.25)" OutputAngles="(-13; 0)" />
			<Gauge Damping="0.99" Dir="(0.954; -0.3; 0)" InputRange="(0;1)" InputType="engineEnabled" Mesh="trucks/arrows/step_3364_crocodile_arrow_3" Org="(1.098; 1.657; 0.202)" OutputAngles="(0; 8)" />
		</Dashboard>
		<Damage>
			<DamageArea Type="Engine" Min="(1.2; 0.85; -0.35)" Max="(2.75; 1.6; 0.35)" ParentFrame="BoneCabin_cdt" />
			<DamageArea Type="FuelTank" Min="(-1.15; 0.55; -1)" Max="(-0.1; 0.95; 1)" ParentFrame="BoneChassis_cdt" />
			<!-- Added -->
			<Multiplier Multiplier="0.20" Type="Wheels" />
			<Multiplier Multiplier="0.35" Type="Suspension" />
			<!-- Added -->
		</Damage>
		<CompatibleWheels Scale="0.5" Type="wheels_step_3364_crocodile" />
		<CompatibleWheels OffsetZ="0.16" RearOffsetZ="0.13" Scale="0.52" Type="wheels_heavy_mudtires_tayga" />
		<CompatibleWheels OffsetZ="0.16" RearOffsetZ="0.03" Scale="0.5" Type="wheels_medium_double" />
		<CompatibleWheels OffsetZ="0.16" RearOffsetZ="0.03" Scale="0.5" Type="wheels_medium_highway_double" />
		<CompatibleWheels OffsetZ="0.16" RearOffsetZ="0.03" Scale="0.5" Type="wheels_medium_allterrain_double" />
		<CompatibleWheels OffsetZ="0.16" RearOffsetZ="0.03" Scale="0.5" Type="wheels_medium_offroad_double" />
		<CompatibleWheels OffsetZ="0.16" RearOffsetZ="0.03" Scale="0.5" Type="wheels_medium_mudtires_double" />
		<CompatibleWheels Scale="0.53" Type="wheels_step_3364_crocodile" />
		<CompatibleWheels OffsetZ="0.16" RearOffsetZ="0.03" Scale="0.53" Type="wheels_medium_double" />
		<CompatibleWheels OffsetZ="0.16" RearOffsetZ="0.03" Scale="0.53" Type="wheels_medium_highway_double" />
		<CompatibleWheels OffsetZ="0.16" RearOffsetZ="0.03" Scale="0.53" Type="wheels_medium_allterrain_double" />
		<CompatibleWheels OffsetZ="0.16" RearOffsetZ="0.03" Scale="0.53" Type="wheels_medium_offroad_double" />
		<CompatibleWheels OffsetZ="0.16" RearOffsetZ="0.03" Scale="0.53" Type="wheels_medium_mudtires_double" />
		<Camera Center="(-1; 0; 0)" ParentFrame="BoneCabinDamper_cdt">
			<Cockpit
				_template="Default"
				WindshieldDiffuseTexture="trucks/step_3364_crocodile_glass__d_a.tga"
				WindshieldShadingTexture="trucks/step_3364_crocodile_glass__sh_d.tga"
				ViewPos="(0.5; 1.98; 0.35)"
			>
				<Mirror ClipDir="(-0.814; 0.037; -0.579)" ClipOffset="0.1" CurveAngle="10" FOVScale="2" MeshFrame="mirror_left" ReflectionDir="(-0.814; 0.037; -0.579)" Size="(0.18; 0.18)" Pos="(0.784; 1.804; 1.267)" />
				<Mirror ClipDir="(-0.768; -0.014; 0.641)" ClipOffset="0.1" CurveAngle="10" FOVScale="2.5" MeshFrame="mirror_right" ReflectionDir="(-0.768; -0.014; 0.641)" Size="(0.18; 0.18)" Pos="(0.825; 1.843; -1.236)" />
			</Cockpit>
		</Camera>
		<Axles>
			<Axle Frame="BoneAxle1" />
			<Axle Frame="BoneAxle2" />
		</Axles>
	</TruckData>
	<PhysicsModel Mesh="trucks/step_3364_crocodile">
		<NetSync Legacy="false" />
		<Body
			CenterOfMassOffset="(-0.2; 0; -0.2)"
			ImpactType="Truck"
			Mass="1950"
			ModelFrame="BoneChassis_cdt"
			NetSync="pv"
		>
			<Body
				CenterOfMassOffset="(-0.5; 0; 0)"
				ImpactType="Truck"
				Mass="500"
				ModelFrame="BoneCabin_cdt"
				NetSync="pv"
			>
				<Constraint
					AxisLocal="(1; 0; 0)"
					PivotOffset="(0; 0; 0)"
					Type="Hinge"
					MinLimit="-22"
					MaxLimit="22"
				>
					<Motor Damping="15000" Spring="300000" Type="Spring" />
				</Constraint>
				<Body
					CenterOfMassOffset="(0; 0; 0)"
					ImpactType="Truck"
					Mass="1000"
					ModelFrame="BoneCabinDamper_cdt"
				>
					<Constraint
						AxisLocal="(1; 0; 0)"
						Type="Hinge"
						MinLimit="-8"
						MaxLimit="8"
					>
						<Motor Damping="12000" Spring="48000" Type="Spring" />
					</Constraint>
					<Body Collisions="None" Mass="1" ModelFrame="BoneCord_cdt">
						<Constraint
							AxisLocal="(0; 0; 1)"
							Collisions="None"
							Type="Hinge"
							MinLimit="-20"
							MaxLimit="2"
						>
							<Motor Damping="0.1" Spring="1" Type="Spring" />
						</Constraint>
					</Body>
					<Body _template="SideMirror" ModelFrame="BoneMirrorLeft_cdt" />
					<Body _template="SideMirror" ModelFrame="BoneMirrorRight_cdt" />
					<Body _template="Sunshield" ModelFrame="BoneSunshield_cdt" />
				</Body>
				<!--<Body _template="TieRod" ModelFrame="BoneTieRod_cdt">
					<Constraint
						AxisLocal="(0; 0; 1)"
						Name="TieRodSteer"
						MinLimit="-25"
						MaxLimit="25"
					/>
				</Body>-->
			</Body>
		</Body>
	</PhysicsModel>
	<ModelAttachments>
		<StopSignals>
			<Light _template="StopSignal" Pos="(-3.8; 0.8; 0)" />
			<Flare _template="StopSignal" Color="g(255; 0; 0) x 0.7" Size="0.4" Pos="(-3.578; 0.792; -0.631)" />
			<Flare _template="StopSignal" Color="g(255; 0; 0) x 0.7" Size="0.4" Pos="(-3.578; 0.792; 0.631)" />
		</StopSignals>
		<!--<ReverseSignals>
			<Light _template="ReverseSignal" Color="g(255; 230; 215) x 2" Pos="(-3.469; 0.793; 0.361)" />
			<Flare _template="ReverseSignal" Dir="(-1; 0; 0)" Pos="(-3.469; 0.793; 0.361)" />
		</ReverseSignals>-->
		<Ignition>
			<Light _template="IgnitionSignalRed" Pos="(-3.8; 0.8; 0)" />
			<Light _template="IgnitionSignalWhite" Color="g(240; 200; 165) x 1.0" Pos="(3.2; 0.8; 0)" ParentFrame="BoneCabin_cdt" />
			<Flare _template="IgnitionSignalRed" Size="0.4" Pos="(-3.578; 0.792; -0.631)" />
			<Flare _template="IgnitionSignalRed" Size="0.4" Pos="(-3.578; 0.792; 0.631)" />
			<Flare _template="IgnitionSignalWhite" Color="g(255; 235; 215) x 0.5" Size="0.5" Pos="(2.662; 1.212; -0.865)" ParentFrame="BoneCabin_cdt" />
			<Flare _template="IgnitionSignalWhite" Color="g(255; 235; 215) x 0.5" Size="0.5" Pos="(2.662; 1.212; 0.865)" ParentFrame="BoneCabin_cdt" />
		</Ignition>
		<HeadLight>
			<Model _template="HeadLightRay" Org="(2.662; 1.212; -0.865)" ParentFrame="BoneCabin_cdt" />
			<Model _template="HeadLightRay" Org="(2.662; 1.212; 0.865)" ParentFrame="BoneCabin_cdt" />
			<Flare _template="HeadLight" Color="g(255; 235; 215) x 0.5" Size="0.5" Pos="(2.662; 1.212; -0.865)" ParentFrame="BoneCabin_cdt" />
			<Flare _template="HeadLight" Color="g(255; 235; 215) x 0.5" Size="0.5" Pos="(2.662; 1.212; 0.865)" ParentFrame="BoneCabin_cdt" />
			<Flare _template="BlueStreak" Pos="(2.662; 1.212; -0.865)" ParentFrame="BoneCabin_cdt" />
			<Flare _template="BlueStreak" Pos="(2.662; 1.212; 0.865)" ParentFrame="BoneCabin_cdt" />
		</HeadLight>
	</ModelAttachments>
	<Landmark Mesh="landmarks/step_3364_crocodile_lmk" MinScale="1.8" MaxScale="3.8" />
	<HeadLight _template="Default" Pos="(3.2; 0.8; 0)" />
	<GameData Country="RU,CAS" Price="72530" UnlockByRank="17">
		<WinchSocket Pos="(2.881; 0.925; -0.438)" ParentFrame="BoneCabin_cdt" />
		<WinchSocket Pos="(2.881; 0.925; 0.438)" ParentFrame="BoneCabin_cdt" />
		<WinchSocket Pos="(-1.21; 0.748; -0.426)" />
		<WinchSocket Pos="(-1.21; 0.748; 0.426)" />
		<WinchSocket Pos="(-3.061; 0.794; -0.427)" />
		<WinchSocket Pos="(-3.061; 0.794; 0.427)" />
		<UiDesc
			UiDesc="UI_VEHICLE_STEP_3364_CROCODILE_DESC"
			UiIcon30x30="offroadVehicleImg30"
			UiIcon328x458="shopImgStep3364Crocodile"
			UiIcon40x40="offroadVehicleImg"
			UiIconLogo="StepLogo80"
			UiName="UI_VEHICLE_STEP_3364_CROCODILE_NAME"
		/>
		<CustomizationCameras>
			<CameraPos FOV="32.0" Name="roof_sticker" InterestPosition="(4.132; 0.199; -0.535)" Position="(8.594; 5.974; -0.63)" />
			<CameraPos FOV="32.0" Interior="true" Name="sticker_1" InterestPosition="(5.132; 1.824; 0.886)" Position="(4.524; 1.997; -0.654)" />
			<CameraPos FOV="32.0" Name="addon_1" InterestPosition="(3.428; 1.213; 0.579)" MaxXRotation="360" MaxYRotation="360" MaxZoom="2" Position="(-3.577; 2.742; 7.179)" />
			<CameraPos FOV="32.0" Name="addon_2" InterestPosition="(4.066; 0.523; -0.192)" MaxXRotation="360" MaxYRotation="360" MaxZoom="2" Position="(8.434; 2.902; 5.717)" />
			<CameraPos FOV="32.0" Interior="true" Name="mirror_mount" InterestPosition="(8.187; 1.529; 1.028)" Position="(4.637; 2.008; -0.258)" />
			<CameraPos FOV="32.0" Name="side_r" InterestPosition="(4.728; 1.454; -0.64)" MaxXRotation="360" MaxYRotation="360" MaxZoom="2" Position="(9.705; 1.637; 4.844)" />
			<CameraPos FOV="32.0" Name="hood_ornament" InterestPosition="(3.103; 0.502; 1.197)" MaxXRotation="360" MaxYRotation="360" MaxZoom="2" Position="(9.04; 1.656; -1.054)" />
			<CameraPos FOV="32.0" Interior="true" Name="sticker" InterestPosition="(5.416; 1.344; 0.756)" Position="(4.919; 2.012; -0.132)" />
			<CameraPos FOV="32.0" Name="glass_sticker" InterestPosition="(5.602; 1.31; -0.767)" Position="(9.826; 2.823; 0.846)" />
			<CameraPos FOV="32.0" Name="door_r_sticker" InterestPosition="(6.356; 0.911; 0.614)" MaxXRotation="360" MaxYRotation="360" MaxZoom="2" Position="(3.008; 1.317; 3.895)" />
			<CameraPos FOV="32.0" Name="roof" InterestPosition="(7.253; 1.607; -0.08)" MaxXRotation="360" MaxYRotation="360" MaxZoom="2" Position="(12.521; 3.38; 3.017)" />
			<CameraPos FOV="32.0" Name="capote_sticker" InterestPosition="(5.823; 0.87; -0.407)" Position="(10.927; 3.805; -1.296)" />
			<CameraPos FOV="32.0" Name="hoods" InterestPosition="(6.507; 0.995; -0.954)" MaxXRotation="360" MaxYRotation="360" MaxZoom="2" Position="(12.171; 1.377; -1.669)" />
			<CameraPos FOV="32.0" Name="side_l" InterestPosition="(5.304; 0.8; -0.817)" MaxXRotation="360" MaxYRotation="360" MaxZoom="2" Position="(11.014; 2.008; 3.127)" />
			<CameraPos FOV="32.0" Interior="true" Name="bubble_head" InterestPosition="(8.316; 1.53; 1.22)" Position="(4.668; 2.024; -0.25)" />
			<CameraPos FOV="32.0" Name="wheels" InterestPosition="(4.983; 0.419; -0.465)" MaxXRotation="360" MaxYRotation="360" MaxZoom="2" Position="(9.772; 0.755; -3.365)" />
			<CameraPos FOV="32.0" Name="default" InterestPosition="(3.576; 0.544; 0.337)" MaxXRotation="360" MaxYRotation="360" MaxZoom="2" Position="(12.728; 2.221; -2.176)" />
			<CameraPos FOV="32.0" Name="rear" InterestPosition="(5.929; 0.792; -0.468)" MaxXRotation="360" MaxYRotation="360" MaxZoom="2" Position="(-0.649; 1.605; 1.978)" />
			<CameraPos FOV="32.0" Name="door_l_sticker" InterestPosition="(4.688; 0.964; -0.206)" Position="(3.303; 1.414; -3.775)" />
		</CustomizationCameras>
		<CraneSocket Pos="(2.881; 0.925; -0.438)" ParentFrame="BoneCabin_cdt" />
		<CraneSocket Pos="(2.881; 0.925; 0.438)" ParentFrame="BoneCabin_cdt" />
		<CraneSocket Pos="(-1.21; 0.748; -0.426)" />
		<CraneSocket Pos="(-1.21; 0.748; 0.426)" />
		<CraneSocket Pos="(-3.061; 0.794; -0.427)" />
		<CraneSocket Pos="(-3.061; 0.794; 0.427)" />
		<AddonSockets>
			<Socket Names="Semitrailer, SemitrailerOiltank" NamesBlock="SaddleHigh, MinicraneRU" Offset="(-2; 1.156; 0)" />
			<Socket Names="LargeSemitrailer, LargeSemitrailerOiltank" NamesBlock="SaddleLow, MinicraneRU" Offset="(-2; 1.325; 0)" />
			<Socket Names="Trailer" Offset="(-3.63; 0.793; 0)" />
		</AddonSockets>
		<AddonSockets>
			<!-- <Socket Names="BunkLog" Offset="()" /> -->
			<!-- <Socket Names="MinicraneRU" NamesBlock=" " Offset="(-2; 0.905; 0)" /> -->
			<Socket Names="SaddleLow" Offset="(-2; 0.86; 0)">
				<ExtraParent Frame="BoneChassis_cdt" Offset="(0; 0; -0.015)" />
				<ExtraParent Frame="BoneChassis_cdt" Offset="(0; 0; 0.015)" />
			</Socket>
			<Socket Names="SaddleHigh" Offset="(-2; 0.86; 0)">
				<ExtraParent Frame="BoneChassis_cdt" Offset="(0; 0; 0.06)" />
				<ExtraParent Frame="BoneChassis_cdt" Offset="(0; 0; -0.06)" />
			</Socket>
			<Socket Names="Step3364CrocodileSideboard" />
			<Socket Names="Step3364CrocodileTank" />
			<Socket Names="Step3364CrocodileKung" />
		</AddonSockets>
		<AddonSockets DefaultAddon="step_3364_crocodile_bumper_default">
			<Socket Names="Step3364CrocodileBumper" ParentFrame="BoneCabin_cdt" />
		</AddonSockets>
		<AddonSockets DefaultAddon="step_3364_crocodile_exhaust_default">
			<Socket Names="Step3364CrocodileExhaustDefault" ParentFrame="BoneCabin_cdt">
				<ExtraParent Frame="BoneChassis_cdt" />
			</Socket>
			<Socket Names="Step3364CrocodileExhaust" ParentFrame="BoneCabinDamper_cdt">
				<ExtraParent Frame="BoneCabin_cdt" />
				<ExtraParent Frame="BoneChassis_cdt" />
			</Socket>
		</AddonSockets>
		<AddonSockets>
			<Socket _template="Cabin2Chassis" Names="Step3364CrocodileRoofrack" NamesBlock="Step3364CrocodileBeacon" />
		</AddonSockets>
		<AddonSockets>
			<Socket Names="Step3364CrocodileWheelAddon" ParentFrame="BoneChassis_cdt">
				<ExtraParent Frame="BoneCabin_cdt" />
			</Socket>
		</AddonSockets>
		<AddonSockets>
			<Socket _template="Cabin2Chassis" Names="Step3364CrocodileSnorkel" />
		</AddonSockets>
		<AddonSockets>
			<Socket _template="Cabin2Chassis" Names="Step3364CrocodileSpotLight" />
		</AddonSockets>
		<AddonSockets>
			 <Socket _template="Cabin2Chassis" Names="Step3364CrocodileSpotLight2" />
        </AddonSockets>
        <AddonSockets>
			<Socket _template="Cabin2Chassis" Names="Step3364CrocodileBeacon" />
		</AddonSockets>
		<AddonSockets>
			<Socket _template="Cabin2Chassis" Names="Step3364CrocodileGabarite" />
		</AddonSockets>
		<AddonSockets>
			<Socket _template="Cabin2Chassis" Names="Step3364CrocodileVisor" />
		</AddonSockets>
		<AddonSockets>
			<Socket _template="Cabin2Chassis" Names="Step3364CrocodileHorn" />
		</AddonSockets>
		<!--Added-->
		<AddonSockets>
            <Socket Names="RepairParts" Offset="(0; 0; 0)" /> 
        </AddonSockets>
		<!--Added-->
		<AddonSockets>
			<Socket _template="Cabin2Chassis" InCockpit="true" Names="step3364CrocodileSticker_1x1_01" />
		</AddonSockets>
		<AddonSockets>
			<Socket _template="Cabin2Chassis" InCockpit="true" Names="step3364CrocodileSticker_1x1_02" />
		</AddonSockets>
		<AddonSockets>
			<Socket _template="Cabin2Chassis" InCockpit="true" Names="step3364CrocodileSticker_1x2_01" />
		</AddonSockets>
		<AddonSockets>
			<Socket _template="Cabin2Chassis" InCockpit="true" Names="step3364CrocodileSticker_1x2_02" />
		</AddonSockets>
		<AddonSockets>
			<Socket _template="Cabin2Chassis" InCockpit="true" Names="step3364CrocodileSticker_1x4_01" />
		</AddonSockets>
		<AddonSockets>
			<Socket _template="Cabin2Chassis" InCockpit="true" Names="step3364CrocodileSticker_1x4_02" />
		</AddonSockets>
		<AddonSockets>
			<Socket _template="Cabin2Chassis" Names="step3364CrocodileSticker_door_r" />
		</AddonSockets>
		<AddonSockets>
			<Socket _template="Cabin2Chassis" Names="step3364CrocodileSticker_door_l" />
		</AddonSockets>
		<AddonSockets>
			<Socket _template="Cabin2Chassis" Names="step3364CrocodileSticker_roof" />
		</AddonSockets>
		<AddonSockets>
			<Socket _template="Cabin2Chassis" InCockpit="true" Names="step3364CrocodileSticker_glassTop" />
		</AddonSockets>
		<AddonSockets>
			<Socket _template="Cabin2Chassis" InCockpit="true" Names="step3364CrocodileSticker_glassBottom" />
		</AddonSockets>
		<AddonSockets>
			<Socket
				_template="Cabin2Chassis"
				InCockpit="true"
				Names="StuffAirfreshener"
				Offset="(0.848; 2.156; 0.178)"
			/>
		</AddonSockets>
		<!--Added-->
		<AddonSockets>
			<Socket _template="Cabin2Chassis" InCockpit="true" Names="AddonHornsSmall" NamesBlock="" Offset="(2.48; 1.618; 0)" />
		</AddonSockets>
		<!--Added-->
	</GameData>
	<!--	<ControlledConstraints>
		<Constraint Id="chassis_steer" IsLinkedSteering="true" Name="TieRodSteer" />
	</ControlledConstraints>-->
	<!--	<AutomaticIK>
		<IKBone ModelFrame="BoneTieRodHinge2" ParentFrame="BoneTieRod_cdt">
			<IKJoint AxisLocal="(1; 0; 0)" Type="Hinge2" />
			<IKBone
				AttachOffset="(0; 0; 0)"
				AttachToFrame="BoneRackLeft"
				ModelFrame="BoneTieRodPrismatic"
			>
				<IKJoint AxisLocal="(1; 0; 0)" Type="Slider" />
			</IKBone>
		</IKBone>
		<IKBone ModelFrame="BoneTieRodPistonBase" ParentFrame="BoneCabin_cdt">
			<IKJoint AxisLocal="(0; 0; 1)" Type="Hinge" />
			<IKBone
				AttachOffset="(0; 0; 0)"
				AttachToFrame="BoneTieRodHinge2"
				ModelFrame="BoneTieRodPiston"
			>
				<IKJoint AxisLocal="(1; 0; 0)" Type="Slider" />
			</IKBone>
		</IKBone>
	</AutomaticIK>-->
</Truck>
