<ModelBrand ClipCamera="false" DynamicModel="true">
	<PhysicsModel>
		<Body
			Collisions="Dynamic"
			Friction="1.8"
			Mass="2300"
			NoSoftContacts="true"
		/>
	</PhysicsModel>
	<GameData PackSlotsNumber="1" LoadType="CargoCellulose">
		<CraneSocket Pos="(0.014; 1.171; 0.011)" />
		<WinchSocket Pos="(1.1; -0.05; 0)" />
		<WinchSocket Pos="(-1.1; -0.05; 0)" />
    </GameData>
	<Landmark Mesh="landmarks/cargo_unit_crate_large_1_lmk" MinScale="1.8" MaxScale="3.8"/>
</ModelBrand>
