<GearboxVariants>
	<Gearbox
		AWDConsumptionModifier="1.4"
		CriticalDamageThreshold="0.7"
		DamageCapacity="80"
		DamagedConsumptionModifier="1.9"
		FuelConsumption="3.3"
		IdleFuelModifier="0.3"
		Name="g_special_kenworth_963"
		MinBreakFreq="1.0"
		MaxBreakFreq="25.0"
	>
		<ReverseGear AngVel="1.0" FuelModifier="1.0" />
		<HighGear AngVel="14.0" FuelModifier="2.9" />
		<Gear AngVel="0.15" FuelModifier="2.2" />
		<Gear AngVel="1.5" FuelModifier="2.1" />
		<Gear AngVel="2.5" FuelModifier="2.0" />
		<Gear AngVel="3.7" FuelModifier="1.9" />
		<Gear AngVel="4.0" FuelModifier="1.8" />
		<Gear AngVel="5.3" FuelModifier="1.7" />
		<Gear AngVel="6.9" FuelModifier="1.6" />
		<Gear AngVel="8.7" FuelModifier="1.5" />
		<Gear AngVel="10.2" FuelModifier="1.4" />
		<Gear AngVel="12.7" FuelModifier="1.3" />
		<Gear AngVel="15.5" FuelModifier="1.2" />
		<Gear AngVel="19.3" FuelModifier="1.1" />
		<GameData
			Price="5200"
			UnlockByRank="1"
		>
			<UiDesc
				UiDesc="UI_GEARBOX_HIGHRANGE_DESC"
				UiIcon30x30=""
				UiIcon40x40=""
				UiName="UI_ROv2_GEARBOX_HIGHRANGE_NAME"
			/>
			<GearboxParams
				IsHighGearExists="true"
				IsLowerGearExists="true"
				IsLowerPlusGearExists="false"
				IsManualLowGear="false"
				IsLowerMinusGearExists="false"
			/>
		</GameData>
	</Gearbox>
	<Gearbox
		AWDConsumptionModifier="1.0"
		CriticalDamageThreshold="0.6"
		DamageCapacity="95"
		DamagedConsumptionModifier="1.6"
		FuelConsumption="2.0"
		IdleFuelModifier="0.3"
		Name="g_special_default"
		MinBreakFreq="0.0"
		MaxBreakFreq="15.0"
	>
		<ReverseGear AngVel="0.5" FuelModifier="0.9" />
		<HighGear AngVel="3.0" FuelModifier="2.5" />
		<Gear AngVel="0.15" FuelModifier="1.8" />
		<Gear AngVel="1.0" FuelModifier="1.7" />
		<Gear AngVel="1.8" FuelModifier="1.6" />
		<Gear AngVel="2.4" FuelModifier="1.5" />
		<Gear AngVel="3.3" FuelModifier="1.4" />
		<Gear AngVel="4.1" FuelModifier="1.3" />
		<Gear AngVel="5.2" FuelModifier="1.2" />
		<Gear AngVel="6.3" FuelModifier="1.1" />
		<Gear AngVel="7.7" FuelModifier="1.0" />
		<Gear AngVel="9.3" FuelModifier="0.9" />
		<GameData
			Price="6900"
			UnlockByExploration="false"
			UnlockByRank="1"
		>
			<GearboxParams 
				IsHighGearExists="true" 
				IsLowerGearExists="true" 
				IsLowerPlusGearExists="false" 
				IsLowerMinusGearExists="false"
			/>
			<UiDesc
				UiDesc="UI_GEARBOX_SPECIAL_DEFAULT_DESC"
				UiIcon30x30=""
				UiIcon40x40=""
				UiName="UI_ROv2_GEARBOX_SPECIAL_DEFAULT_NAME"
			/>
		</GameData>
	</Gearbox>
	<Gearbox
		AWDConsumptionModifier="1.0"
		CriticalDamageThreshold="0.7"
		DamageCapacity="115"
		DamagedConsumptionModifier="1.7"
		FuelConsumption="3.0"
		IdleFuelModifier="0.3"
		Name="g_special_offroad"
		MinBreakFreq="0.0"
		MaxBreakFreq="20.0"
	>
		<ReverseGear AngVel="0.7" FuelModifier="0.9" />
		<HighGear AngVel="4.0" FuelModifier="2.6" />
		<Gear AngVel="0.3" FuelModifier="1.9" />
		<Gear AngVel="0.6" FuelModifier="1.85" />
		<Gear AngVel="1.2" FuelModifier="1.8" />
		<Gear AngVel="1.7" FuelModifier="1.75" />
		<Gear AngVel="2.1" FuelModifier="1.7" />
		<Gear AngVel="2.8" FuelModifier="1.65" />
		<Gear AngVel="3.4" FuelModifier="1.6" />
		<Gear AngVel="4.0" FuelModifier="1.55" />
		<Gear AngVel="4.9" FuelModifier="1.5" />
		<Gear AngVel="5.5" FuelModifier="1.45" />
		<Gear AngVel="6.1" FuelModifier="1.4" />
		<Gear AngVel="6.9" FuelModifier="1.3" />
		<Gear AngVel="7.4" FuelModifier="1.2" />
		<Gear AngVel="8.1" FuelModifier="1.05" />
		<Gear AngVel="8.9" FuelModifier="0.95" />
		<Gear AngVel="9.7" FuelModifier="0.8" />
		<GameData
			Price="8100"
			UnlockByExploration="true"
			UnlockByRank="1"
		>
			<GearboxParams 
				IsHighGearExists="true" 
				IsLowerGearExists="true" 
				IsLowerPlusGearExists="true" 
				IsLowerMinusGearExists="true"
			/>
			<UiDesc
				UiDesc="UI_GEARBOX_SPECIAL_OFFROAD_DESC"
				UiIcon30x30=""
				UiIcon40x40=""
				UiName="UI_ROv2_GEARBOX_SPECIAL_OFFROAD_NAME"
			/>
		</GameData>
	</Gearbox>
	<Gearbox
		AWDConsumptionModifier="1.2"
		CriticalDamageThreshold="0.7"
		DamageCapacity="105"
		DamagedConsumptionModifier="1.9"
		FuelConsumption="4.0"
		IdleFuelModifier="0.3"
		Name="g_special_finetune"
		MinBreakFreq="0.0"
		MaxBreakFreq="25.0"
	>
		<ReverseGear AngVel="0.7" FuelModifier="0.9" />
        <HighGear AngVel="5.0" FuelModifier="2.4" />
        <Gear AngVel="0.2" FuelModifier="1.8" />
        <Gear AngVel="1.2" FuelModifier="1.7" />
        <Gear AngVel="1.8" FuelModifier="1.6" />
        <Gear AngVel="2.3" FuelModifier="1.5" />
        <Gear AngVel="3.1" FuelModifier="1.4" />
		<Gear AngVel="3.9" FuelModifier="1.3" />
		<Gear AngVel="4.5" FuelModifier="1.2" />
		<Gear AngVel="5.3" FuelModifier="1.1" />
		<Gear AngVel="6.1" FuelModifier="1.1" />
		<Gear AngVel="7.3" FuelModifier="1.1" />
		<Gear AngVel="8.4" FuelModifier="1.1" />
		<Gear AngVel="9.5" FuelModifier="1.1" />
		<GameData
			Price="9300"
			UnlockByExploration="true"
			UnlockByRank="1"
		>
			<GearboxParams 
				IsHighGearExists="true" 
				IsLowerGearExists="true" 
				IsLowerPlusGearExists="true" 
				IsLowerMinusGearExists="true"
				IsManualLowGear="true"
			/>
			<UiDesc
				UiDesc="UI_GEARBOX_SPECIAL_FINETUNE_DESC"
				UiIcon30x30=""
				UiIcon40x40=""
				UiName="UI_ROv2_GEARBOX_SPECIAL_FINETUNE_NAME"
			/>
		</GameData>
	</Gearbox>
</GearboxVariants>
