<_templates Include="trucks" />
<_parent File="krs_58_bandit_horn_1" />
<TruckAddon>
	<PhysicsModel Mesh="trucks/krs_58_bandit_tuning/krs_58_bandit_gabarite_3" />
	<ModelAttachments>
		<Ignition>
			<Flare _template="MarkerBeacon" Pos="(3.945; 3.158; -0.860)" />
			<Flare _template="MarkerBeacon" Pos="(3.945; 3.158; 0.860)" />
		</Ignition>
	</ModelAttachments>
	<GameData
		Price="400"
		UnlockByExploration="false"
		UnlockByRank="1"
	>
		<UiDesc
			UiDesc="UI_TUNING_LIGHTS_SIDE_CHROME_DESC"
			UiIcon30x30=""
			UiIcon40x40=""
			UiName="UI_TUNING_LIGHTS_SIDE_CHROME_NAME"
		/>
		<InstallSocket Type="krs58banditGabarite3" />
	</GameData>
</TruckAddon>