<_templates Include="trucks" />
<SuspensionSetVariants>
	<SuspensionSet
		_template="Normal"
		CriticalDamageThreshold="0.7"
		DamageCapacity="40"
		Name="jeep_cj7_renegade_suspension_default"
	>
		<Suspension Damping="0.2" Height="0.08" Strength="0.03" WheelType="front" BrokenSuspensionMax="0.15" SuspensionMin="-0.27" />
		<Suspension Damping="0.2" Height="0.12" Strength="0.03" WheelType="rear" BrokenSuspensionMax="0.15" SuspensionMin="-0.27" />
		<GameData
			Price="2700"
			UnlockByExploration="false"
			UnlockByRank="1"
		>
			<UiDesc
				UiDesc="UI_SUSPENSION_DEFAULT_DESC"
				UiIcon30x30=""
				UiIcon40x40=""
				UiName="UI_SUSPENSION_DEFAULT_NAME"
			/>
		</GameData>
	</SuspensionSet>
	<SuspensionSet
		_template="High"
		CriticalDamageThreshold="0.7"
		DamageCapacity="50"
		Name="jeep_cj7_renegade_suspension_high"
	>
		<Suspension Damping="0.2" Height="0.18" Strength="0.03" WheelType="front" BrokenSuspensionMax="0.15" SuspensionMin="-0.3" />
		<Suspension Damping="0.2" Height="0.22" Strength="0.03" WheelType="rear" BrokenSuspensionMax="0.15" SuspensionMin="-0.3" />
		<GameData
			Price="5300"
			UnlockByExploration="false"
			UnlockByRank="7"
		>
			<UiDesc
				UiDesc="UI_SUSPENSION_HIGH_DESC"
				UiIcon30x30=""
				UiIcon40x40=""
				UiName="UI_SUSPENSION_HIGH_NAME"
			/>
		</GameData>
	</SuspensionSet>
	<SuspensionSet
		_template="Ultimate"
		CriticalDamageThreshold="0.7"
		DamageCapacity="60"
		Name="jeep_cj7_renegade_suspension_ultimate"
	>
		<Suspension Damping="0.2" Height="0.48" Strength="0.01" WheelType="front" BrokenSuspensionMax="0.15" SuspensionMin="-0.43" />
		<Suspension Damping="0.2" Height="0.55" Strength="0.01" WheelType="rear" BrokenSuspensionMax="0.15" SuspensionMin="-0.43" />
		<GameData
			Price="7500"
			UnlockByExploration="false"
			UnlockByRank="13"
		>
			<UiDesc
				UiDesc="UI_SUSPENSION_ULTIMATE_DESC"
				UiIcon30x30=""
				UiIcon40x40=""
				UiName="UI_SUSPENSION_ULTIMATE_NAME"
			/>
		</GameData>
	</SuspensionSet>
</SuspensionSetVariants>
