<_templates Include="trucks" />
<SuspensionSetVariants>
	<SuspensionSet
		_template="Active"
		BrokenWheelDamageMultiplier="2"
		CriticalDamageThreshold="0.6"
		DamageCapacity="145"
		Name="tatra_phoenix_suspension_default"
		DeviationDelta=".001"
	>
		<Suspension Damping="0.6" Height="0.04" Strength="0.07" WheelType="front" SuspensionMin="-0.35" SuspensionMax="0.4" DeviationMax="0.1" />
		<Suspension Damping="0.6" Height="0.04" Strength="0.08" WheelType="rear" BrokenSuspensionMax="1" SuspensionMin="-0.3" SuspensionMax="0.5" DeviationMax="0.1" />
		<GameData
			Price="6000"
			UnlockByExploration="false"
			UnlockByRank="1"
		>
			<UiDesc
				UiDesc="UI_SUSPENSION_DEFAULT_DESC"
				UiIcon30x30=""
				UiIcon40x40=""
				UiName="UI_SUSPENSION_DEFAULT_NAME"
			/>
		</GameData>
	</SuspensionSet>
	<SuspensionSet
		_template="Active"
		BrokenWheelDamageMultiplier="2"
		CriticalDamageThreshold="0.6"
		DamageCapacity="165"
		Name="tatra_phoenix_suspension_ultimate"
		DeviationDelta=".001"
	>
		<Suspension Damping="0.6" Height="0.1" Strength="0.07" WheelType="front" SuspensionMin="-0.35" SuspensionMax="0.45" DeviationMax="0.1" />
		<Suspension Damping="0.6" Height="0.1" Strength="0.08" WheelType="rear" BrokenSuspensionMax="1" SuspensionMin="-0.35" SuspensionMax="0.5" DeviationMax="0.1" />
		<GameData
			Price="9700"
			UnlockByExploration="false"
			UnlockByRank="21"
		>
			<UiDesc
				UiDesc="UI_SUSPENSION_ULTIMATE_DESC"
				UiIcon30x30=""
				UiIcon40x40=""
				UiName="UI_SUSPENSION_ULTIMATE_NAME"
			/>
		</GameData>
	</SuspensionSet>
</SuspensionSetVariants>
