<TruckAddon IsChassisFullOcclusion="true">
	<TruckData FuelCapacity="60">
		<LimitedFluid Center="(-2.735; 1.026; 0.989)" SizeX="0.128" SizeY="0.305" SizeZ="0.360" Type="Box" />
		<LimitedFluid Center="(-2.939; 1.026; 0.989)" SizeX="0.128" SizeY="0.305" SizeZ="0.360" Type="Box" />
		<LimitedFluid Center="(-3.279; 1.026; 0.989)" SizeX="0.128" SizeY="0.305" SizeZ="0.360" Type="Box" />
	</TruckData>
	<PhysicsModel Mesh="trucks/step_3364_crocodile_tuning/step_3364_crocodile_sideboard">
		<Body Mass="400">
			<Constraint Type="Rigid" />
		</Body>
	</PhysicsModel>
	<GameData
		CameraPreset="addon_1"
		Category="frame_addons"
		IsCustomizable="true"
		Price="4900"
		UnlockByExploration="false"
		UnlockByRank="1"
	>
		<UiDesc
			UiDesc="UI_ADDON_FRAME_STEP_3364_CROCODILE_SIDEBOARD_DESC"
			UiIcon30x30=""
			UiIcon40x40=""
			UiName="UI_TUNING_FRAME_ADDON_SIDEBOARD_1_NAME"
		/>
		<InstallSocket Type="Step3364CrocodileSideboard" />
		<AddonSlots InitialOffset="(-1.879; 1.266; 0)" Quantity="1" />
	</GameData>
	<FuelHide>
		<Mesh Frame="fuel" HideThreshold="0.0" />
	</FuelHide>
</TruckAddon>
