<GearboxVariants>
	<Gearbox
		AWDConsumptionModifier="1.0"
		CriticalDamageThreshold="0.6"
		DamageCapacity="95"
		DamagedConsumptionModifier="1.6"
		FuelConsumption="2.0"
		IdleFuelModifier="0.35"
		Name="g_special_zikz_612h_default"
		MinBreakFreq="0.0"
		MaxBreakFreq="1.0"
	>
		<ReverseGear AngVel="0.3" FuelModifier="1.3" />
		<HighGear AngVel="2.2" FuelModifier="1.8" />
		<Gear AngVel="0.1" FuelModifier="1.6" />
		<Gear AngVel="1" FuelModifier="1.4" />
		<Gear AngVel="3.5" FuelModifier="1.2" />
		<GameData
			Price="3100"
			UnlockByExploration="false"
			UnlockByRank="1"
		>
			<GearboxParams 
				IsHighGearExists="true" 
				IsLowerGearExists="true" 
				IsLowerPlusGearExists="false" 
				IsLowerMinusGearExists="false"
			/>
			<UiDesc
				UiDesc="UI_GEARBOX_SPECIAL_DEFAULT_DESC"
				UiIcon30x30=""
				UiIcon40x40=""
				UiName="UI_ROv2_GEARBOX_ZIKZ_612H_DEFAULT_NAME"
			/>
		</GameData>
	</Gearbox>
	<Gearbox
		AWDConsumptionModifier="1.1"
		CriticalDamageThreshold="0.7"
		DamageCapacity="110"
		DamagedConsumptionModifier="1.7"
		FuelConsumption="3.0"
		IdleFuelModifier="0.3"
		Name="g_special_zikz_612h_offroad"
		MinBreakFreq="0.0"
		MaxBreakFreq="20.0"
	>
		<ReverseGear AngVel="0.3" FuelModifier="1.3" />
		<HighGear AngVel="3.5" FuelModifier="1.9" />
		<Gear AngVel="0.1" FuelModifier="1.8" />
		<Gear AngVel="0.5" FuelModifier="1.7" />
		<Gear AngVel="1.2" FuelModifier="1.58" />
		<Gear AngVel="2.5" FuelModifier="1.38" />
		<Gear AngVel="3.5" FuelModifier="1.3" />
		<Gear AngVel="4.9" FuelModifier="1.15" />
		<Gear AngVel="5.3" FuelModifier="1.0" />
		<GameData
			Price="5800"
			UnlockByExploration="false"
			UnlockByRank="29"
		>
			<GearboxParams 
				IsHighGearExists="true" 
				IsLowerGearExists="true" 
				IsLowerPlusGearExists="true" 
				IsLowerMinusGearExists="true"
			/>
			<UiDesc
				UiDesc="UI_GEARBOX_SPECIAL_OFFROAD_DESC"
				UiIcon30x30=""
				UiIcon40x40=""
				UiName="UI_ROv2_GEARBOX_ZIKZ_612H_OFFROAD_NAME"
			/>
		</GameData>
	</Gearbox>
	<Gearbox
		AWDConsumptionModifier="1.2"
		CriticalDamageThreshold="0.7"
		DamageCapacity="135"
		DamagedConsumptionModifier="1.9"
		FuelConsumption="4.0"
		IdleFuelModifier="0.3"
		Name="g_special_zikz_612h_finetune"
		MinBreakFreq="0.0"
		MaxBreakFreq="25.0"
	>
		<ReverseGear AngVel="0.7" FuelModifier="1.9" />
		<HighGear AngVel="4.0" FuelModifier="2.4" />
		<Gear AngVel="0.15" FuelModifier="2.1" />
		<Gear AngVel="0.8" FuelModifier="1.85" />
		<Gear AngVel="1.5" FuelModifier="1.7" />
		<Gear AngVel="2.5" FuelModifier="1.55" />
		<Gear AngVel="3.8" FuelModifier="1.4" />
		<Gear AngVel="4.2" FuelModifier="1.25" />
		<Gear AngVel="4.9" FuelModifier="1.1" />
		<Gear AngVel="5.5" FuelModifier="1.0" />
		<GameData
			Price="7300"
			UnlockByExploration="false"
			UnlockByRank="30"
		>
			<GearboxParams 
				IsHighGearExists="true" 
				IsLowerGearExists="true" 
				IsLowerPlusGearExists="true" 
				IsLowerMinusGearExists="true"
				IsManualLowGear="true"
			/>
			<UiDesc
				UiDesc="UI_GEARBOX_SPECIAL_FINETUNE_DESC"
				UiIcon30x30=""
				UiIcon40x40=""
				UiName="UI_ROv2_GEARBOX_ZIKZ_612H_FINETUNE_NAME"
			/>
		</GameData>
	</Gearbox>
</GearboxVariants>
