<_templates Include="trucks" />
<SuspensionSetVariants>
	<SuspensionSet
		_template="Normal"
		BrokenWheelDamageMultiplier="2"
		CriticalDamageThreshold="0.5"
		DamageCapacity="90"
		Name="boar_45318_suspension_default"
	>
		<Suspension 
			Damping="0.3"
			Height="0.25" 
			Strength="0.1" 
			WheelType="front" 
			BrokenSuspensionMax="0.1" 
			SuspensionMin="-0.3" 
		/>
		<Suspension 
			Damping="0.3"
			Height="0.15" 
			Strength="0.08" 
			WheelType="rear" 
			BrokenSuspensionMax="0.2" 
			SuspensionMin="-0.25" 
		/>
		<GameData
			Price="6000"
			UnlockByExploration="false"
			UnlockByRank="1"
		>
			<UiDesc
				UiDesc="UI_SUSPENSION_DEFAULT_DESC"
				UiIcon30x30=""
				UiIcon40x40=""
				UiName="UI_SUSPENSION_DEFAULT_NAME"
			/>
		</GameData>
	</SuspensionSet>
	<SuspensionSet
		_template="High"
		BrokenWheelDamageMultiplier="2"
		CriticalDamageThreshold="0.6"
		DamageCapacity="100"
		Name="boar_45318_suspension_high"
	>
		<Suspension 
			Damping="0.3"
			Height="0.25" 
			Strength="0.2" 
			WheelType="front" 
			BrokenSuspensionMax="0.1" 
			SuspensionMin="-0.35" 
		/>
		<Suspension 
			Damping="0.3"
			Height="0.25" 
			Strength="0.08" 
			WheelType="rear" 
			BrokenSuspensionMax="0.2" 
			SuspensionMin="-0.35" 
		/>
		<GameData
			Price="8100"
			UnlockByExploration="true"
			UnlockByRank="1"
		>
			<UiDesc
				UiDesc="UI_SUSPENSION_HIGH_DESC"
				UiIcon30x30=""
				UiIcon40x40=""
				UiName="UI_SUSPENSION_HIGH_NAME"
			/>
		</GameData>
	</SuspensionSet>
</SuspensionSetVariants>
