<_templates Include="trucks" />
<SuspensionSetVariants>
	<SuspensionSet
		_template="Normal"
		BrokenWheelDamageMultiplier="2"
		CriticalDamageThreshold="0.6"
		DamageCapacity="75"
		Name="paystar_5600ts_suspension_default"
	>
		<Suspension Damping="0.3" Height="0.08" Strength="0.12" WheelType="front" BrokenSuspensionMax="0.15" SuspensionMin="-0.25" />
		<Suspension Damping="0.4" Height="0.08" Strength="0.065" WheelType="rear" BrokenSuspensionMax="0.15" SuspensionMin="-0.3" />
		<GameData
			Price="4500"
			UnlockByExploration="false"
			UnlockByRank="1"
		>
			<UiDesc
				UiDesc="UI_SUSPENSION_DEFAULT_DESC"
				UiIcon30x30=""
				UiIcon40x40=""
				UiName="UI_SUSPENSION_DEFAULT_NAME"
			/>
		</GameData>
	</SuspensionSet>
	<SuspensionSet
		_template="High"
		BrokenWheelDamageMultiplier="2"
		CriticalDamageThreshold="0.7"
		DamageCapacity="85"
		Name="paystar_5600ts_suspension_high"
	>
		<Suspension Damping="0.4" Height="0.18" Strength="0.11" WheelType="front" BrokenSuspensionMax="0.15" SuspensionMin="-0.4" />
		<Suspension Damping="0.5" Height="0.2" Strength="0.062" WheelType="rear" BrokenSuspensionMax="0.15" SuspensionMin="-0.45" />
		<GameData
			Price="9400"
			UnlockByExploration="true"
			UnlockByRank="1"
		>
			<UiDesc
				UiDesc="UI_SUSPENSION_HIGH_DESC"
				UiIcon30x30=""
				UiIcon40x40=""
				UiName="UI_SUSPENSION_HIGH_NAME"
			/>
		</GameData>
	</SuspensionSet>
	<SuspensionSet
		_template="Ultimate"
		BrokenWheelDamageMultiplier="2"
		CriticalDamageThreshold="0.7"
		DamageCapacity="95"
		Name="paystar_5600ts_suspension_ultimate"
	>
		<Suspension Damping="0.4" Height="0.28" Strength="0.11" WheelType="front" BrokenSuspensionMax="0.15" SuspensionMin="-0.6" />
		<Suspension Damping="0.6" Height="0.3" Strength="0.062" WheelType="rear" BrokenSuspensionMax="0.15" SuspensionMin="-0.55" />
		<GameData
			Price="18300"
			UnlockByExploration="false"
			UnlockByRank="17"
		>
			<UiDesc
				UiDesc="UI_SUSPENSION_ULTIMATE_DESC"
				UiIcon30x30=""
				UiIcon40x40=""
				UiName="UI_SUSPENSION_ULTIMATE_NAME"
			/>
		</GameData>
	</SuspensionSet>
</SuspensionSetVariants>
