<_templates Include="trucks" />
<SuspensionSetVariants>
	<SuspensionSet
		_template="Normal"
		BrokenWheelDamageMultiplier="2"
		CriticalDamageThreshold="0.4"
		DamageCapacity="85"
		Name="pacific_p512_suspension_default"
	>
		<Suspension 
			Height="0.09" 
			Strength="0.06" 
			WheelType="front" 
			BrokenSuspensionMax=".25" 
			SuspensionMin="-0.3" 
			Damping="0.3"
		/>
		<Suspension 
			Height="0.11" 
			Strength="0.08" 
			WheelType="rear" 
			BrokenSuspensionMax=".25" 
			SuspensionMin="-0.3" 
			Damping="0.4"
		/>
		<GameData
			Price="6400"
			UnlockByExploration="false"
			UnlockByRank="1"
		>
			<UiDesc
				UiDesc="UI_SUSPENSION_DEFAULT_DESC"
				UiIcon30x30=""
				UiIcon40x40=""
				UiName="UI_SUSPENSION_DEFAULT_NAME"
			/>
		</GameData>
	</SuspensionSet>
	<SuspensionSet
		_template="High"
		BrokenWheelDamageMultiplier="2"
		CriticalDamageThreshold="0.4"
		DamageCapacity="90"
		Name="pacific_p512_suspension_high"
	>
		<Suspension 
			Height="0.19" 
			Strength="0.06" 
			WheelType="front" 
			BrokenSuspensionMax=".25" 
			SuspensionMin="-0.4" 
			Damping="0.4"
		/>
		<Suspension 
			Height="0.21" 
			Strength="0.08" 
			WheelType="rear" 
			BrokenSuspensionMax=".25" 
			SuspensionMin="-0.4" 
			Damping="0.6"
		/>
		<GameData
			Price="11520"
			UnlockByExploration="false"
			UnlockByRank="15"
		>
			<UiDesc
				UiDesc="UI_SUSPENSION_HIGH_DESC"
				UiIcon30x30=""
				UiIcon40x40=""
				UiName="UI_SUSPENSION_HIGH_NAME"
			/>
		</GameData>
	</SuspensionSet>
	<!--SuspensionSet
		_template="Ultimate"
		BrokenWheelDamageMultiplier="2"
		CriticalDamageThreshold="0.4"
		DamageCapacity="95"
		Name="pacific_p512_suspension_ultimate"
	>
		<Suspension 
			Height="0.49" 
			Strength="0.022" 
			WheelType="front" 
			BrokenSuspensionMax=".25" 
			SuspensionMin="-0.7" 
			Damping="0.15"
		/>
		<Suspension 
			Height="0.51" 
			Strength="0.017" 
			WheelType="rear" 
			BrokenSuspensionMax=".25" 
			SuspensionMin="-0.7" 
			Damping="0.1"
		/>
		<GameData
			Price="17280"
			UnlockByExploration="false"
			UnlockByRank="17"
		>
			<UiDesc
				UiDesc="UI_SUSPENSION_ULTIMATE_DESC"
				UiIcon30x30=""
				UiIcon40x40=""
				UiName="UI_SUSPENSION_ULTIMATE_NAME"
			/>
		</GameData>
	</SuspensionSet-->
</SuspensionSetVariants>
