<_templates>
	<Engine>
		<RUScoutOldEngine BrakesDelay="0.3" />
	</Engine>
</_templates>
<EngineVariants>
	<Engine
		_template="RUScoutOldEngine"
		CriticalDamageThreshold="0.7"
		DamageCapacity="40"
		DamagedConsumptionModifier="1.1"
		EngineResponsiveness="0.04"
		FuelConsumption="0.7"
		Name="ru_scout_old_engine_0"
		Torque="30000"
		DamagedMinTorqueMultiplier="1.0"
		DamagedMaxTorqueMultiplier="0.6"
		MaxDeltaAngVel="0.01"
	>
		<GameData
			Price="2460"
			UnlockByExploration="false"
			UnlockByRank="1"
		>
			<UiDesc
				UiDesc="UI_ENGINE_RU_SCOUT_OLD_0_DESC"
				UiIcon30x30=""
				UiIcon40x40=""
				UiName="UI_ROv2_ENGINE_RU_SCOUT_OLD_0_NAME"
			/>
		</GameData>
	</Engine>
	<Engine
		_template="RUScoutOldEngine"
		CriticalDamageThreshold="0.7"
		DamageCapacity="45"
		DamagedConsumptionModifier="1.3"
		EngineResponsiveness="0.09"
		FuelConsumption="1.0"
		Name="ru_scout_old_engine_1"
		Torque="47000"
		DamagedMinTorqueMultiplier="1.0"
		DamagedMaxTorqueMultiplier="0.7"
		MaxDeltaAngVel="0.01"
	>
		<GameData
			Price="7720"
			UnlockByExploration="true"
			UnlockByRank="1"
		>
			<UiDesc
				UiDesc="UI_ENGINE_RU_SCOUT_OLD_1_DESC"
				UiIcon30x30=""
				UiIcon40x40=""
				UiName="UI_ROv2_ENGINE_RU_SCOUT_OLD_1_NAME"
			/>
		</GameData>
	</Engine>
	<Engine
		_template="RUScoutOldEngine"
		CriticalDamageThreshold="0.8"
		DamageCapacity="50"
		DamagedConsumptionModifier="1.4"
		EngineResponsiveness="0.14"
		FuelConsumption="1.3"
		Name="ru_scout_old_engine_1_c"
		Torque="65000"
		DamagedMinTorqueMultiplier="1.0"
		DamagedMaxTorqueMultiplier="0.7"
		MaxDeltaAngVel="0.01"
	>
		<GameData
			Price="10360"
			UnlockByExploration="false"
			UnlockByRank="29"
		>
			<UiDesc
				UiDesc="UI_ENGINE_RU_SCOUT_OLD_2_DESC"
				UiIcon30x30=""
				UiIcon40x40=""
				UiName="UI_ROv2_ENGINE_RU_SCOUT_OLD_2_NAME"
			/>
		</GameData>
	</Engine>
	<Engine
		_template="RUScoutOldEngine"
		CriticalDamageThreshold="0.4"
		DamageCapacity="55"
		DamagedConsumptionModifier="1.5"
		EngineResponsiveness="0.16"
		FuelConsumption="1.5"
		Name="ru_scout_old_engine_2"
		Torque="77000"
		DamagedMinTorqueMultiplier="1.0"
		DamagedMaxTorqueMultiplier="0.7"
		MaxDeltaAngVel="0.01"
	>
		<GameData
			Price="15740"
			UnlockByExploration="true"
			UnlockByRank="1"
		>
			<UiDesc
				UiDesc="UI_ENGINE_RU_SCOUT_OLD_3_DESC"
				UiIcon30x30=""
				UiIcon40x40=""
				UiName="UI_ROv2_ENGINE_RU_SCOUT_OLD_3_NAME"
			/>
		</GameData>
	</Engine>
	<Engine
        _template="RUScoutOldEngine"
        CriticalDamageThreshold="0.9"
        DamageCapacity="60"
        DamagedConsumptionModifier="1.6"
        EngineResponsiveness="0.2"
        FuelConsumption="1.7"
        Name="ru_scout_old_engine_3"
        Torque="93000"
        DamagedMinTorqueMultiplier="1.0"
        DamagedMaxTorqueMultiplier="0.6"
        MaxDeltaAngVel="0.01"
    >
        <GameData
            Price="19170"
            UnlockByExploration="true"
            UnlockByRank="1"
        >
            <UiDesc
                UiDesc="UI_ENGINE_ROV2_CUSTOM_DESC"
                UiIcon30x30=""
                UiIcon40x40=""
                UiName="UI_ROv2_ENGINE_RU_SCOUT_OLD_C_NAME"
            />
        </GameData>
    </Engine>
</EngineVariants>
