<_templates>
	<Engine>
		<RUScoutModernEngine BrakesDelay="0.3" />
	</Engine>
</_templates>
<EngineVariants>
	<Engine
		_template="RUScoutModernEngine"
		CriticalDamageThreshold="0.7"
		DamageCapacity="40"
		DamagedConsumptionModifier="1.2"
		EngineResponsiveness="0.15"
		FuelConsumption="1.4"
		Name="ru_scout_modern_engine_0"
		Torque="70000"
		DamagedMinTorqueMultiplier="1.0"
		DamagedMaxTorqueMultiplier="0.6"
		MaxDeltaAngVel="0.01"
	>
		<GameData
			Price="3120"
			UnlockByExploration="false"
			UnlockByRank="1"
		>
			<UiDesc
				UiDesc="UI_ENGINE_RU_SCOUT_MODERN_0_DESC"
				UiIcon30x30=""
				UiIcon40x40=""
				UiName="UI_ROv2_ENGINE_RU_SCOUT_MODERN_0_NAME"
			/>
		</GameData>
	</Engine>
	<Engine
		_template="RUScoutModernEngine"
		CriticalDamageThreshold="0.7"
		DamageCapacity="50"
		DamagedConsumptionModifier="1.3"
		EngineResponsiveness="0.2"
		FuelConsumption="1.5"
		Name="ru_scout_modern_engine_0_c"
		Torque="80000"
		DamagedMinTorqueMultiplier="1.0"
		DamagedMaxTorqueMultiplier="0.7"
		MaxDeltaAngVel="0.01"
	>
		<GameData
			Price="7380"
			UnlockByExploration="false"
			UnlockByRank="28"
		>
			<UiDesc
				UiDesc="UI_ENGINE_RU_SCOUT_MODERN_1_DESC"
				UiIcon30x30=""
				UiIcon40x40=""
				UiName="UI_ROv2_ENGINE_RU_SCOUT_MODERN_1_NAME"
			/>
		</GameData>
	</Engine>
	<Engine
		_template="RUScoutModernEngine"
		CriticalDamageThreshold="0.8"
		DamageCapacity="55"
		DamagedConsumptionModifier="1.4"
		EngineResponsiveness="0.25"
		FuelConsumption="1.7"
		Name="ru_scout_modern_engine_1"
		Torque="90000"
		DamagedMinTorqueMultiplier="1.0"
		DamagedMaxTorqueMultiplier="0.8"
		MaxDeltaAngVel="0.01"
	>
		<GameData
			Price="10830"
			UnlockByExploration="true"
			UnlockByRank="1"
		>
			<UiDesc
				UiDesc="UI_ENGINE_RU_SCOUT_MODERN_2_DESC"
				UiIcon30x30=""
				UiIcon40x40=""
				UiName="UI_ROv2_ENGINE_RU_SCOUT_MODERN_CUSTOM_NAME"
			/>
		</GameData>
	</Engine>
	<Engine
		_template="RUScoutModernEngine"
		CriticalDamageThreshold="0.9"
		DamageCapacity="75"
		DamagedConsumptionModifier="1.4"
		EngineResponsiveness="0.3"
		FuelConsumption="1.9"
		Name="ru_scout_modern_engine_2"
		Torque="125000"
		DamagedMinTorqueMultiplier="1.0"
		DamagedMaxTorqueMultiplier="0.8"
		MaxDeltaAngVel="0.01"
	>
		<GameData
			Price="16790"
			UnlockByExploration="true"
			UnlockByRank="1"
		>
			<UiDesc
				UiDesc="UI_ENGINE_ROV2_CUSTOM_DESC"
				UiIcon30x30=""
				UiIcon40x40=""
				UiName="UI_ROv2_ENGINE_RU_SCOUT_MODERN_2_NAME"
			/>
		</GameData>
	</Engine>
</EngineVariants>
