<_templates>
	<Engine>
		<RUTruckOldHeavyEngine
			BrakesDelay="0.3"
			CriticalDamageThreshold="0.7"
			DamageCapacity="65"
			DamagedMinTorqueMultiplier="1.0"
			DamagedMaxTorqueMultiplier="0.5"
			MaxDeltaAngVel="0.01"
		/>
	</Engine>
</_templates>
<EngineVariants>
	<Engine
		_template="RUTruckOldHeavyEngine"
		CriticalDamageThreshold="0.8"
		DamageCapacity="65"
		DamagedConsumptionModifier="1.6"
		FuelConsumption="5.5"
		Name="ru_truck_old_heavy_engine_0"
		Torque="184000"
		DamagedMinTorqueMultiplier="1.0"
		DamagedMaxTorqueMultiplier="0.6"
	> <!--Torque="160000" + 15%-->
		<GameData
			Price="8040"
			UnlockByExploration="false"
			UnlockByRank="1"
		>
			<UiDesc
				UiDesc="UI_ENGINE_RU_TRUCK_OLD_HEAVY_0_DESC"
				UiIcon30x30=""
				UiIcon40x40=""
				UiName="UI_ROv2_ENGINE_RU_TRUCK_OLD_HEAVY_0_NAME"
			/>
		</GameData>
	</Engine>
	<Engine
		_template="RUTruckOldHeavyEngine"
		CriticalDamageThreshold="0.7"
		DamageCapacity="85"
		DamagedConsumptionModifier="1.7"
		FuelConsumption="6.5"
		Name="ru_truck_old_heavy_engine_0_c"
		Torque="207000"
		DamagedMinTorqueMultiplier="1.0"
		DamagedMaxTorqueMultiplier="0.7"
	> <!--Torque="180000" + 15%-->
		<GameData
			Price="20970"
			UnlockByExploration="false"
			UnlockByRank="28"
		>
			<UiDesc
				UiDesc="UI_ENGINE_RU_TRUCK_OLD_HEAVY_1_DESC"
				UiIcon30x30=""
				UiIcon40x40=""
				UiName="UI_ROv2_ENGINE_RU_TRUCK_OLD_HEAVY_1_NAME"
			/>
		</GameData>
	</Engine>
	<Engine
		_template="RUTruckOldHeavyEngine"
		CriticalDamageThreshold="0.7"
		DamageCapacity="100"
		DamagedConsumptionModifier="1.5"
		FuelConsumption="7.5"
		Name="ru_truck_old_heavy_engine_1"
		Torque="230000"
		DamagedMinTorqueMultiplier="1.0"
		DamagedMaxTorqueMultiplier="0.6"
	> <!--Torque="200000" + 15%-->
		<GameData
			Price="23780"
			UnlockByExploration="true"
			UnlockByRank="1"
		>
			<UiDesc
				UiDesc="UI_ENGINE_RU_TRUCK_OLD_HEAVY_2_DESC"
				UiIcon30x30=""
				UiIcon40x40=""
				UiName="UI_ROv2_ENGINE_RU_TRUCK_OLD_HEAVY_2_NAME"
			/>
		</GameData>
	</Engine>
	<Engine
		_template="RUTruckOldHeavyEngine"
		CriticalDamageThreshold="0.9"
		DamageCapacity="125"
		DamagedConsumptionModifier="1.4"
		FuelConsumption="7.9"
		Name="ru_truck_old_heavy_engine_2"
		Torque="270250"
		DamagedMinTorqueMultiplier="1.0"
		DamagedMaxTorqueMultiplier="0.6"
	> <!--Torque="235000" + 15%-->
		<GameData
			Price="30120"
			UnlockByExploration="true"
			UnlockByRank="1"
		>
			<UiDesc
				UiDesc="UI_ENGINE_ROV2_CUSTOM_DESC"
				UiIcon30x30=""
				UiIcon40x40=""
				UiName="UI_ROv2_ENGINE_RU_TRUCK_OLD_HEAVY_3_NAME"
			/>
		</GameData>
	</Engine>
</EngineVariants>
