<_templates>
	<Engine>
		<USTruckMilitaryNavistarEngine
			BrakesDelay="0.3"
			CriticalDamageThreshold="0.7"
			DamageCapacity="65"
			EngineResponsiveness="0.04"
			DamagedMinTorqueMultiplier="1.0"
			DamagedMaxTorqueMultiplier="0.5"
			MaxDeltaAngVel="0.01"
		/>
	</Engine>
</_templates>
<EngineVariants>
	<Engine
		_template="USTruckMilitaryNavistarEngine"
		CriticalDamageThreshold="0.7"
		DamageCapacity="80"
		DamagedConsumptionModifier="1.4"
		EngineResponsiveness="0.2"
		FuelConsumption="8.5"
		Name="us_truck_military_navistar_0"
		Torque="197750"
		DamagedMinTorqueMultiplier="1.0"
		DamagedMaxTorqueMultiplier="0.7"
	> <!--Torque="175000" + 13%-->
		<GameData
			Price="9350"
			UnlockByExploration="false"
			UnlockByRank="1"
		>
			<UiDesc
				UiDesc="UI_ENGINE_US_TRUCK_MILITARY_NAVISTAR_0_DESC"
				UiIcon30x30=""
				UiIcon40x40=""
				UiName="UI_ROv2_ENGINE_US_TRUCK_MILITARY_NAVISTAR_0_NAME"
			/>
		</GameData>
	</Engine>
	<Engine
		_template="USTruckMilitaryNavistarEngine"
		CriticalDamageThreshold="0.8"
		DamageCapacity="120"
		DamagedConsumptionModifier="1.5"
		EngineResponsiveness="0.25"
		FuelConsumption="11.5"
		Name="us_truck_military_navistar_1"
		Torque="237300"
		DamagedMinTorqueMultiplier="1.0"
		DamagedMaxTorqueMultiplier="0.7"
	> <!--Torque="210000" + 13%-->
		<GameData
			Price="40110"
			UnlockByExploration="false"
			UnlockByRank="1"
		>
			<UiDesc
				UiDesc="UI_ENGINE_US_TRUCK_MILITARY_NAVISTAR_1_DESC"
				UiIcon30x30=""
				UiIcon40x40=""
				UiName="UI_ROv2_ENGINE_US_TRUCK_MILITARY_NAVISTAR_1_NAME"
			/>
		</GameData>
	</Engine>
	<Engine
		_template="USTruckMilitaryNavistarEngine"
		CriticalDamageThreshold="0.8"
		DamageCapacity="160"
		DamagedConsumptionModifier="1.5"
		EngineResponsiveness="0.3"
		FuelConsumption="13.5"
		Name="us_truck_military_navistar_2"
		Torque="276850"
		DamagedMinTorqueMultiplier="1.0"
		DamagedMaxTorqueMultiplier="0.7"
	> <!--Torque="245000" + 13%-->
		<GameData
			Price="56420"
			UnlockByExploration="false"
			UnlockByRank="10"
		>
			<UiDesc
				UiDesc="UI_ROv2_ENGINE_US_TRUCK_MILITARY_NAVISTAR_2_DESC"
				UiIcon30x30=""
				UiIcon40x40=""
				UiName="UI_ROv2_ENGINE_US_TRUCK_MILITARY_NAVISTAR_2_NAME"
			/>
		</GameData>
	</Engine>
</EngineVariants>
