<_templates>
	<Engine>
		<USTruckModernEngine BrakesDelay="0.3" MaxDeltaAngVel="0.01" />
	</Engine>
</_templates>
<EngineVariants>
	<Engine
		_template="USTruckModernEngine"
		CriticalDamageThreshold="0.5"
		DamageCapacity="50"
		DamagedConsumptionModifier="1.2"
		EngineResponsiveness="0.15"
		FuelConsumption="6.0"
		Name="us_truck_modern_engine_0"
		Torque="179200"
		DamagedMinTorqueMultiplier="1.0"
		DamagedMaxTorqueMultiplier="0.8"
	> <!--Torque="160000" + 12%-->
		<GameData
			Price="4920"
			UnlockByExploration="false"
			UnlockByRank="1"
		>
			<UiDesc
				UiDesc="UI_ENGINE_US_TRUCK_MODERN_0_DESC"
				UiIcon30x30=""
				UiIcon40x40=""
				UiName="UI_ROv2_ENGINE_US_TRUCK_MODERN_0_NAME"
			/>
		</GameData>
	</Engine>
	<Engine
		_template="USTruckModernEngine"
		CriticalDamageThreshold="0.6"
		DamageCapacity="60"
		DamagedConsumptionModifier="1.3"
		EngineResponsiveness="0.2"
		FuelConsumption="8.0"
		Name="us_truck_modern_engine_1"
		Torque="201600"
		DamagedMinTorqueMultiplier="1.0"
		DamagedMaxTorqueMultiplier="0.7"
	> <!--Torque="180000" + 12%-->
		<GameData
			Price="17060"
			UnlockByExploration="true"
			UnlockByRank="1"
		>
			<UiDesc
				UiDesc="UI_ENGINE_US_TRUCK_MODERN_1_DESC"
				UiIcon30x30=""
				UiIcon40x40=""
				UiName="UI_ROv2_ENGINE_US_TRUCK_MODERN_1_NAME"
			/>
		</GameData>
	</Engine>
	<Engine
		_template="USTruckModernEngine"
		CriticalDamageThreshold="0.7"
		DamageCapacity="70"
		DamagedConsumptionModifier="1.1"
		EngineResponsiveness="0.25"
		FuelConsumption="9.5"
		Name="us_truck_modern_engine_2"
		Torque="215040"
		DamagedMinTorqueMultiplier="1.0"
		DamagedMaxTorqueMultiplier="0.8"
	> <!--Torque="192000" + 12%-->
		<GameData
			Price="18540"
			UnlockByExploration="true"
			UnlockByRank="1"
		>
			<UiDesc
				UiDesc="UI_ENGINE_US_TRUCK_MODERN_2_DESC"
				UiIcon30x30=""
				UiIcon40x40=""
				UiName="UI_ROv2_ENGINE_US_TRUCK_MODERN_2_NAME"
			/>
		</GameData>
	</Engine>
	<Engine
		_template="USTruckModernEngine"
		CriticalDamageThreshold="0.8"
		DamageCapacity="90"
		DamagedConsumptionModifier="1.1"
		EngineResponsiveness="0.3"
		FuelConsumption="9.7"
		Name="us_truck_modern_engine_3"
		Torque="263200"
		DamagedMinTorqueMultiplier="1.0"
		DamagedMaxTorqueMultiplier="0.8"
	> <!--Torque="235000" + 12%-->
		<GameData
			Price="25750"
			UnlockByExploration="false"
			UnlockByRank="28"
		>
			<UiDesc
				UiDesc="UI_ENGINE_ROV2_CUSTOM_DESC"
				UiIcon30x30=""
				UiIcon40x40=""
				UiName="UI_ROv2_ENGINE_US_TRUCK_MODERN_3_NAME"
			/>
		</GameData>
	</Engine>
</EngineVariants>
