<_templates Include="trucks">
	<TruckTire>
		<Offroad _template="ROv2Medium" RearMassScale="1">
			<WheelTracks _template="Offroad" />
			<WheelSoftness _template="Stiff" />
			<WheelFriction _template="Offroad" />
		</Offroad>
	</TruckTire>
</_templates>
<TruckWheels
	DamageCapacity="25" 
	Radius="1" 
	Width="0.618"
>
	<TruckTires>
		<TruckTire _template="Offroad" Mesh="wheels/tire_zikz_566a" Name="zikz_566_tire">
			<WheelFriction _template="Offroad" BodyFriction="7.1" BodyFrictionAsphalt="6.4" SubstanceFriction="1.9" />
			<GameData
				Price="6100"
				UnlockByExploration="false"
				UnlockByRank="9"
			>
				<UiDesc UiDesc="UI_ROv2_TIRE_ZiKZ_566A_DESC" UiName="MZ-502" />
			</GameData>
		</TruckTire>
	</TruckTires>
	<TruckRims>
		<TruckRim Mesh="wheels/rim_zikz_566a" Name="zikz_566_rim">
			<GameData>
				<UiDesc UiDesc="UI_RIM_ZiKZ_566A_DESC" UiName="MZ-502r" />
			</GameData>
		</TruckRim>
	</TruckRims>
</TruckWheels>
