<_templates Include="trucks">
	<TruckTire>
		<Mudtires _template="ROv2Heavy">
			<WheelTracks _template="Offroad" />
			<WheelSoftness _template="HeavyFoam" />
			<WheelFriction _template="Mudtires" />
		</Mudtires>
	</TruckTire>
</_templates>
<TruckWheels DamageCapacity="25" Radius="1" Width="1.1">
	<TruckTires>
		<TruckTire _template="Mudtires" Mesh="wheels/tire_scout_mudtires1_1" Name="mudtires_1">
			<WheelFriction _template="Mudtires" BodyFriction="4.4" SubstanceFriction="2.3" />
			<GameData
				Price="4900"
				UnlockByExploration="false"
				UnlockByRank="11"
			>
				<UiDesc UiDesc="UI_ROv2_TIRE_MUDTIRE_TM_I_DESC" UiName="UI_TIRE_SCOUT_MUDTIRES_YAR_87_1_NAME" />
			</GameData>
		</TruckTire>
		<TruckTire _template="Mudtires" Mesh="wheels/tire_scout_mudtires1_2" Name="mudtires_2">
			<WheelFriction _template="Mudtires" SubstanceFriction="2.4" />
			<GameData
				Price="5300"
				UnlockByExploration="false"
				UnlockByRank="13"
			>
				<UiDesc UiDesc="UI_ROv2_TIRE_MUDTIRE_TM_II_DESC" UiName="UI_TIRE_SCOUT_MUDTIRES_YAR_87_2_NAME" />
			</GameData>
		</TruckTire>        
	</TruckTires>
	<TruckRims>
		<TruckRim Mesh="wheels/rim_kenworth_963" Name="rim_1">
			<GameData>
				<UiDesc UiDesc="UI_RIM_HEAVY_OFFROAD_SINGLE_KENWORTH_963_DESC" UiName="UI_RIM_SCOUT_MUDTIRES_1_1_NAME" />
			</GameData>
		</TruckRim>
		<TruckRim Mesh="wheels/rim_scout_mudtires1_1" Name="rim_2">
			<GameData>
				<UiDesc UiDesc="UI_RIM_SCOUT_MUDTIRES_1_1_DESC" UiName="UI_RIM_SCOUT_MUDTIRES_1_1_NAME" />
			</GameData>
		</TruckRim>
		<!--TruckRim Mesh="wheels/rim_gor_by4" Name="rim_2">
			<GameData>
				<UiDesc UiDesc="UI_RIM_GOR_BY4_DESC" UiName="UI_RIM_GOR_BY4_NAME" />
			</GameData>
		</TruckRim-->
	</TruckRims>
</TruckWheels>
