<_templates Include="trucks" />
<TruckWheels DamageCapacity="20" Radius="1" Width="1.0">
	<TruckTires>
		<TruckTire _template="ROv2Light" Mesh="wheels/tire_scout_offroad2_jeep_wrangler" Name="tire1">
			<WheelTracks _template="Offroad" />
			<WheelSoftness _template="ScoutAverage" />
			<WheelFriction _template="ScoutOffroad" BodyFrictionAsphalt="8.1" BodyFriction="4.6" SubstanceFriction="1.6"/>
			<GameData
				Price="4500"
				UnlockByExploration="false"
				UnlockByRank="6"
			>
				<UiDesc UiDesc="UI_ROv2_TIRE_OFFROAD_OJ_I_DESC" UiName="UI_TIRE_Jeep_Wrangler_NAME" />
			</GameData>
		</TruckTire>
	</TruckTires>
	<TruckRims>
		<TruckRim Mesh="wheels/rim_scout_offroad2_jeep_wrangler" Name="rim1">
			<GameData>
				<UiDesc UiDesc="UI_RIM_Jeep_Wrangler_DESC" UiName="UI_RIM_Jeep_Wrangler_NAME" />
			</GameData>
		</TruckRim>
	</TruckRims>
</TruckWheels>
