<_templates Include="trucks">
	<TruckTire>
		<Mudtires _template="ROv2Heavy">
			<WheelTracks _template="Offroad" />
			<WheelSoftness _template="HeavyStiff" />
			<WheelFriction _template="Allterrain" />
		</Mudtires>
	</TruckTire>
</_templates>
<TruckWheels DamageCapacity="35" Radius="1" Width="0.706">
	<TruckTires>
		<TruckTire _template="Mudtires" Mesh="wheels/tire_tatra_phoenix" Width="0.92" Name="tire">
			<WheelFriction _template="Allterrain" BodyFriction="3.9" SubstanceFriction="1.7"/>
			<GameData
				Price="7500"
				UnlockByExploration="false"
				UnlockByRank="1"
			>
				<UiDesc UiDesc="UI_ROv2_TIRE_ALLTERRAIN_T-AT_PH7_DESC" UiName="T-AT PH7" />
			</GameData>
		</TruckTire>
	</TruckTires>
	<TruckRims>
		<TruckRim Mesh="wheels/rim_tatra_phoenix" Name="rim">
			<GameData>
				<UiDesc UiDesc="UI_RIM_SUPERHEAVY_MUDTIRES_1_DESC" UiName="PH7-X" />
			</GameData>
		</TruckRim>
	</TruckRims>
</TruckWheels>
