<_templates Include="trucks" />
<TruckWheels DamageCapacity="20" Radius="1" Width="0.90">
	<TruckTires>
		<TruckTire _template="ROv2Light" Mesh="wheels/tire_land_rover_defender_110" Name="tire">
			<WheelTracks _template="Offroad" />
			<WheelSoftness _template="ScoutAverage" />
			<WheelFriction _template="ScoutOffroad" BodyFrictionAsphalt="8.5" BodyFriction="4.7" SubstanceFriction="1.8" />
			<GameData
				Price="6200"
				UnlockByExploration="false"
				UnlockByRank="1"
			>
				<UiDesc UiDesc="UI_ROv2_TIRE_LRD_X_DESC" UiName="LRD X" />
			</GameData>
		</TruckTire>
	</TruckTires>
	<TruckRims>
		<TruckRim Mesh="wheels/rim_land_rover_defender_110" Name="rim">
			<GameData>
				<UiDesc UiDesc="UI_RIM_LAND_ROVER_DESC" UiName="LRD X" />
			</GameData>
		</TruckRim>
	</TruckRims>
</TruckWheels>
