<GearboxVariants>
	<Gearbox
		AWDConsumptionModifier="1.0"
		CriticalDamageThreshold="0.7"
		DamageCapacity="80"
		DamagedConsumptionModifier="1.5"
		FuelConsumption="1.9"
		IdleFuelModifier="0.2"
		Name="g_special_kolob"
		MinBreakFreq="0.0"
		MaxBreakFreq="15.0"
	>
		<ReverseGear AngVel="0.5" FuelModifier="0.9" />
		<HighGear AngVel="5.3" FuelModifier="2.3" />
		<Gear AngVel="1.5" FuelModifier="1.7" />
		<Gear AngVel="3.0" FuelModifier="1.5" />
		<Gear AngVel="4.9" FuelModifier="1.3" />
		<Gear AngVel="6.4" FuelModifier="1.1" />
		<Gear AngVel="7.7" FuelModifier="0.9" />
		<Gear AngVel="8.5" FuelModifier="0.7" />
		<Gear AngVel="9.7" FuelModifier="0.5" />
		<Gear AngVel="10.5" FuelModifier="0.4" />
		<GameData
			Price="7900"
            UnlockByExploration="true"
			UnlockByRank="1"
		>
			<GearboxParams 
				IsHighGearExists="false" 
				IsLowerGearExists="true" 
				IsLowerPlusGearExists="false" 
				IsLowerMinusGearExists="false"
			/>
			<UiDesc
				UiDesc="UI_GEARBOX_SPECIAL_KOLOB_DESC"
				UiIcon30x30=""
				UiIcon40x40=""
				UiName="UI_ROv2_GEARBOX_SPECIAL_KOLOB_NAME"
			/>
		</GameData>
	</Gearbox>
</GearboxVariants>
