<TruckAddon _noinherit="true">
	<PhysicsModel Mesh="trucks/cargo/cargo_forcklift_caravan_container">
		<NetSync Legacy="false" />
		<Body Mass="3200" CenterOfMassOffset="(0; -0.3; 0)" ModelFrame="BoneRoot_cdt">
			<Constraint ExplicitParentFrame="0" Type="Fixed" />
			<Body Mass="3200" CenterOfMassOffset="(0; -0.4; 0)" ModelFrame="BoneCargo_1_cdt">
				<Constraint ExplicitParentFrame="1" Type="Fixed" />
				<Body Mass="3200" CenterOfMassOffset="(0; -0.4; 0)" ModelFrame="BoneCargo_2_cdt">
					<Constraint ExplicitParentFrame="2" Type="Fixed" />
					<Body Mass="3200" CenterOfMassOffset="(0; -0.3; 0)" ModelFrame="BoneCargo_3_cdt">
						<Constraint ExplicitParentFrame="3" Type="Fixed" />
					</Body>
				</Body>
			</Body>
		</Body>
	</PhysicsModel>
	<GameData>
		<Sounds
			InstallSound="cargo_manual/cargo_manual_container_large"
			TransportedSound="load/metal_large/metal_large_rnd"
			ManualSound="cargo_manual/cargo_manual_container_large"
		/>
		<InstallSlot
			CargoLength="4"
			CargoType="CargoForcklift"
			CargoValue="1"
			Offset="(3.21; -0.005; 0)"
		/>
	</GameData>
</TruckAddon>
