<_templates Include="trucks" />
<TruckAddon>
	<TruckData FuelCapacity="50" RepairsCapacity="125" WheelRepairsCapacity="2" >
		<LimitedFluid Center="(-0.55; 1.609; 0.24)" SizeX="0.308" SizeY="0.121" SizeZ="0.352" Type="Box" />
		<LimitedFluid Center="(-0.55; 1.609; -0.158)" SizeX="0.308" SizeY="0.121" SizeZ="0.352" Type="Box" />
	</TruckData>
	<RepairsHide>
		<Mesh Frame="repair" HideThreshold="0.0" />
	</RepairsHide>
	<PhysicsModel Mesh="trucks/gor_by4_tuning/gor_by4_roofrack">
		<Body ImpactType="Truck" Mass="100">
			<Constraint Type="Rigid" />
			<Body
				Collisions="None"
				Mass="50"
				ModelFrame="BoneFuel_cdt"
			>
				<Constraint
					LinearLimitsX="(0; 0)"
					LinearLimitsY="(0; 0.03)"
					LinearLimitsZ="(0; 0.01)"
					Type="Fixed"
				>
					<Motor Damping="250" Spring="0.25" Type="Spring" />
				</Constraint>
			</Body>
			<Body
				Collisions="None"
				Mass="50"
				ModelFrame="BoneRepair_cdt"
			>
				<Constraint
					LinearLimitsX="(0; 0)"
					LinearLimitsY="(0; 0.03)"
					LinearLimitsZ="(0; 0.01)"
					Type="Fixed"
				>
					<Motor Damping="250" Spring="0.25" Type="Spring" />
				</Constraint>
			</Body>
		</Body>
	</PhysicsModel>
	<GameData
		CameraPreset="roof"
		Category="frame_addons"
		Price="4300"
		UnlockByExploration="false"
		UnlockByRank="19"
	>
		<UiDesc
			UiDesc="UI_TUNING_SUPPLIES_DESC"
			UiIcon30x30=""
			UiIcon40x40=""
			UiName="UI_TUNING_SUPPLIES_NAME"
		/>
		<InstallSocket Type="azovSupplies" />
	</GameData>
	<FuelHide>
		<Mesh Frame="fuel" HideThreshold="0.0" />
	</FuelHide>
</TruckAddon>
