<_templates Include="trucks">
	<TruckTire>
		<Offroad _template="ROv2Heavy">
			<WheelTracks _template="Offroad" />
			<WheelTracks _template="DefaultDouble" Rear="true" />            
			<WheelSoftness _template="Stiff" />
			<WheelFriction _template="Offroad" />            
		</Offroad>
	</TruckTire>
</_templates>
<TruckWheels
	DamageCapacity="30"
	Radius="1"
	Width="0.62"
	WidthRear="1.363"
>
	<TruckTires>
		<TruckTire _template="Offroad" Mesh="wheels/tire_pacific_p512_double" Name="offroad">
			<WheelFriction _template="Offroad" SubstanceFriction="2.1" />
			<GameData
				Price="7300"
				UnlockByExploration="false"
				UnlockByRank="1"
			>
				<UiDesc UiDesc="UI_ROv2_TIRE_OFFROAD_PHS_II_DESC" UiName="PHS II" />
			</GameData>
		</TruckTire>
	</TruckTires>
	<TruckRims>
		<TruckRim Mesh="wheels/rim_pacific_p512_double" Name="rim">
			<GameData>
				<UiDesc UiDesc="UI_RIM_MEDIUM_DOUBLE_2_DESC" UiName="UI_RIM_MEDIUM_DOUBLE_2_NAME" />
			</GameData>
		</TruckRim>
		<TruckRim Mesh="wheels/rim_medium_offroad_double_10" Name="JAT OHD I">
			<GameData>
				<UiDesc UiDesc="UI_RIM_JAT_DESC" UiName="UI_RIM_HEAVY_OFFROAD_DOUBLE_10_NAME" />
			</GameData>
		</TruckRim>
        <TruckRim Mesh="wheels/rim_medium_offroad_double_11" Name="JAT OHD II">
			<GameData>
				<UiDesc UiDesc="UI_RIM_JAT_DESC" UiName="UI_RIM_HEAVY_OFFROAD_DOUBLE_11_NAME" />
			</GameData>
		</TruckRim>
	</TruckRims>
</TruckWheels>
