﻿<_templates Include="trucks">
	<Wheel>
		<RearWheel
			ConnectedToHandbrake="true"
			Location="rear"
			Torque="default"
			ParentFrame="BoneCabin_cdt"
		/>
		<FrontWheel
			ConnectedToHandbrake="true"
			Location="front"
			SteeringAngle="34"
			SteeringCastor="0"
			SteeringJointOffset="0.12"
			Torque="full"
			ParentFrame="BoneChassis_cdt"
		/>
	</Wheel>
	<Flare>
		<IgnitionSignalRed
			AspectRatio="1.4"
			Color="g(169; 0; 0) x 0.8"
			ColorMultAtDay="0.3"
			Dir="(-1; 0; 0)"
			DirAngle="90"
			Size="0.2"
		/>
	</Flare>
	<Body>
		<TieRod Mass="1">
			<Constraint
				AxisLocal="(0; -1; 0)"
				Type="Hinge"
				MinLimit="-40"
				MaxLimit="40"
			>
				<Motor
					Damping="1.0"
					Force="6000"
					Tau="1"
					Type="Position"
				/>
			</Constraint>
		</TieRod>
		<Body>
			<Sunshield Collisions="None" ImpactType="Truck" Mass="2">
				<Constraint
					AxisLocal="(0; 0; 1)"
					Type="Hinge"
					MinLimit="-18"
					MaxLimit="18"
				>
					<Motor Damping="0.1" Spring="10" Type="Spring" />
				</Constraint>
			</Sunshield>
			<SideMirror Collisions="Default" Mass="5">
				<Constraint
					AxisLocal="(0; 1; 0)"
					Type="Hinge"
					MinLimit="-2"
					MaxLimit="2"
				>
					<Motor Damping="1" Spring="250" Type="Spring" />
				</Constraint>
			</SideMirror>
		</Body>
		<Belt1 Collisions="None" Mass="1">
			<Constraint
				AxisLocal="(1; 0; 0)"
				Type="Prismatic"
				MinLimit="-0.02"
				MaxLimit="0.05"
			>
				<Motor Damping="15" Spring="100" Type="Spring" />
			</Constraint>
		</Belt1>
		<Belt Collisions="None" Mass="1">
			<Constraint
				AxisLocal="(1; 0; 0)"
				Type="Prismatic"
				MinLimit="-0.01"
				MaxLimit="0.03"
			>
				<Motor Damping="30" Spring="200" Type="Spring" />
			</Constraint>
		</Belt>
	</Body>
</_templates>
<Truck>
	<TruckData
		BackSteerSpeed="0.08"
		DiffLockType="Installed"
		EngineIconMesh="env/engine_default"
		EngineIconScale="0.8"
		EngineStartDelay="1.8"
		ExhaustStartTime="1.6"
		FuelCapacity="60"
		Responsiveness="0.65"
		SteerSpeed="0.032"
		TruckImage="NeoFalcon2000mchr"
		TruckType="SCOUT"
	>
		<WinchUpgradeSocket Default="w_scout_default" IsUpgradable="true" Type="winches_scouts" />
		<Wheels
			DefaultRim="rim_1"
			DefaultTire="allterrain_2"
			DefaultWheelType="wheels_scout2"
		>
			<Wheel _template="FrontWheel" Pos="(1.611; 0.418; 0.71)" />
			<Wheel _template="FrontWheel" RightSide="true" Pos="(1.611; 0.418; 0.71)" />
			<Wheel _template="RearWheel" Pos="(-1.113; 0.418; 0.71)" />
			<Wheel _template="RearWheel" RightSide="true" Pos="(-1.113; 0.418; 0.71)" />
		</Wheels>
		<SuspensionSocket
			Default="neo_falcon_2000_suspension_default"
			Type="s_neo_falcon_2000"
			MaxWheelRadiusWithoutSuspension="0.35"
		/>
		<SteeringWheel Frame="BoneSteering" />
		<SteeringRack
			Frame="BoneRack"
			FrameSteerLeft="BoneRackLeft"
			FrameSteerRight="BoneRackRight"
			RackHalfSizeZ="0.646"
		/>
		<Steam Origin="(1.3; 1.011; 0)" ParentFrame="BoneCabin_cdt" />
		<SoundsWheels _template="Default" />
		<SoundsDamage _template="Scout" />
		<!-- // -->
		<Sounds
			_template="Default"
			DisableReversePitch="false"
			Origin="(1.283; 1.019; 0)"
			MinDist="8.0"
		>
			<GearFail		Sound="trucks/common/truck_gear_wrong/truck_gear_wrong_small_modern" />
			<Gear			Sound="trucks/common/truck_gear_shift_light_rnd_set/truck_gear_shift_light_rnd" />
			<Reverse		Sound="trucks/neo_falcon_2000/neo_falcon_2000_reverse" />
			<BrakePull		Sound="" />
			<BrakeRelease	Sound="" />
			<BrakesSqueal	Sound="trucks/neo_falcon_2000/neo_falcon_2000_brakes_squeal" />
			<Handbrake		Sound="trucks/neo_falcon_2000/neo_falcon_2000_handbrake_on" />
			<HandbrakeOff	Sound="trucks/neo_falcon_2000/neo_falcon_2000_handbrake_off" />
			<AWD			Sound="trucks/neo_falcon_2000/neo_falcon_2000_awd" />
			<Honk			Sound="trucks/neo_falcon_2000/neo_falcon_2000_honk" />
			<EngineRev		Sound="" />
			<EngineAccel	Sound="trucks/neo_falcon_2000/neo_falcon_2000_acc" />
			<EngineStart	Sound="trucks/neo_falcon_2000/neo_falcon_2000_start" />
			<EngineStop		Sound="trucks/neo_falcon_2000/neo_falcon_2000_stop" />
			<EngineIdle		Sound="trucks/neo_falcon_2000/neo_falcon_2000_idle" />
			<EngineIdle_2d	Sound="trucks/neo_falcon_2000/neo_falcon_2000_idle_2d"	IsSound2D="true" />
			<EngineLow		Sound="trucks/neo_falcon_2000/neo_falcon_2000_low" />
			<EngineLow_2d	Sound="trucks/neo_falcon_2000/neo_falcon_2000_low_2d"	IsSound2D="true" />
			<EngineHigh		Sound="trucks/neo_falcon_2000/neo_falcon_2000_high" />
			<EngineHigh_2d	Sound="trucks/neo_falcon_2000/neo_falcon_2000_high_2d"	IsSound2D="true" />
			<EngineHeavy	Sound="" />
			<EngineHeavy_2d	Sound=""	IsSound2D="true" />
			<ChassisStress	Sound="trucks/hummer_h2/hummer_h2_chassis" />

			<AbruptStop		Sound="" />
		</Sounds>
		<!-- // -->
		<Snorkel Origin="(2.01; 0.998; 0)" />
		<Shakers>
			<Shaker Frame="BoneExhaust" MinAngle="(8; 8; 8)" MaxAngle="(10; 10; 10)" MaxFrequency="3.8" />
			<Shaker Frame="BoneGearStick" MinAngle="(0.1; 0.1; 0.1)" MaxAngle="(1; 1.5; 1.2)" MaxFrequency="3" />
		</Shakers>
		<Shafts>
			<Shaft Mesh="env/minishaft" SocketPointA="Shaft1a" SocketPointB="Shaft1b" />
			<Shaft Mesh="env/minishaft" SocketPointA="Shaft2a" SocketPointB="Shaft2b" />
		</Shafts>
		<OcclusionMap
			HalfSizeZ="1.8"
			Texture="trucks/occlusion/chassis_small__s_d_a.tga"
			MinX="-1.800"
			MaxX="2.400"
		/>
		<LimitedFluid
			Center="(-1.466; 0.673; 0)"
			SizeX="0.472"
			SizeY="0.28"
			SizeZ="0.73"
			Type="Box"
		/>
		<Intake Dir="(1; 0; 0)" Origin="(2.179; 0.998; 0)" Size="0.45" />
		<GearboxSocket Default="g_scout_default" Type="gearboxes_scouts" />
		<FuelTank DamageCapacity="150" />
		<Exhaust
			Dir="(-0.808; -0.589; 0)"
			IsLight="true"
			Origin="(-1.738; 0.408; -0.406)"
			Speed="2.0"
		/>
		<EngineSocket Default="us_scout_old_engine_0" Type="e_us_scout_old, e_us_scout_old_ck1500" />
		<Driver AnimationSet="Scout" Pos="(0.135; 0.998; 0.425)" SteeringWheelPos="(0.414; 1.382; 0.411)" />
		<Dashboard>
			<Gauge Dir="(-0.98; 0.2; 0.0)" InputRange="(0;230)" InputType="speed" Mesh="trucks/arrows/neo_falcon_2000_arrow_01" Org="(0.664; 0.831; 0.398)" OutputAngles="(-7.5;20)" />
			<Gauge Damping="0.99" Dir="(-0.98; 0.2; 0.0)" InputRange="(0;1)" InputType="fuel" Mesh="trucks/arrows/neo_falcon_2000_arrow_02" Org="(0.779; 1.383; 0.464)" OutputAngles="(0; 32)" />
			<Gauge Damping="0.99" Dir="(-0.98; 0.2; 0.0)" InputRange="(0;1)" InputType="engineEnabled" Mesh="trucks/arrows/neo_falcon_2000_arrow_03" Org="(0.779; 1.383; 0.316)" OutputAngles="(0; -5)" />
		</Dashboard>
		<Damage>
			<DamageArea Type="Engine" Min="(1.07; 0.544; -0.484)" Max="(2.152; 1.293; 0.484)" ParentFrame="BoneCabin_cdt" />
			<DamageArea Type="FuelTank" Min="(-1.701; 0.522; -0.37)" Max="(-1.234; 0.79; 0.37)" ParentFrame="BoneCabin_cdt" />
			<DamageArea Type="Gearbox" Min="(0.375; 0.455; -0.339)" Max="(1.062; 0.661; 0.339)" ParentFrame="BoneCabin_cdt" />
			<!-- Added -->
			<Multiplier Multiplier="0.20" Type="Wheels" />
			<Multiplier Multiplier="0.35" Type="Suspension" />
			<!-- Added -->
		</Damage>
		<CompatibleWheels OffsetZ="0.05" Scale="0.46" Type="wheels_scout1" />
		<CompatibleWheels OffsetZ="0.05" Scale="0.46" Type="wheels_scout2" />
		<CompatibleWheels OffsetZ="0.05" Scale="0.46" Type="wheels_scout_apache_1" />
		<CompatibleWheels OffsetZ="0.05" Scale="0.46" Type="wheels_scout_highway" />
		<CompatibleWheels OffsetZ="0.05" Scale="0.46" Type="wheels_scout_offroad" />
		<CompatibleWheels OffsetZ="0.12" Scale="0.46" Type="wheels_scout_mudtires" />
		<CompatibleWheels OffsetZ="0.05" Scale="0.46" Type="wheels_scout_yar_87" />
		<CompatibleWheels OffsetZ="0.06" Scale="0.46" Type="wheels_scout_yar_871" />
		<CompatibleWheels OffsetZ="0.05" Scale="0.48" Type="wheels_scout1" />
		<CompatibleWheels OffsetZ="0.05" Scale="0.48" Type="wheels_scout2" />
		<CompatibleWheels OffsetZ="0.05" Scale="0.48" Type="wheels_scout_apache_1" />
		<CompatibleWheels OffsetZ="0.05" Scale="0.48" Type="wheels_scout_highway" />
		<CompatibleWheels OffsetZ="0.05" Scale="0.48" Type="wheels_scout_offroad" />
		<CompatibleWheels OffsetZ="0.12" Scale="0.48" Type="wheels_scout_mudtires" />
		<CompatibleWheels OffsetZ="0.05" Scale="0.48" Type="wheels_scout_yar_87" />
		<CompatibleWheels OffsetZ="0.07" Scale="0.48" Type="wheels_scout_yar_871" />
		<CompatibleWheels OffsetZ="0.08" Scale="0.50" Type="wheels_scout_yar_871" />
		<Camera
			Center="(-1.1; 0; 0)"
			RadiusMultiplier="0.8"
			ParentFrame="BoneCabin_cdt"
		>
			<Cockpit
				_template="Default"
				LimitsHor="(-2.4; 2.8)"
				WindshieldDiffuseTexture="trucks/neo_falcon_2000_glass__d_a.tga"
				WindshieldShadingTexture="trucks/neo_falcon_2000_glass__sh_d.tga"
				ZoomViewDirOffset="(0; 0.05; 0)"
				ViewPos="(0.039; 1.67; 0.411)"
			>
				<Rear
					HorTransitionStart="-1.35"
					RollAngle="-10"
					ViewDir="(1; -0.2; 0.9)"
					ViewPosOffset="(0.1; -0.1; 0.6)"
				/>
				<Mirror ClipDir="(-1; 0; 0)" ClipOffset="0.1" FOVScale="1.5" MeshFrame="hp_cab_mirror" ReflectionDir="(-0.75; -0.089; 0.25)" Size="(0.21; 0.08)" Pos="(0.559; 1.789; 0)" />
				<Mirror ClipDir="(-0.88; 0.078; 0.56)" ClipOffset="0.025" FOVScale="1" MeshFrame="mirror_right" ReflectionDir="(-0.88; 0.078; 0.56)" Size="(0.214; 0.19)" Pos="(0.590; 1.463; -0.927)" />
				<Mirror ClipDir="(-0.925; 0.150; -0.29)" ClipOffset="0.025" FOVScale="1" MeshFrame="mirror_left" ReflectionDir="(-0.925; 0.150; -0.29)" Size="(0.214; 0.19)" Pos="(0.590; 1.463; 0.927)" />
				<!--  z;   x;    y-->
			</Cockpit>
		</Camera>
		<Axles>
			<Axle Frame="BoneAxle1" />
			<Axle Frame="BoneAxle2" />
		</Axles>
	</TruckData>
	<PhysicsModel Mesh="trucks/neo_falcon_2000">
		<NetSync Legacy="false" />
		<Body
			CenterOfMassOffset="(0.5; -0.3; 0)"
			ImpactType="Truck"
			Mass="895"
			NetSync="pv"
		>
			<Body
				CenterOfMassOffset="(0.3; -0.2; 0)"
				ImpactType="Truck"
				Mass="1200"
				ModelFrame="BoneCabin_cdt"
				NetSync="pv"
			>
				<Constraint Type="Fixed" />
				<Body _template="SideMirror" ModelFrame="BoneMirrorRight_cdt" />
				<Body _template="SideMirror" ModelFrame="BoneMirrorLeft_cdt" />
				<Body _template="Mudguard" ModelFrame="BoneMudguardLeftFront_cdt">
					<Constraint AxisLocal="(0; 0; 1)" MinLimit="-35" MaxLimit="14" />
				</Body>
				<Body _template="Mudguard" ModelFrame="BoneMudguardRightFront_cdt">
					<Constraint AxisLocal="(0; 0; 1)" MinLimit="-35" MaxLimit="14" />
				</Body>
				<Body _template="Mudguard" ModelFrame="BoneMudguardLeftRear_cdt">
					<Constraint AxisLocal="(0; 0; 1)" MinLimit="-35" MaxLimit="12" />
				</Body>
				<Body _template="Mudguard" ModelFrame="BoneMudguardRightRear_cdt">
					<Constraint AxisLocal="(0; 0; 1)" MinLimit="-35" MaxLimit="12" />
				</Body>
				<Body
					Collisions="None"
					ImpactType="Truck"
					Mass="2"
					ModelFrame="BoneMirrorCabin_cdt"
				>
					<Constraint
						AxisLocal="(0; 0; 1)"
						Type="Hinge"
						MinLimit="-4"
						MaxLimit="4"
					>
						<Motor Damping="0.7" Spring="10" Type="Spring" />
					</Constraint>
				</Body>
				<Body
					Collisions="None"
					ImpactType="Truck"
					Mass="2"
					ModelFrame="BoneSunshield_cdt"
				>
					<Constraint
						AxisLocal="(0; 0; 1)"
						Type="Hinge"
						MinLimit="-18"
						MaxLimit="18"
					>
						<Motor Damping="0.1" Spring="10" Type="Spring" />
					</Constraint>
				</Body>
				<Body _template="Belt" ModelFrame="BoneBelt1_cdt" />
				<Body _template="Belt1" ModelFrame="BoneBelt2_cdt" />
				<Body _template="Belt1" ModelFrame="BoneBelt3_cdt">
					<Constraint
						AxisLocal="(0; 0; 1)"
						Type="Prismatic"
						MinLimit="-0.01"
						MaxLimit="0.03"
					>
						<Motor Damping="30" Spring="200" Type="Spring" />
					</Constraint>
				</Body>
				<Body _template="TieRod" ModelFrame="BoneTieRod1_cdt">
					<Constraint
						AxisLocal="(0; -1; 0)"
						Name="TieRodSteer"
						MinLimit="-30"
						MaxLimit="30"
					/>
				</Body>
				<Body Collisions="None" Mass="0.5" ModelFrame="BoneWipersR_cdt">
					<Constraint
						AxisLocal="(1; 0; 0)"
						Type="Hinge"
						MinLimit="-1.5"
						MaxLimit="1"
					>
						<Motor Damping="0.8" Spring="0.001" Type="Spring" />
					</Constraint>
				</Body>
				<Body Collisions="None" Mass="0.5" ModelFrame="BoneWipersL_cdt">
					<Constraint
						AxisLocal="(1; 0; 0)"
						Type="Hinge"
						MinLimit="-1.3"
						MaxLimit="1.8"
					>
						<Motor Damping="0.8" Spring="0.001" Type="Spring" />
					</Constraint>
				</Body>
			</Body>
		</Body>
	</PhysicsModel>
	<ModelAttachments>
		<StopSignals>
			<Light _template="StopSignal" Color="g(255; 0; 0) x 0.6" Pos="(-2.090; 1.037; 0)" />
			<Flare _template="StopSignal" Color="g(255; 0; 0) x 0.6" Size="0.2" Pos="(-1.893; 1.035; 0.695)" />
			<Flare _template="StopSignal" Color="g(255; 0; 0) x 0.6" Size="0.2" Pos="(-1.893; 1.035; -0.695)" />
		</StopSignals>
		<ReverseSignals>
			<Light _template="ReverseSignal" Pos="(-2.090; 1.037; 0)" />
			<Flare _template="ReverseSignal" Color="g(255; 235; 245) x 0.5" Size="0.3" Pos="(-1.881; 1.003; 0.783)" />
			<Flare _template="ReverseSignal" Color="g(255; 235; 245) x 0.5" Size="0.3" Pos="(-1.881; 1.003; -0.783)" />
			<Flare _template="BlueStreak" Color="g(220; 220; 255) x 0.05" Dir="(-1; 0; 0)" Size="0.4" Pos="(-1.881; 1.003; 0.783)" />
			<Flare _template="BlueStreak" Color="g(220; 220; 255) x 0.05" Dir="(-1; 0; 0)" Size="0.4" Pos="(-1.881; 1.003; -0.783)" />
		</ReverseSignals>
		<Ignition>
			<Light _template="IgnitionSignalWhite" Color="g(255; 205; 145) x 0.7" Pos="(2.267; 1.037; 0)" />
			<Light _template="IgnitionSignalRed" Pos="(-2.090; 1.037; 0)" />
			<Flare _template="IgnitionSignalRed" AspectRatio="2" Color="g(169; 0; 0) x 1" Size="0.2" Pos="(-1.89; 1.12; 0.752)" ParentFrame="BoneCabin_cdt" />
			<Flare _template="IgnitionSignalRed" AspectRatio="2" Color="g(169; 0; 0) x 1" Size="0.2" Pos="(-1.89; 1.12; -0.752)" ParentFrame="BoneCabin_cdt" />
			<Flare _template="IgnitionSignalOrange" AspectRatio="6" Color="g(255; 140; 0) x 0.4" Dir="(1; 0; 0)" Pos="(1.99; 1.15; 0.643)" ParentFrame="BoneCabin_cdt" />
			<Flare _template="IgnitionSignalOrange" AspectRatio="6" Color="g(255; 140; 0) x 0.4" Dir="(1; 0; 0)" Pos="(1.99; 1.15; -0.643)" ParentFrame="BoneCabin_cdt" />
			<Flare _template="IgnitionSignalWhite" Color="g(240; 225; 215) x 0.7" Size="0.3" Pos="(1.994; 1.037; 0.6)" ParentFrame="BoneCabin_cdt" />
			<Flare _template="IgnitionSignalWhite" Color="g(240; 225; 215) x 0.7" Size="0.3" Pos="(1.994; 1.037; -0.6)" ParentFrame="BoneCabin_cdt" />
		</Ignition>
		<HeadLight>
			<Model _template="HeadLightRay" Org="(1.994; 1.037; 0.6)" ParentFrame="BoneCabin_cdt" />
			<Model _template="HeadLightRay" Org="(1.994; 1.037; -0.6)" ParentFrame="BoneCabin_cdt" />
			<Flare _template="HeadLight" AspectRatio="1" Color="g(255; 235; 185) x 0.6" Size="0.4" Pos="(1.994; 1.037; 0.6)" ParentFrame="BoneCabin_cdt" />
			<Flare _template="HeadLight" AspectRatio="1" Color="g(255; 235; 185) x 0.6" Size="0.4" Pos="(1.994; 1.037; -0.6)" ParentFrame="BoneCabin_cdt" />
			<Flare _template="BlueStreak" Dir="(1; 0; 0)" Size="0.5" Pos="(1.994; 1.037; 0.6)" ParentFrame="BoneCabin_cdt" />
			<Flare _template="BlueStreak" Dir="(1; 0; 0)" Size="0.5" Pos="(1.994; 1.037; -0.6)" ParentFrame="BoneCabin_cdt" />
		</HeadLight>
	</ModelAttachments>
	<Landmark Mesh="landmarks/neo_falcon_2000_lmk" MinScale="1.8" MaxScale="3.8" />
	<HeadLight
		_template="Default"
		AttenEnd="35"
		Color="g(255; 212; 154) x 3"
		OuterCone="90"
		Pos="(2.998; 0.954; 0)"
		ParentFrame="BoneCabin_cdt"
	/>
	<GameData
		Country="US,NE"
		Price="15260"
		UnlockByExploration="true"
		UnlockByRank="1"
	>
		<WinchSocket Pos="(-1.824; 0.694; -0.514)" ParentFrame="BoneCabin_cdt"/>
		<WinchSocket Pos="(-1.824; 0.694; 0.514)" ParentFrame="BoneCabin_cdt"/>
		<WinchSocket Pos="(2.105; 0.731; 0.388)" ParentFrame="BoneCabin_cdt"/>
		<WinchSocket Pos="(2.105; 0.731; -0.388)" ParentFrame="BoneCabin_cdt" />
		<WinchSocket Pos="(0.124; 0.65; 0.803)" ParentFrame="BoneCabin_cdt"/>
		<WinchSocket Pos="(0.124; 0.65; -0.803)" ParentFrame="BoneCabin_cdt" />
		
		<CraneSocket Pos="(2.173; 0.552; -0.608)" ParentFrame="BoneChassis_cdt"/>
		<CraneSocket Pos="(2.173; 0.552; 0.608)" ParentFrame="BoneChassis_cdt"/>
		<CraneSocket Pos="(-0.548; 1.943; 0)" ParentFrame="BoneCabin_cdt"/>
		<CraneSocket Pos="(-0.001; 0.663; 0.793)" ParentFrame="BoneChassis_cdt"/>
		<CraneSocket Pos="(-0.001; 0.663; -0.793)" ParentFrame="BoneChassis_cdt"/>
		<CraneSocket Pos="(-1.824; 0.773; 0.659)" ParentFrame="BoneChassis_cdt"/>
		<CraneSocket Pos="(-1.824; 0.773; -0.659)" ParentFrame="BoneChassis_cdt"/>
		
		<UiDesc
			UiDesc="UI_VEHICLE_NEO_FALCON_2000_DESC"
			UiIcon30x30="scoutVehicleImg30"
			UiIcon328x458="shopImgNeoFalcon2000"
			UiIcon40x40="scoutVehicleImg"
			UiIconLogo="NeoLogo80"
			UiName="UI_VEHICLE_NEO_FALCON_2000_NAME"
		/>
		<CustomizationCameras>
			<!-- <CameraPos FOV="32.0" Name="default" InterestPosition="(5.7; 0.865; 0)" MaxXRotation="360" MaxYRotation="360" MaxZoom="2" Position="(11.06; 1.496; -3)" /> -->
			<CameraPos FOV="32.0" Name="default" InterestPosition="(6; 0.976; -0.2)" MaxXRotation="360" MaxYRotation="360" MaxZoom="2" Position="(11.332; 1.526; -4.276)" />
			<!-- <CameraPos FOV="32.0" Name="addon_1" InterestPosition="(3; 1.5; 0)" MaxXRotation="360" MaxYRotation="360" MaxZoom="2" Position="(-5; 2.5; 7)" /> -->
			<!-- <CameraPos FOV="32.0" Name="spare_wheel_camera" InterestPosition="(5.6; 1.3; 0)" MaxXRotation="360" MaxYRotation="360" MaxZoom="2" Position="(3.4; 2; 4)" /> -->
			<CameraPos FOV="32.0" Interior="true" Name="mirror_mount" InterestPosition="(7.7; 1.1; 1.9)" Position="(5.2; 1.8; -0.4)" />
			<CameraPos FOV="32.0" Name="rear" InterestPosition="(4.6; 0.92; -0)" MaxXRotation="360" MaxYRotation="360" MaxZoom="2" Position="(-1.104; 2.037; 3.756)" />
			<!-- <CameraPos FOV="32.0" Name="side_r" Position="(1.8; 2.8; -4)" InterestPosition="(3; 1.8; -0.9)" MaxXRotation="360" MaxYRotation="360" MaxZoom="2" /> -->
			<!-- <CameraPos FOV="32.0" Name="misc_horn" Position="(9; 2.8; -2.5)" InterestPosition="(6.5; 1.35; -2)" MaxXRotation="360" MaxYRotation="360" MaxZoom="2" /> -->
			<!-- <CameraPos FOV="32.0" Name="snorkels" Position="(10.5; 2.8; 2.5)" InterestPosition="(6.5; 1.55; -0.2)" MaxXRotation="360" MaxYRotation="360" MaxZoom="2" /> -->
			<!-- <CameraPos FOV="32.0" Name="roof" Position="(8.5; 4.4; -2.954)" InterestPosition="(3.6; 1.559; 0.7)" MaxXRotation="360" MaxYRotation="360" MaxZoom="2"  /> -->
			<!-- <CameraPos FOV="32.0" Name="spotlight3" InterestPosition="(4.737; 1.2; -1)" MaxXRotation="360" MaxYRotation="360" MaxZoom="2" Position="(8; 3; -2)" /> -->
			<CameraPos FOV="32.0" Interior="true" Name="hood_figure" InterestPosition="(6.45; 1.275; -0.8)" Position="(8.7; 1.46; -1.4)" />
			<!-- <CameraPos FOV="32.0" Name="side_l" InterestPosition="(5.849; 1.484; 0)" MaxXRotation="360" MaxYRotation="360" MaxZoom="2" Position="(8.708; 3.536; 3.318)" /> -->
			<CameraPos FOV="32.0" Interior="true" Name="bubble_head" InterestPosition="(6.662; 1.050; 0.5)" Position="(4.971; 1.9; -0.5)" />
			<CameraPos FOV="32.0" Name="wheels" InterestPosition="(6.32; 0.413; -0)" MaxXRotation="360" MaxYRotation="360" MaxZoom="2" Position="(8.421; 0.7; -3.51)" />
			<CameraPos FOV="32.0" Interior="true" Name="capote_sticker" InterestPosition="(5.848; 0.674; -0.65)" Position="(9.5; 3.256; -0.8)" />
			<CameraPos FOV="32.0" Interior="true" Name="glass_sticker" InterestPosition="(5.126; 2.013; -0.96)" Position="(8.85; 1.83; -2)" />
			<CameraPos FOV="32.0" Name="sticker_back" InterestPosition="(3.24; 1.02; 0)" MaxXRotation="360" MaxYRotation="360" MaxZoom="2" Position="(3.65; 1.9; -2)" />
			<CameraPos FOV="32.0" Interior="true" Name="sticker" InterestPosition="(8; 0.164; 0.24)" Position="(5.5; 1.729; 0.069)" />
			<CameraPos FOV="32.0" Interior="true" Name="sticker_1" InterestPosition="(6.662; 1.5; -0.2)" Position="(5.43; 1.588; -0.312)" />
			<CameraPos FOV="32.0" Interior="true" Name="sticker_2" InterestPosition="(7.5; 0.6; 3)" Position="(5.2; 1.8; -0.3)" />
			<CameraPos FOV="32.0" Interior="true" Name="sticker_3" InterestPosition="(6.662; 0.7; 15)" Position="(5.5; 1.4; -0.4)" />
			<CameraPos FOV="32.0" Interior="true" Name="sticker_4" InterestPosition="(7.8; 1.15; -2.175)" Position="(4.938; 2.05; 0.45)" />
			<CameraPos FOV="32.0" Interior="true" Name="sticker_5" InterestPosition="(5.7; 1.5; -0.7)" MaxXRotation="360" MaxYRotation="360" MaxZoom="2" Position="(9.06; 2.3; -0.8)" />
			<CameraPos FOV="32.0" Interior="true" Name="door_r_sticker" InterestPosition="(6.279; 1; 0.998)" Position="(3.667; 1; 3.558)" />
			<CameraPos FOV="32.0" Interior="true" Name="door_l_sticker" InterestPosition="(4.531; 1; -0.316)" Position="(3.937; 1; -3.867)" />
			<CameraPos FOV="32.0" Interior="true" Name="sticker_roof" InterestPosition="(4.234; 1.445; 0.2)" Position="(3.9; 5.775; -1.5)" />
			<CameraPos FOV="32.0" Name="roof" InterestPosition="(5.798; 0.713; 0)" MaxXRotation="360" MaxYRotation="360" MaxZoom="2" Position="(10.212; 2.243; -3.182)" />
			<!-- <CameraPos FOV="32.0" Interior="true" Name="hood_figure" InterestPosition="(6; 1.85; -0.2)" Position="(8.4; 1.5; -0.9)" /> -->
			<CameraPos FOV="32.0" Name="hoods" InterestPosition="(6.197; 1.39; 0)" MaxXRotation="360" MaxYRotation="360" MaxZoom="2" Position="(12.073; 1.463; -3.949)" />
			<CameraPos FOV="32.0" Name="snorkel" InterestPosition="(5.944; 0.759; 0)" MaxXRotation="360" MaxYRotation="360" MaxZoom="2" Position="(9.22; 3.041; 3.401)" />
			<CameraPos FOV="32.0" Name="addon_1" InterestPosition="(4.616; 1.747; 0)" MaxXRotation="360" MaxYRotation="360" MaxZoom="2" Position="(-0.75; 4.237; 5.28)" />
			<CameraPos FOV="32.0" Name="addon_2" InterestPosition="(5.798; 0.713; 0)" MaxXRotation="360" MaxYRotation="360" MaxZoom="2" Position="(11.332; 4.3; -4.276)" />
		</CustomizationCameras>
		<AddonSockets DefaultAddon="neo_falcon_2000_spare_wheel_default">
			<Socket Names="NeoFalcon2000SpareWheel" NamesBlock="NeoFalcon2000RearBumper2, ScautTrailer" Offset="(0; 0; 0)" ParentFrame="BoneCabin_cdt" />
		</AddonSockets>
		
		<AddonSockets DefaultAddon="neo_falcon_2000_wings_default">
			<Socket Names="NeoFalcon2000WingsStock" Offset="(0; 0; 0)" ParentFrame="BoneCabin_cdt" />
			<Socket Names="NeoFalcon2000Wings" Offset="(0; 0; 0)" ParentFrame="BoneCabin_cdt" />
		</AddonSockets>
		
		<AddonSockets DefaultAddon="neo_falcon_2000_threshold_default">
			<Socket Names="NeoFalconThresholdStock" NamesBlock="NeoFalcon2000Wings" Offset="(0; 0; 0)" ParentFrame="BoneCabin_cdt" />
			<Socket Names="NeoFalconThreshold" Offset="(0; 0; 0)" ParentFrame="BoneCabin_cdt" />
		</AddonSockets>
		
		<AddonSockets>
			<Socket Names="NeoFalcon2000Snorkel" Offset="(0; 0; 0)" ParentFrame="BoneCabin_cdt" />
		</AddonSockets>
		
		<AddonSockets DefaultAddon="neo_falcon_2000_bumper_default">
			<Socket Names="NeoFalcon2000Bumper" Offset="(0; 0; 0)" ParentFrame="BoneCabin_cdt" />
		</AddonSockets>
		
		<AddonSockets>
			<Socket Names="NeoFalcon2000Protector" Offset="(0; 0; 0)" ParentFrame="BoneCabin_cdt" />
		</AddonSockets>
		
		<AddonSockets>
			<Socket Names="NeoFalcon2000Roofrack" Offset="(0; 0; 0)" ParentFrame="BoneCabin_cdt" />
		</AddonSockets>
		
		<AddonSockets DefaultAddon="neo_falcon_2000_bumper_rear_default">
			<Socket Names="NeoFalcon2000RearBumper" Offset="(0; 0; 0)" ParentFrame="BoneCabin_cdt" />
			<Socket Names="NeoFalcon2000RearBumper1" Offset="(0; 0; 0)" NamesBlock="ScautTrailer" ParentFrame="BoneCabin_cdt" />
			<Socket Names="NeoFalcon2000RearBumper2" Offset="(0; 0; 0)" NamesBlock="ScautTrailer" ParentFrame="BoneCabin_cdt" />
		</AddonSockets>
		
		<AddonSockets>
			<Socket Names="NeoFalcon2000Visor" Offset="(0; 0; 0)" ParentFrame="BoneCabin_cdt" />
		</AddonSockets>
		
		<AddonSockets>
			<Socket Names="ScautTrailer" Offset="(-1.979; 0.742; 0)" />
		</AddonSockets>
		<AddonSockets DefaultAddon="neo_falcon_2000_diff_lock_default">
			<Socket Names="NeoFalconDiffLock" />
		</AddonSockets>
		<!-- Added -->
		<AddonSockets>
            <Socket Names="RepairParts" Offset="(0; 0; 0)" /> 
        </AddonSockets>
		<!-- Added -->
		<!-- <STICKER> -->
		<AddonSockets>
			<Socket InCockpit="true" Names="NeoFalcon2000Sticker_1x1_01" ParentFrame="BoneCabin_cdt" Offset="(0; 0; 0)" />
		</AddonSockets>
		<AddonSockets>
			<Socket InCockpit="true" Names="NeoFalcon2000Sticker_1x1_02" ParentFrame="BoneCabin_cdt" Offset="(0; 0; 0)" />
		</AddonSockets>
		<AddonSockets>
			<Socket InCockpit="true" Names="NeoFalcon2000Sticker_1x1_03" ParentFrame="BoneCabin_cdt" Offset="(0; 0; 0)" />
		</AddonSockets>
		<AddonSockets>
			<Socket InCockpit="true" Names="NeoFalcon2000Sticker_1x2_01" ParentFrame="BoneCabin_cdt" Offset="(0; 0; 0)" />
		</AddonSockets>
		<AddonSockets>
			<Socket InCockpit="true" Names="NeoFalcon2000Sticker_1x2_02" ParentFrame="BoneCabin_cdt" Offset="(0; 0; 0)" />
		</AddonSockets>
		<AddonSockets>
			<Socket InCockpit="true" Names="NeoFalcon2000Sticker_1x4_01" ParentFrame="BoneCabin_cdt" Offset="(0; 0; 0)" />
		</AddonSockets>
		<AddonSockets>
			<Socket InCockpit="true" Names="NeoFalcon2000Sticker_GlassTop" Offset="(0; 0; 0)" />
		</AddonSockets>
		<AddonSockets>
			<Socket Names="NeoFalcon2000Sticker_GlassBottom" Offset="(0; 0; 0)" />
		</AddonSockets>
		<AddonSockets>
			<Socket InCockpit="true" Names="NeoFalcon2000Sticker_Capote" Offset="(0; 0; 0)" />
		</AddonSockets>
		<AddonSockets>
			<Socket Names="NeoFalcon2000_Roof" Offset="(0; 0; 0)" />
		</AddonSockets>
		<AddonSockets>
			<Socket Names="NeoFalcon2000Sticker_Door_R" Offset="(0; 0; 0)" />
		</AddonSockets>
		<AddonSockets>
			<Socket InCockpit="true" Names="NeoFalcon2000Sticker_Door_L" Offset="(0; 0; 0)" />
		</AddonSockets>
		<!-- <STUFF> -->
		<AddonSockets>
			<Socket Names="StuffHoodNeoFalcon2000" Offset="(-0.15; 0.02; 0)" ParentFrame="BoneCabin_cdt" />
		</AddonSockets>
		<AddonSockets>
			<Socket
				InCockpit="true"
				Names="StuffDashboard"
				Offset="(0.743; 1.402; 0.66)"
				ParentFrame="BoneCabin_cdt"
			/>
		</AddonSockets>
		<AddonSockets>
			<Socket
				InCockpit="true"
				Names="StuffAirfreshener"
				Offset="(0.601; 1.77; -0.02)"
				ParentFrame="BoneCabin_cdt"
			/>
		</AddonSockets>
	</GameData>
	<ControlledConstraints>
		<Constraint Id="chassis_steer" IsLinkedSteering="true" Name="TieRodSteer" />
	</ControlledConstraints>
	<AutomaticIK>
		<IKBone ModelFrame="BonePistonFL" ParentFrame="BoneCabin_cdt">
			<IKJoint AxisLocal="(0; 0; 1)" Type="Hinge" />
			<IKBone
				AttachOffset="(0; 0; 0)"
				AttachToFrame="BoneAxle1"
				ModelFrame="BonePistonFL2"
			>
				<IKJoint AxisLocal="(0; 1; 0)" Type="Slider" />
			</IKBone>
		</IKBone>
		<IKBone ModelFrame="BonePistonFR" ParentFrame="BoneCabin_cdt">
			<IKJoint AxisLocal="(0; 0; 1)" Type="Hinge" />
			<IKBone
				AttachOffset="(0; 0; 0)"
				AttachToFrame="BoneAxle1"
				ModelFrame="BonePistonFR2"
			>
				<IKJoint AxisLocal="(0; 1; 0)" Type="Slider" />
			</IKBone>
		</IKBone>
		<IKBone ModelFrame="BonePistonRL" ParentFrame="BoneChassis_cdt">
			<IKJoint AxisLocal="(0; 0; 1)" Type="Hinge" />
			<IKBone
				AttachOffset="(0; 0; 0)"
				AttachToFrame="BoneAxle2"
				ModelFrame="BonePistonRL2"
			>
				<IKJoint AxisLocal="(0; 1; 0)" Type="Slider" />
			</IKBone>
		</IKBone>
		<IKBone ModelFrame="BonePistonRR" ParentFrame="BoneChassis_cdt">
			<IKJoint AxisLocal="(0; 0; 1)" Type="Hinge" />
			<IKBone
				AttachOffset="(0; 0; 0)"
				AttachToFrame="BoneAxle2"
				ModelFrame="BonePistonRR2"
			>
				<IKJoint AxisLocal="(0; 1; 0)" Type="Slider" />
			</IKBone>
		</IKBone>
		<IKBone ModelFrame="BoneTieRod1Hinge" ParentFrame="BoneTieRod1_cdt">
			<IKJoint AxisLocal="(0; 0; 1)" Type="Hinge2" />
			<IKBone
				AttachOffset="(0; 0; 0)"
				AttachToFrame="BoneRack"
				ModelFrame="BoneTieRod1Prismatic"
			>
				<IKJoint AxisLocal="(0; 0; 1)" Type="Slider" />
			</IKBone>
		</IKBone>
	</AutomaticIK>
</Truck>
