<_templates Include="trucks">
	<TruckTire>
		<Mudtires _template="ROv2Medium">
			<WheelTracks _template="Offroad" />
			<WheelSoftness _template="Average" />
			<WheelFriction _template="Mudtires" />
		</Mudtires>
		<ScoutOffroad _template="ROv2Medium">
			<WheelTracks _template="Offroad" />
			<WheelSoftness _template="ScoutStiff" />
			<WheelFriction _template="ScoutOffroad" />
		</ScoutOffroad>
		<ScoutMudtires _template="ROv2Medium">
			<WheelTracks _template="Offroad" />
			<WheelSoftness _template="ScoutDefault" />
			<WheelFriction _template="ScoutMudtires" />
		</ScoutMudtires>
		<ScoutChains _template="ROv2Medium">
			<WheelTracks _template="Offroad" />
			<WheelSoftness _template="ScoutSoft" />
			<WheelFriction _template="ScoutChains" />
		</ScoutChains>
		<ScoutAllterrain _template="ROv2Medium">
			<WheelTracks _template="Default" />
			<WheelSoftness _template="ScoutStiff" />
			<WheelFriction _template="ScoutAllterrain" />
		</ScoutAllterrain>
	</TruckTire>
</_templates>
<TruckWheels DamageCapacity="20" Radius="1" Width="1.0">
	<TruckTires>
		<TruckTire _template="ScoutOffroad" Mesh="wheels/tire_scout_apache_1" Name="offroad_apache_1">
			<WheelFriction _template="ScoutOffroad" BodyFriction="4.4" SubstanceFriction="1.6" />
			<GameData
				Price="4500"
				UnlockByExploration="false"
				UnlockByRank="6"
			>
				<UiDesc UiDesc="UI_ROv2_TIRE_OFFROAD_TO_I_APACHE_DESC" UiName="UI_TIRE_SCOUT_BTR_1_NAME" />
			</GameData>
		</TruckTire>
		<TruckTire _template="ScoutAllterrain" Mesh="wheels/tire_scout_apache_offroad_3" Name="allterrain_1">
			<WheelFriction _template="ScoutAllterrain" BodyFrictionAsphalt="8.2" BodyFriction="3.4" SubstanceFriction="1.1" />
			<GameData
				Price="2700"
				UnlockByExploration="false"
				UnlockByRank="4"
			>
				<UiDesc UiDesc="UI_ROv2_TIRE_ALLTERRAIN_ASA_I_DESC" UiName="ASA I" />
			</GameData>
		</TruckTire>
		<TruckTire _template="ScoutAllterrain" Mesh="wheels/tire_scout_apache_offroad_1" Name="allterrain_2">
			<WheelFriction _template="ScoutAllterrain" BodyFriction="3.4" />
			<GameData
				Price="2900"
				UnlockByExploration="false"
				UnlockByRank="4"
			>
				<UiDesc UiDesc="UI_ROv2_TIRE_ALLTERRAIN_ASA_II_DESC" UiName="ASA II" />
			</GameData>
		</TruckTire>
		<TruckTire _template="ScoutAllterrain" Mesh="wheels/tire_scout_apache_offroad_2" Name="allterrain_3">
			<WheelFriction _template="ScoutAllterrain" BodyFrictionAsphalt="8.0" SubstanceFriction="1.4" />
			<GameData
				Price="3100"
				UnlockByExploration="false"
				UnlockByRank="4"
			>
				<UiDesc UiDesc="UI_ROv2_TIRE_ALLTERRAIN_ASA_III_DESC" UiName="ASA III" />
			</GameData>
		</TruckTire>
		<TruckTire
			_template="ScoutMudtires"
			Mesh="wheels/tire_scout_apache_mudtires_1"
			Name="mudtires_1"
			Width="1.2"
		>
			<WheelFriction _template="ScoutMudtires" BodyFriction="4.6" SubstanceFriction="2.0" />
			<GameData
				Price="5300"
				UnlockByExploration="false"
				UnlockByRank="8"
			>
				<UiDesc UiDesc="UI_ROv2_TIRE_MUDTIRE_MSA_I_DESC" UiName="MSA I" />
			</GameData>
		</TruckTire>
		<TruckTire
			_template="ScoutChains"
			Mesh="wheels/tire_scout_apache_chain_1"
			Name="chain_1"
			Width="1.06"
		>
			<WheelFriction _template="ScoutChains" BodyFrictionAsphalt="4.1" BodyFriction="4.5" SubstanceFriction="1.5" />
			<GameData
				Price="6000"
				UnlockByExploration="false"
				UnlockByRank="15"
			>
				<UiDesc UiDesc="UI_ROv2_TIRE_CHAINS_CSA_I_DESC" UiName="CSA I" />
			</GameData>
		</TruckTire>
	</TruckTires>
	<TruckRims>
		<TruckRim Mesh="wheels/rim_scout_apache_1" Name="rim_1">
			<GameData>
				<UiDesc UiDesc="UI_RIM_SCOUT_APACHE_1_DESC" UiName="UI_RIM_SCOUT_APACHE_1_NAME" />
			</GameData>
		</TruckRim>
	</TruckRims>
</TruckWheels>
