<_templates Include="trucks">
	<TruckTire>
		<Offroad _template="ROv2Medium" >
			<WheelTracks _template="Default" />
			<WheelTracks _template="DefaultDouble" Rear="true" />
			<WheelSoftness _template="Stiff" />
			<WheelFriction _template="Offroad" />
		</Offroad>
		<Highway _template="ROv2Medium" >
			<WheelTracks _template="Default" />
			<WheelTracks _template="DefaultDouble" Rear="true" />
			<WheelSoftness _template="ScoutStiff" />
			<WheelFriction _template="Highway" />
		</Highway>
		<Chains _template="ROv2Medium" >
			<WheelTracks _template="Default" />
			<WheelTracks _template="DefaultDouble" Rear="true" />
			<WheelSoftness _template="ScoutStiff" />
			<WheelFriction _template="Chains" />
		</Chains>
		<Allterrain _template="ROv2Medium" >
			<WheelTracks _template="Default" />
			<WheelTracks _template="DefaultDouble" Rear="true" />
			<WheelSoftness _template="Stiff" />
			<WheelFriction _template="Allterrain" />
		</Allterrain>
	</TruckTire>
</_templates>
<TruckWheels
	DamageCapacity="20"
	Radius="1"
	Width="0.62"
	WidthRear="1.382"
>
	<TruckTires>
		<TruckTire _template="Highway" Mesh="wheels/tire_ford_f750_1" Name="highway_ford_f750">
			<WheelFriction _template="Highway" SubstanceFriction="0.5" />
			<GameData
				Price="2300"
				UnlockByExploration="false"
				UnlockByRank="1"
			>
				<UiDesc UiDesc="UI_ROv2_TIRE_HIGHWAY_FHMD_I_DESC" UiName="UI_TIRE_FORD_F750_1_NAME" />
			</GameData>
		</TruckTire>
		<!--TruckTire _template="Offroad" Mesh="wheels/tire_ford_f750_offroad_1" Name="offroad_1">
			<WheelFriction _template="Offroad" BodyFrictionAsphalt="1.0" />
			<GameData
				Price="4400"
				UnlockByExploration="false"
				UnlockByRank="5"
			>
				<UiDesc UiDesc="Asphalt : X.X | Dirt : X.X | Mud : X.X" UiName="UI_TIRE_OFFROAD_DOUBLE_1_NAME" />
			</GameData>
		</TruckTire>
		<TruckTire _template="Offroad" Mesh="wheels/tire_ford_f750_offroad_2" Name="offroad_2">
			<WheelFriction _template="Offroad" SubstanceFriction="1.9" />
			<GameData
				Price="4900"
				UnlockByExploration="false"
				UnlockByRank="7"
			>
				<UiDesc UiDesc="Asphalt : X.X | Dirt : X.X | Mud : X.X" UiName="UI_TIRE_OFFROAD_DOUBLE_2_NAME" />
			</GameData>
		</TruckTire>
		<TruckTire _template="Offroad" Mesh="wheels/tire_ford_f750_offroad_3" Name="offroad_3">
			<WheelFriction _template="Offroad" BodyFriction="3.2" />
			<GameData
				Price="5700"
				UnlockByExploration="false"
				UnlockByRank="10"
			>
				<UiDesc UiDesc="Asphalt : X.X | Dirt : X.X | Mud : X.X" UiName="UI_TIRE_OFFROAD_DOUBLE_3_NAME" />
			</GameData>
		</TruckTire-->
		<TruckTire _template="Chains" Mesh="wheels/tire_ford_f750_chains" WidthRear="1.402" Name="chains_all">
			<WheelFriction _template="Chains" SubstanceFriction="2.2" />
			<GameData
				Price="6900"
				UnlockByExploration="false"
				UnlockByRank="15"
			>
				<UiDesc UiDesc="Asphalt : 2.2 | Dirt : 3.0 | Mud : 2.2" UiName="UI_TIRE_CHAINS_ALL_DOUBLE_NAME" />
			</GameData>
		</TruckTire>
	</TruckTires>
	<TruckRims>
		<TruckRim Mesh="wheels/rim_ford_f750_1" Name="rim_1">
			<GameData>
				<UiDesc UiDesc="UI_RIM_FORD_F750_1_DESC" UiName="UI_RIM_FORD_F750_1_NAME" />
			</GameData>
		</TruckRim>
		<TruckRim Mesh="wheels/rim_medium_highway_double_10" Name="JAT HMD I">
			<GameData>
				<UiDesc UiDesc="UI_RIM_JAT_DESC" UiName="UI_RIM_MEDIUM_HIGHWAY_DOUBLE_10_NAME" />
			</GameData>
		</TruckRim>
		<TruckRim Mesh="wheels/rim_medium_highway_double_11" Name="JAT HMD II">
			<GameData>
				<UiDesc UiDesc="UI_RIM_JAT_DESC" UiName="UI_RIM_MEDIUM_HIGHWAY_DOUBLE_11_NAME" />
			</GameData>
		</TruckRim>
		<TruckRim Mesh="wheels/rim_medium_offroad_double_10" Name="JAT OMD I">
			<GameData>
				<UiDesc UiDesc="UI_RIM_JAT_DESC" UiName="UI_RIM_MEDIUM_OFFROAD_DOUBLE_10_NAME" />
			</GameData>
		</TruckRim>
        <TruckRim Mesh="wheels/rim_medium_offroad_double_11" Name="JAT OMD II">
			<GameData>
				<UiDesc UiDesc="UI_RIM_JAT_DESC" UiName="UI_RIM_MEDIUM_OFFROAD_DOUBLE_11_NAME" />
			</GameData>
		</TruckRim>
	</TruckRims>
</TruckWheels>
