<_templates Include="trucks" />
<TruckWheels DamageCapacity="20" Radius="1" Width="0.88">
	<TruckTires>
		<TruckTire _template="ROv2Light" Mesh="wheels/tire_land_rover_defender_90" Name="tire">
			<WheelTracks _template="Offroad" />
			<WheelSoftness _template="Average" />
			<WheelFriction _template="ScoutOffroad" BodyFrictionAsphalt="8.4" BodyFriction="4.8" SubstanceFriction="1.9" />
			<GameData
				Price="5700"
				UnlockByExploration="false"
				UnlockByRank="1"
			>
				<UiDesc UiDesc="UI_ROv2_TIRE_LRD_IX_DESC" UiName="LRD IX" />
			</GameData>
		</TruckTire>
	</TruckTires>
	<TruckRims>
		<TruckRim Mesh="wheels/rim_land_rover_defender_90" Name="rim">
			<GameData>
				<UiDesc UiDesc="UI_RIM_LAND_ROVER_DESC" UiName="LRD IX" />
			</GameData>
		</TruckRim>
	</TruckRims>
</TruckWheels>
