<TruckAddon _noinherit="true">
	<PhysicsModel Mesh="trucks/cargo/cargo_railway_new">
		<NetSync Legacy="false" />
		<Body Mass="800" ModelFrame="Bone1_cdt">
			<Constraint ExplicitParentFrame="0" Type="Fixed" />
			<Body Mass="800" ModelFrame="Bone2_cdt">
				<Constraint ExplicitParentFrame="1" Type="Fixed" />
				<Body Mass="800" ModelFrame="Bone3_cdt">
					<Constraint ExplicitParentFrame="2" Type="Fixed" />
					<Body Mass="800" ModelFrame="Bone4_cdt">
						<Constraint ExplicitParentFrame="3" Type="Fixed" />
						<Body Mass="800" ModelFrame="Bone5_cdt">
							<Constraint ExplicitParentFrame="4" Type="Fixed" />
						</Body>
					</Body>
				</Body>
			</Body>
		</Body>
	</PhysicsModel>
	<GameData>
		<Sounds
			InstallSound="cargo_manual/cargo_manual_railway"
			TransportedSound="load/pipe_large/pipe_large_rnd"
			ManualSound="cargo_manual/cargo_manual_railway"
		/>
		<InstallSlot
			CargoLength="5"
			CargoType="CargoRailway"
			CargoValue="1"
			Offset="(5.118; 0; 0)"
		/>
	</GameData>
</TruckAddon>