<_templates Include="trucks">
	<TruckTire>
		<ScoutOffroad _template="ROv2Light" >
			<WheelTracks _template="Default" />
			<WheelTracks _template="Offroad" />
			<WheelSoftness _template="ScoutSoft" />
			<WheelFriction _template="ScoutOffroad" />
		</ScoutOffroad>
	</TruckTire>
</_templates>
<TruckWheels DamageCapacity="25" Radius="1" Width="0.715">
	<TruckTires>
		<TruckTire _template="ScoutOffroad" Mesh="wheels/tire_gor_by4" Name="tire_1">
			<WheelFriction _template="Offroad" BodyFrictionAsphalt="7.0" BodyFriction="4.4" SubstanceFriction="1.7" />
			<GameData
				Price="5300"
				UnlockByExploration="false"
				UnlockByRank="7"
			>
				<UiDesc UiDesc="UI_ROv2_GOR_BY4_TIRE_OFFROAD_DESC" UiName="UI_TIRE_GOR_BY4_NAME" />
			</GameData>
		</TruckTire>
	</TruckTires>
	<TruckRims>
		<TruckRim Mesh="wheels/rim_gor_by4" Name="rim_1">
			<GameData>
				<UiDesc UiDesc="UI_RIM_GOR_BY4_DESC" UiName="UI_RIM_GOR_BY4_NAME" />
			</GameData>
		</TruckRim>
	</TruckRims>
</TruckWheels>
