<_templates Include="trucks">
	<TruckTire>
		<Offroad _template="ROv2Heavy">
			<WheelTracks _template="Offroad" />
			<WheelSoftness _template="ScoutAverage" />
		</Offroad>
	</TruckTire>
</_templates>
<TruckWheels DamageCapacity="35" Radius="1" Width="0.715">
	<TruckTires>
		<TruckTire _template="Offroad" Mesh="wheels/tire_azov_43_191_sprinter" Name="tire">
			<WheelFriction _template="Allterrain" BodyFrictionAsphalt="7.9" BodyFriction="4.4" SubstanceFriction="1.9"/>
			<GameData
				Price="9300"
				UnlockByExploration="false"
				UnlockByRank="1"
			>
				<UiDesc UiDesc="UI_ROv2_TIRE_SPRINTER_ALLTERRAIN_DESC" UiName="UI_TIRE_AZOV_SPRINTER_NAME" />
			</GameData>
		</TruckTire>
	</TruckTires>
	<TruckRims>
		<TruckRim Mesh="wheels/rim_azov_43_191_sprinter" Name="rim">
			<GameData>
				<UiDesc UiDesc="UI_RIM_HEAVY_OFFROAD_SINGLE_1_DESC" UiName="K-DT4" />
			</GameData>
		</TruckRim>
		
	</TruckRims>
</TruckWheels>
