<_templates Include="trucks">
	<Wheel>
		<RearWheel
			ConnectedToHandbrake="true"
			Location="rear"
			Torque="full"
		/>
		<MiddleWheel
			ConnectedToHandbrake="true"
			Location="rear"
			Torque="default"
		/>
		<FrontWheel
			Location="front"
			SteeringAngle="26"
			SteeringCastor="8"
			SteeringJointOffset="0.25"
			Torque="default"
			ParentFrame="BoneCabin_cdt"
		/>
	</Wheel>
	<Body>
		<TieRod Mass="1">
			<Constraint
				AxisLocal="(0; 0; 1)"
				Type="Hinge"
				MinLimit="-25"
				MaxLimit="25"
			>
				<Motor
					Damping="1.0"
					Force="6000"
					Tau="1"
					Type="Position"
				/>
			</Constraint>
		</TieRod>
		<SunShield Collisions="None" Mass="2">
			<Constraint
				AxisLocal="(0; 0; 1)"
				Type="Hinge"
				MinLimit="-8"
				MaxLimit="8"
			>
				<Motor Damping="0.5" Spring="20" Type="Spring" />
			</Constraint>
		</SunShield>
	</Body>
</_templates>
<Truck>
	<TruckData
		BackSteerSpeed="0.05"
		DiffLockType="Always"
		EngineIconMesh="env/engine_small"
		EngineIconScale="1.35"
		EngineStartDelay="2"
		ExhaustStartTime="1.8"
		FuelCapacity="95"
		Responsiveness="0.55"
		SteerSpeed="0.035"
		TruckImage="chevroletapachemchr"
		TruckType="SCOUT"
	>
		<WinchUpgradeSocket Default="w_scout_default" IsUpgradable="true" Type="winches_scouts" />
		<Wheels
			DefaultRim="rim_1"
			DefaultTire="offroad_apache_1"
			DefaultWheelType="wheels_scout_apache_1"
		>
			<Wheel _template="FrontWheel" Pos="(1.953; 0.567; 0.86)" />
			<Wheel _template="FrontWheel" RightSide="true" Pos="(1.953; 0.567; 0.86)" />
			<Wheel _template="RearWheel" Pos="(-0.677; 0.567; 0.86)" />
			<Wheel _template="RearWheel" RightSide="true" Pos="(-0.677; 0.567; 0.86)" />
			<Wheel _template="RearWheel" Pos="(-1.875; 0.567; 0.86)" />
			<Wheel _template="RearWheel" RightSide="true" Pos="(-1.875; 0.567; 0.86)" />
		</Wheels>
		<SuspensionSocket
			Default="chevy_apache_suspension_default"
			Type="s_chevy_apache"
			MaxWheelRadiusWithoutSuspension="0.41"
		/>
		<SteeringWheel Frame="BoneSteering" />
		<SteeringRack
			Frame="BoneRack"
			FrameSteerLeft="BoneRackL"
			FrameSteerRight="BoneRackR"
			RackHalfSizeZ="0.783"
		/>
		<Steam Origin="(1.8; 1.013; 0)" />
		<SoundsWheels _template="Default" />
		<SoundsDamage _template="Scout" />
		<Sounds
			_template="Default"
			DisableReversePitch="false"
			MinDist="8.0"
			Origin="(1.66; 1.512; 0)"
		>
			<EngineTrans	Sound="" />
			<Handbrake		Sound="trucks/common/truck_handbrake_switch_alt1" />
			<HandbrakeOff	Sound="trucks/common/truck_handbrake_switch_off" />
			<Reverse		Sound="" />
			<BrakePull		Sound="trucks/chevy_apache/chevy_apache_brake_pull" />
			<BrakeRelease	Sound="" />
			<BrakesSqueal	Sound="trucks/chevy_apache/chevy_apache_brakes_squeal" />
			<Gear			Sound="trucks/common/truck_gear_shift_medium_rnd_set/truck_gear_shift_medium_rnd" />
			<GearFail		Sound="trucks/common/truck_gear_wrong/truck_gear_wrong_small_old" />
			<Honk			Sound="trucks/chevy_apache/chevy_apache_honk" />
			<EngineRev		Sound="trucks/chevy_apache/chevy_apache_rev" />
			<EngineAccel	Sound="trucks/chevy_apache/chevy_apache_acc" />
			<EngineStart	Sound="trucks/chevy_apache/chevy_apache_start" />
			<EngineStop		Sound="trucks/chevy_apache/chevy_apache_stop" />
			<EngineIdle		Sound="trucks/chevy_apache/chevy_apache_idle" />
			<EngineIdle_2d	Sound="trucks/chevy_apache/chevy_apache_idle_2d"	IsSound2D="true" />
			<EngineLow		Sound="trucks/chevy_apache/chevy_apache_low" />
			<EngineLow_2d	Sound="trucks/chevy_apache/chevy_apache_low_2d"	IsSound2D="true" />
			<EngineHigh		Sound="trucks/chevy_apache/chevy_apache_high" />
			<EngineHigh_2d	Sound="trucks/chevy_apache/chevy_apache_high_2d"	IsSound2D="true" />
			<EngineHeavy	Sound="" />
			<EngineHeavy_2d	Sound=""	IsSound2D="true" />
			<AbruptStop		Sound="trucks/common/truck_swing_big_rnd_set/truck_swing_big_rnd" />
		</Sounds>
		<Shakers>
			<Shaker Frame="BoneExhaust" MinAngle="(0.4; 0.4; 0.4)" MaxAngle="(4; 4; 4)" MaxFrequency="3" />
			<Shaker Frame="BoneGearstick" MinAngle="(0.1; 0.1; 0.1)" MaxAngle="(2; 2; 2)" MaxFrequency="0.5" />
		</Shakers>
		<Shafts>
			<Shaft Mesh="env/minishaft" SocketPointA="Shaft1a" SocketPointB="Shaft1b" />
			<Shaft Mesh="env/minishaft" SocketPointA="Shaft2a" SocketPointB="Shaft2b" />
			<Shaft Mesh="env/minishaft" SocketPointA="Shaft3a" SocketPointB="Shaft3b" />
            <Shaft Mesh="env/minishaft" SocketPointA="Shaft4a" SocketPointB="Shaft4b" />
            <Shaft Mesh="env/minishaft" SocketPointA="Shaft5a" SocketPointB="Shaft5b" />            
		</Shafts>
		<OcclusionMap
			HalfSizeZ="2.0"
			Texture="trucks/occlusion/chassis_small__s_d_a.tga"
			MinX="-3.3"
			MaxX="3.4"
		/>
		<LimitedFluid Center="(0.602; 0.742; -0.707)" SizeX="0.67" SizeY="0.3" SizeZ="0.484" Type="Box" ParentFrame="BoneCabin_cdt" />
		<LimitedFluid Center="(0.602; 0.742; 0.707)" SizeX="0.67" SizeY="0.3" SizeZ="0.484" Type="Box" ParentFrame="BoneCabin_cdt" />
		<Intake Dir="(1; 0; 0)" Origin="(2.638; 1.443; 0.131)" Size="1" />
		<GearboxSocket Default="g_scout_default" Type="gearboxes_scouts" />
		<FuelTank DamageCapacity="25" />
		<Exhaust
			Dir="(-0.906; -0.422; 0)"
			IsLight="true"
			Origin="(-2.219; 0.746; -0.423)"
			Speed="2.0"
		/>
		<EngineSocket Default="us_scout_old_engine_0" Type="e_us_scout_old, e_us_scout_old_ck1500" />
		<Driver AnimationSet="Scout" Pos="(0.498; 1.547; 0.355)" SteeringWheelPos="(0.764; 1.934; 0.348)" />
		<Dashboard>
			<Gauge Damping="0.99" Dir="(-0.963; 0.269; 0.028)" InputRange="(0;1)" InputType="engineEnabled" Mesh="trucks/arrows/chevy_apache_arrow_1" Org="(1.179; 1.858; 0.439)" OutputAngles="(-22; 3)" />
			<Gauge Damping="0.99" Dir="(-0.963; 0.271; 0)" InputRange="(0;1)" InputType="engineEnabled" Mesh="trucks/arrows/chevy_apache_arrow_1" Org="(1.180; 1.86; 0.387)" OutputAngles="(-16; -3)" />
			<Gauge Damping="0.99" Dir="(-0.963; 0.271; 0)" InputRange="(0;1)" InputType="engineEnabled" Mesh="trucks/arrows/chevy_apache_arrow_1" Org="(1.180; 1.86; 0.304)" OutputAngles="(-14; 2)" />
			<Gauge Damping="0.99" Dir="(-0.963; 0.27; -0.017)" InputRange="(0;1)" InputType="fuel" Mesh="trucks/arrows/chevy_apache_arrow_1" Org="(1.179; 1.858; 0.248)" OutputAngles="(-13; 17)" />
			<Gauge Dir="(-0.963; 0.271; 0)" InputRange="(0;100)" InputType="speed" Mesh="trucks/arrows/chevy_apache_arrow_2" Org="(1.169; 1.798; 0.345)" OutputAngles="(-65; 63)" />
		</Dashboard>
		<Damage>
			<DamageArea Type="Engine" Min="(1.4; 1.180; -0.6)" Max="(2.59; 1.75; 0.6)" ParentFrame="BoneChassis_cdt" />
			<DamageArea Type="FuelTank" Min="(0.1; 0.58; -0.98)" Max="(1.1; 0.9; 0.98)" ParentFrame="BoneChassis_cdt" />
			<!-- Added -->
			<Multiplier Multiplier="0.20" Type="Wheels" />
			<Multiplier Multiplier="0.35" Type="Suspension" />
			<!-- Added -->
		</Damage>
		<CompatibleWheels OffsetZ="0.02" Scale="0.56" Type="wheels_scout_apache_1" />
		<CompatibleWheels OffsetZ="0.02" Scale="0.56" Type="wheels_scout_yar_87" />
		<CompatibleWheels OffsetZ="0.02" Scale="0.56" Type="wheels_scout_yar_871" />
		<CompatibleWheels OffsetZ="0.02" Scale="0.56" Type="wheels_medium_ank_mk38" />
		<CompatibleWheels OffsetZ="0.02" Scale="0.56" Type="wheels_scout_offroad" />
		<CompatibleWheels OffsetZ="0.02" Scale="0.56" Type="wheels_scout_mudtires" />
		<!--CompatibleWheels OffsetZ="0.02" RearOffsetZ="0.14" Scale="0.56" Type="wheels_medium_double" />-->
		<CompatibleWheels OffsetZ="0.02" Scale="0.59" Type="wheels_scout_apache_1" />
		<CompatibleWheels OffsetZ="0.02" Scale="0.59" Type="wheels_scout_yar_87" />
		<CompatibleWheels OffsetZ="0.02" Scale="0.59" Type="wheels_scout_yar_871" />
		<CompatibleWheels OffsetZ="0.02" Scale="0.59" Type="wheels_medium_ank_mk38" />
		<CompatibleWheels OffsetZ="0.02" Scale="0.59" Type="wheels_scout_offroad" />
		<CompatibleWheels OffsetZ="0.02" Scale="0.59" Type="wheels_scout_mudtires" />
		<!--CompatibleWheels OffsetZ="0.02" RearOffsetZ="0.16" Scale="0.59" Type="wheels_medium_double" />-->
		<Camera Center="(-1.6; 0; 0)" Radius="1.2">
			<Cockpit
                _template="Default"
                WindshieldDiffuseTexture="trucks/chevy_apache_glass__d_a.tga"
                WindshieldShadingTexture="trucks/chevy_apache_glass__sh_d.tga"
                ViewPos="(0.45; 2.243; 0.307)"
            >
                <Mirror ClipDir="(-0.945; 0.148; -0.291)" CurveAngle="10" FOVScale="1.8" MeshFrame="mirror_left" ReflectionDir="(-0.945; 0.148; -0.291)" Size="(0.135; 0.135)" Pos="(1.103; 1.983; 0.929)" />
                <Mirror ClipDir="(-0.861; 0.095; 0.499)" ClipOffset="0.1" CurveAngle="10" FOVScale="1.8" MeshFrame="mirror_right" ReflectionDir="(-0.861; 0.095; 0.499)" Size="(0.135; 0.135)" Pos="(1.180; 1.997; -0.908)" />
                <Mirror ClipDir="(-0.976; -0.064; 0.207)" ClipOffset="0.1" FOVScale="2" MeshFrame="hp_cab_mirror" ReflectionDir="(-0.976; -0.064; 0.207)" Size="(0.17; 0.085)" Pos="(1.108; 2.271; 0.002)" />
            </Cockpit>
		</Camera>
		<Axles>
			<Axle Frame="BoneAxle1" />
			<Axle Frame="BoneAxle2" />
			<Axle Frame="BoneAxle3" />
		</Axles>
	</TruckData>
	<Snorkel Origin="(2.76; 1.31; 0)" />
	<PhysicsModel Mesh="trucks/chevy_apache">
		<Body
			CenterOfMassOffset="(0.1; -0.2; 0)"
			ImpactType="Truck"
			Mass="1500"
			NetSync="pv"
		>
			<Body
				CenterOfMassOffset="(-0.1; -0.1; 0)"
				ImpactType="Truck"
				Mass="1400"
				ModelFrame="BoneCabin_cdt"
				NetSync="pv"
			>
				<Constraint
					Cone="2"
					PlaneAxisLocal="(0; 0; 1)"
					TwistAxisLocal="(0; 1; 0)"
					Type="Ragdoll"
					PlaneMin="-2"
					PlaneMax="2"
				>
					<PlaneMotor Damping="150000" Spring="300000" Type="Spring" />
					<ConeMotor Damping="70000" Spring="150000" Type="Spring" />
				</Constraint>
				<Body _template="TieRod" ModelFrame="BoneTieRod_cdt">
					<Constraint Name="TieRodSteer" />
				</Body>
				<Body _template="SideMirror" ModelFrame="BoneMirrorRight_cdt" />
				<Body _template="SideMirror" ModelFrame="BoneMirrorLeft_cdt" />
				<Body Mass="0.5" ModelFrame="BoneKey_cdt">
					<Constraint
						AxisLocal="(0; 0; 1)"
						Type="Hinge"
						MinLimit="-40"
						MaxLimit="25"
					>
						<Motor Damping="0.002" Spring="0.004" Type="Spring" />
					</Constraint>
				</Body>
				<Body _template="SunShield" ModelFrame="BoneLeftSunshield_cdt" />
				<Body _template="SunShield" ModelFrame="BoneRightSunshield_cdt" />
				<Body Mass="2.5" ModelFrame="BoneChain1Left_cdt">
					<Constraint
						AxisLocal="(0; 0; 1)"
						Collisions="None"
						Type="Hinge"
						MinLimit="-60"
						MaxLimit="15"
					>
						<Motor Damping="2.5" Spring="2.5" Type="Spring" />
					</Constraint>
					<Body Mass="5" ModelFrame="BoneChain2Left_cdt">
						<Constraint
							AxisLocal="(0; 0; 1)"
							Collisions="None"
							Type="Prismatic"
							MinLimit="-0.015"
							MaxLimit="0.10"
						>
							<Motor Damping="2" Spring="20" Type="Spring" />
						</Constraint>
					</Body>
				</Body>
				<Body Mass="2.5" ModelFrame="BoneChain1Right_cdt">
					<Constraint
						AxisLocal="(0; 0; 1)"
						Collisions="None"
						Type="Hinge"
						MinLimit="-60"
						MaxLimit="10"
					>
						<Motor Damping="2.5" Spring="2.5" Type="Spring" />
					</Constraint>
					<Body Mass="5" ModelFrame="BoneChain2Right_cdt">
						<Constraint
							AxisLocal="(0; 0; 1)"
							Collisions="None"
							Type="Prismatic"
							MinLimit="-0.15"
							MaxLimit="0.015"
						>
							<Motor Damping="2" Spring="20" Type="Spring" />
						</Constraint>
					</Body>
				</Body>
			</Body>
		</Body>
	</PhysicsModel>
	<NetSync Legacy="false" />
	<ModelAttachments>
		<StopSignals>
			<Light _template="StopSignal" Pos="(-2.666; 0.944; 0)" />
			<Flare _template="StopSignal" Pos="(-2.533; 1.235; 0.781)" /> <!--Modified-->
			<Flare _template="StopSignal" Pos="(-2.533; 1.235; -0.781)" /> <!--Modified-->
		</StopSignals>
		<Ignition>
			<Light _template="IgnitionSignalWhite" Color="g(255; 205; 145) x 0.5" Pos="(3; 1.3; 0.67)" ParentFrame="BoneCabin_cdt" /> 
			<Light _template="IgnitionSignalWhite" Color="g(255; 205; 145) x 0.5" Pos="(3; 1.3; -0.67)" ParentFrame="BoneCabin_cdt" />
			<Light _template="IgnitionSignalRed" Pos="(-3; 1.3; 0)" />
			<Flare _template="IgnitionSignalWhite" Color="g(240; 196; 152) x 0.4" Size="0.18" Pos="(2.583; 1.579; -0.799)" ParentFrame="BoneCabin_cdt" />
			<Flare _template="IgnitionSignalWhite" Color="g(240; 196; 152) x 0.4" Size="0.18" Pos="(2.583; 1.579; 0.799)" ParentFrame="BoneCabin_cdt" />
			<Flare _template="IgnitionSignalWhite" Color="g(240; 196; 152) x 0.5" Size="0.25" Pos="(2.583; 1.579; -0.631)" ParentFrame="BoneCabin_cdt" />
			<Flare _template="IgnitionSignalWhite" Color="g(240; 196; 152) x 0.5" Size="0.25" Pos="(2.583; 1.579; 0.631)" ParentFrame="BoneCabin_cdt" />
			<Flare _template="IgnitionSignalRed" Color="g(169; 0; 0) x 0.8" Size="0.12" Pos="(-2.533; 1.264; -0.781)" />
			<Flare _template="IgnitionSignalRed" Color="g(169; 0; 0) x 0.8" Size="0.12" Pos="(-2.533; 1.264; 0.781)" />
			<Flare _template="IgnitionSignalOrange" Size="0.25" Pos="(2.606; 1.287; -0.678)" ParentFrame="BoneCabin_cdt" />
			<Flare _template="IgnitionSignalOrange" Size="0.25" Pos="(2.606; 1.287; 0.678)" ParentFrame="BoneCabin_cdt" />
		</Ignition>
		<HeadLight>
			<Model _template="HeadLightRay" Org="(2.563; 1.579; -0.712)" ParentFrame="BoneCabin_cdt" />
			<Model _template="HeadLightRay" Org="(2.563; 1.579; 0.712)" ParentFrame="BoneCabin_cdt" />
			<Flare _template="HeadLight" Color="g(235; 230; 220) x 0.5" Size="0.3" Pos="(2.583; 1.579; -0.63)" ParentFrame="BoneCabin_cdt" /> <!--Modified-->
			<Flare _template="HeadLight" Color="g(235; 230; 220) x 0.5" Size="0.3" Pos="(2.583; 1.579; 0.63)" ParentFrame="BoneCabin_cdt" /> <!--Modified-->
			<Flare _template="HeadLight" Color="g(235; 230; 220) x 0.5" Size="0.3" Pos="(2.583; 1.579; -0.795)" ParentFrame="BoneCabin_cdt" /> <!--Added-->
			<Flare _template="HeadLight" Color="g(235; 230; 220) x 0.5" Size="0.3" Pos="(2.583; 1.579; 0.795)" ParentFrame="BoneCabin_cdt" /> <!--Added-->
			<Flare _template="BlueStreak" Size="0.6" Pos="(2.563; 1.579; -0.712)" ParentFrame="BoneCabin_cdt" />
			<Flare _template="BlueStreak" Size="0.6" Pos="(2.563; 1.579; 0.712)" ParentFrame="BoneCabin_cdt" />
		</HeadLight>
	</ModelAttachments>
	<Landmark Mesh="landmarks/chevy_apache_lmk" MinScale="1.8" MaxScale="3.8" />
	<HeadLight _template="Default" Pos="(2.583; 1.579; 0)" ParentFrame="BoneCabin_cdt" />
	<GameData
		Country="US,NE"
		Price="47500"
		UnlockByExploration="false"
		UnlockByRank="11"
	>
		<WinchSocket Pos="(-2.448; 1.14; 0)" />
        <WinchSocket Pos="(-0.125; 1; -0.458)" />
        <WinchSocket Pos="(-0.125; 1; 0.458)" />
        <WinchSocket Pos="(2.649; 0.96; -0.455)" />
        <WinchSocket Pos="(2.649; 0.96; 0.455)" />
		<UiDesc
			UiDesc="UI_VEHICLE_CHEVY_APACHE_DESC"
			UiIcon30x30="scoutVehicleImg30"
			UiIcon328x458="shopImgChevroletApache"
			UiIcon40x40="scoutVehicleImg"
			UiIconLogo="ChevroletLogo80"
			UiName="UI_VEHICLE_CHEVY_APACHE_NAME"
		/>
		<CustomizationCameras>
            <CameraPos FOV="32.0" Interior="true" Name="roof_sticker" InterestPosition="(5.36; 1.448; -0.66)" Position="(7.664; 5.963; -0.002)" />
            <CameraPos FOV="32.0" Interior="true" Name="sticker_1" InterestPosition="(7.22; 3.009; 0.779)" Position="(5.199; 2.177; -0.449)" />
            <CameraPos FOV="32.0" Name="addon_1" InterestPosition="(3.85; 1.692; 0)" MaxXRotation="360" MaxYRotation="360" MaxZoom="2" Position="(-2.145; 3.333; 4.704)" />
            <CameraPos FOV="32.0" Name="addon_2" InterestPosition="(6.436; 1.878; 0)" MaxXRotation="360" MaxYRotation="360" MaxZoom="2" Position="(8.24; 2.918; 3.2)" />
            <CameraPos FOV="32.0" Interior="true" Name="mirror_mount" InterestPosition="(7.452; 1.612; 1.723)" Position="(4.953; 2.279; -0.349)" />
            <CameraPos FOV="32.0" Name="side_r" InterestPosition="(4.679; 0.759; -0)" MaxXRotation="360" MaxYRotation="360" MaxZoom="2" Position="(9.22; 3.041; -2.085)" />
            <CameraPos FOV="32.0" Interior="true" Name="sticker" InterestPosition="(7.498; 0.871; 1.54)" Position="(5.37; 2.331; -0.453)" />
            <CameraPos FOV="32.0" Interior="true" Name="glass_sticker" InterestPosition="(5.814; 2.065; -0.88)" Position="(8.386; 3.029; 0.421)" />
            <CameraPos FOV="32.0" Interior="true" Name="door_r_sticker" InterestPosition="(6.311; 1.203; 1.328)" Position="(3.704; 2.091; 3.497)" />
            <CameraPos FOV="32.0" Name="roof" InterestPosition="(5.163; 1.536; -0)" MaxXRotation="360" MaxYRotation="360" MaxZoom="2" Position="(9.761; 3.448; -1.949)" />
            <CameraPos FOV="32.0" Interior="true" Name="capote_sticker" InterestPosition="(7.228; 1.643; -0.747)" Position="(8.903; 5.340; 0.016)" />
            <CameraPos FOV="32.0" Name="hoods" InterestPosition="(5.716; 1.31; 0)" MaxXRotation="360" MaxYRotation="360" MaxZoom="2" Position="(11.602; 1.605; -3.42)" />
            <CameraPos FOV="32.0" Interior="true" Name="sticker_2" InterestPosition="(7.956; 3.013; 2.301)" Position="(5.063; 2.172; -0.03)" />
            <CameraPos FOV="32.0" Name="side_l" InterestPosition="(6.436; 1.512; 0)" MaxXRotation="360" MaxYRotation="360" MaxZoom="2" Position="(8.047; 2.935; 3.2)" />
            <CameraPos FOV="32.0" Interior="true" Name="bubble_head" InterestPosition="(7.22; 1.301; 1.296)" Position="(5.063; 2.382; -0.553)" />
            <CameraPos FOV="32.0" Name="wheels" InterestPosition="(5.826; 0.411; -0.046)" MaxXRotation="360" MaxYRotation="360" MaxZoom="2" Position="(8.618; 1.509; -3.571)" />
            <CameraPos FOV="32.0" Name="default" InterestPosition="(5.716; 1.31; 0)" MaxXRotation="360" MaxYRotation="360" MaxZoom="2" Position="(11.602; 1.605; -3.42)" />
            <CameraPos FOV="32.0" Name="rear" InterestPosition="(4.005; 1.062; 0)" MaxXRotation="360" MaxYRotation="360" MaxZoom="2" Position="(-1.418; 2.066; 1.833)" />
            <CameraPos FOV="32.0" Interior="true" Name="door_l_sticker" InterestPosition="(4.651; 1.275; -0.592)" Position="(3.764; 2.034; -3.573)" />
            <CameraPos FOV="32.0" Interior="true" Name="hood_ornament" InterestPosition="(7.506; 1.929; -1.188)" Position="(8.758; 2.306; -1.114)" />
        </CustomizationCameras>
		<CraneSocket Pos="(-2.448; 1.14; 0)" />
        <CraneSocket Pos="(-0.125; 1; -0.458)" />
        <CraneSocket Pos="(-0.125; 1; 0.458)" />
        <CraneSocket Pos="(0.5; 2.5; 0)" />
        <CraneSocket Pos="(2.649; 0.96; -0.455)" />
        <CraneSocket Pos="(2.649; 0.96; 0.455)" />
		<AddonSockets DefaultAddon="chevy_apache_bumper_front_default">
			<Socket Names="ChevyApacheFrontBumper" Offset="(0; 0; 0)" ParentFrame="BoneChassis_cdt" />
			<Socket Names="ChevyApacheFrontBumperCable" Offset="(0; 0; 0)" ParentFrame="BoneChassis_cdt">
				<ExtraParent Frame="BoneCabin_cdt" />
			</Socket>
			<Socket Names="ApacheTowingBumper" Offset="(-0.1; 0.16; 0)" ParentFrame="BoneChassis_cdt" />
		</AddonSockets>
		<AddonSockets DefaultAddon="chevy_apache_bumper_rear_default">
			<Socket Names="ChevyApacheRearBumper" Offset="(0; 0; 0)" NamesBlock="ScautTrailer, Trailer" ParentFrame="BoneChassis_cdt" />
			<Socket Names="ApacheHitchBumper" Offset="(0.15; 0.13; 0)" ParentFrame="BoneChassis_cdt" />
		</AddonSockets>
		<AddonSockets>
			<Socket Names="ChevyApacheSpotLight" Offset="(0; 0; 0)" ParentFrame="BoneCabin_cdt" />
		</AddonSockets>
		<AddonSockets>
			<Socket Names="ChevyApacheSnorkel" Offset="(0; 0; 0)" ParentFrame="BoneCabin_cdt" />
		</AddonSockets>
		<AddonSockets>
			<Socket Names="ChevyApacheHorn1" Offset="(0; 0; 0)" ParentFrame="BoneCabin_cdt" />
		</AddonSockets>
		<AddonSockets>
			<Socket Names="ChevyApacheHorn2" Offset="(0; 0; 0)" ParentFrame="BoneCabin_cdt" />
		</AddonSockets>
		<AddonSockets>
			<Socket Names="ChevyApacheVisor" Offset="(0; 0; 0)" ParentFrame="BoneCabin_cdt" />
		</AddonSockets>
		<AddonSockets>
			<Socket
				Names="ChevyApacheRooftopTrunk"
				NamesBlock="ChevyApacheHorn2, ChevyApacheSpotLight"
				Offset="(0; 0; 0)"
				ParentFrame="BoneCabin_cdt"
			>
				<ExtraParent Frame="BoneChassis_cdt" />
			</Socket>
		</AddonSockets>
		<AddonSockets>
			<Socket Names="ChevyApacheTrunk" Offset="(0; 0; 0)" ParentFrame="BoneCabin_cdt">
				<ExtraParent Frame="BoneChassis_cdt" />
			</Socket>
		</AddonSockets>
		<!--Added-->
		<AddonSockets>
			<Socket Names="ScautTrailer" Offset="(-2.61; 0.9; 0)" ParentFrame="BoneChassis_cdt" />
			<Socket Names="Trailer" Offset="(-2.61; 0.9; 0)" />
		</AddonSockets>
		<AddonSockets>
            <Socket Names="RepairParts" Offset="(0; 0; 0)" /> 
        </AddonSockets>
		<!--Added-->
		<AddonSockets>
            <Socket
                InCockpit="true"
                Names="StuffDashboard"
                Offset="(1.228; 1.986; 0.247)"
                ParentFrame="BoneCabin_cdt"
            />
        </AddonSockets>
        <AddonSockets>
            <Socket
                InCockpit="true"
                Names="ChevyApacheSticker_1x1_01"
                Offset="(0; 0; 0)"
                ParentFrame="BoneCabin_cdt"
            />
        </AddonSockets>
        <AddonSockets>
            <Socket
                InCockpit="true"
                Names="ChevyApacheSticker_1x1_02"
                Offset="(0; 0; 0)"
                ParentFrame="BoneLeftSunshield_cdt"
            />
        </AddonSockets>
        <AddonSockets>
            <Socket
                InCockpit="true"
                Names="ChevyApacheSticker_1x2_01"
                Offset="(0; 0; 0)"
                ParentFrame="BoneCabin_cdt"
            />
        </AddonSockets>
        <AddonSockets>
            <Socket
                InCockpit="true"
                Names="ChevyApacheSticker_1x2_02"
                Offset="(0; 0; 0)"
                ParentFrame="BoneCabin_cdt"
            />
        </AddonSockets>
        <AddonSockets>
            <Socket
                InCockpit="true"
                Names="ChevyApacheSticker_1x2_03"
                Offset="(0; 0; 0)"
                ParentFrame="BoneLeftSunshield_cdt"
            />
        </AddonSockets>
        <AddonSockets>
            <Socket
                InCockpit="true"
                Names="ChevyApacheSticker_1x4_01"
                Offset="(0; 0; 0)"
                ParentFrame="BoneRightSunshield_cdt"
            />
        </AddonSockets>
        <AddonSockets>
            <Socket
                InCockpit="true"
                Names="StuffAirfreshener"
                Offset="(1.128; 2.292; 0)"
                ParentFrame="BoneCabin_cdt"
            />
        </AddonSockets>
        <AddonSockets>
            <Socket Names="ChevyApacheSticker_Roof" Offset="(0; 0; 0)" ParentFrame="BoneCabin_cdt" />
        </AddonSockets>
        <AddonSockets>
            <Socket
                InCockpit="true"
                Names="ChevyApacheSticker_Capote"
                Offset="(0; 0; 0)"
                ParentFrame="BoneCabin_cdt"
            />
        </AddonSockets>
        <AddonSockets>
            <Socket
                InCockpit="true"
                Names="ChevyApacheSticker_Door_L"
                Offset="(0; 0; 0)"
                ParentFrame="BoneCabin_cdt"
            />
        </AddonSockets>
        <AddonSockets>
            <Socket Names="ChevyApacheSticker_Door_R" Offset="(0; 0; 0)" ParentFrame="BoneCabin_cdt" />
        </AddonSockets>
        <AddonSockets>
            <Socket
                InCockpit="true"
                Names="ChevyApacheSticker_GlassTop"
                Offset="(0; 0; 0)"
                ParentFrame="BoneCabin_cdt"
            />
        </AddonSockets>
        <AddonSockets>
            <Socket Names="StuffHoodChevyApache" ParentFrame="BoneCabin_cdt" />
        </AddonSockets>
		<!--Added-->
		<AddonSockets>
			<Socket Names="AddonHornsSmall" NamesBlock="StuffHoodChevyApache" Offset="(2.42; 1.82; 0)" ParentFrame="BoneCabin_cdt" />
		</AddonSockets>
		<!--Added-->
	</GameData>
	<ControlledConstraints>
		<Constraint Id="chassis_steer" IsLinkedSteering="true" Name="TieRodSteer" />
	</ControlledConstraints>
	<AutomaticIK>
		<IKBone ModelFrame="BoneTieRod2" ParentFrame="BoneTieRod_cdt">
			<IKJoint AxisLocal="(1; 0; 0)" Type="Hinge2" />
			<IKBone
				AttachOffset="(0; 0; 0)"
				AttachToFrame="BoneRackL"
				ModelFrame="BoneTieRod3"
			>
				<IKJoint AxisLocal="(1; 0; 0)" Type="Slider" />
			</IKBone>
		</IKBone>
		<IKBone ModelFrame="BonePistonL1" ParentFrame="BoneChassis_cdt">
			<IKJoint AxisLocal="(1; 0; 0)" Type="Hinge2" />
			<IKBone
				AttachOffset="(0; 0; 0)"
				AttachToFrame="BoneAxle1"
				ModelFrame="BonePistonL2"
			>
				<IKJoint AxisLocal="(1; 0; 0)" Type="Slider" />
			</IKBone>
		</IKBone>
		<IKBone ModelFrame="BonePistonR1" ParentFrame="BoneChassis_cdt">
			<IKJoint AxisLocal="(1; 0; 0)" Type="Hinge2" />
			<IKBone
				AttachOffset="(0; 0; 0)"
				AttachToFrame="BoneAxle1"
				ModelFrame="BonePistonR2"
			>
				<IKJoint AxisLocal="(1; 0; 0)" Type="Slider" />
			</IKBone>
		</IKBone>
	</AutomaticIK>
</Truck>
