<GearboxVariants>
	<Gearbox
		AWDConsumptionModifier="1.9"
		CriticalDamageThreshold="0.5"
		DamageCapacity="40"
		DamagedConsumptionModifier="1.4"
		FuelConsumption="1.8"
		IdleFuelModifier="0.2"
		Name="g_scout_f750_default"
		MinBreakFreq="0.0"
		MaxBreakFreq="15.0"
	>
		<ReverseGear AngVel="2.0" FuelModifier="0.9" />
		<HighGear AngVel="22.0" FuelModifier="1.13" />
		<Gear AngVel="1.5" FuelModifier="2.3" />
		<Gear AngVel="3.0" FuelModifier="2.1" />
		<Gear AngVel="9.0" FuelModifier="1.7" />
		<Gear AngVel="14.0" FuelModifier="1.5" />
		<GameData
			Price="1500"
			UnlockByExploration="false"
			UnlockByRank="1"
		>
			<GearboxParams 
				IsHighGearExists="true" 
				IsLowerGearExists="true" 
				IsLowerPlusGearExists="false" 
				IsLowerMinusGearExists="false"
			/>
			<UiDesc
				UiDesc="UI_ROv2_GEARBOX_F750_FACTORY_DESC"
				UiIcon30x30=""
				UiIcon40x40=""
				UiName="UI_ROv2_GEARBOX_F750_FACTORY_NAME"
			/>
		</GameData>
	</Gearbox>	
	<Gearbox
		AWDConsumptionModifier="1.5"
		CriticalDamageThreshold="0.2"
		DamageCapacity="50"
		DamagedConsumptionModifier="1.4"
		FuelConsumption="1.8"
		IdleFuelModifier="0.2"
		Name="g_scout_f750_default_c"
		MinBreakFreq="0.0"
		MaxBreakFreq="25.0"
	>
		<ReverseGear AngVel="2.0" FuelModifier="1.0" />
		<HighGear AngVel="10.0" FuelModifier="2.7" />
		<Gear AngVel="1.5" FuelModifier="2.1" />
		<Gear AngVel="3.0" FuelModifier="1.9" />
		<Gear AngVel="6.0" FuelModifier="1.7" />
		<Gear AngVel="8.0" FuelModifier="1.5" />
		<Gear AngVel="10.0" FuelModifier="1.3" />
		<Gear AngVel="14.0" FuelModifier="1.1" />
		<GameData
			Price="4700"
			UnlockByExploration="false"
			UnlockByRank="15"
		>
			<GearboxParams 
				IsHighGearExists="true" 
				IsLowerGearExists="true" 
				IsLowerPlusGearExists="true" 
				IsLowerMinusGearExists="true"
			/>
			<UiDesc
				UiDesc="UI_GEARBOX_F750_DEFAULT_DESC"
				UiIcon30x30=""
				UiIcon40x40=""
				UiName="UI_ROv2_GEARBOX_F750_DEFAULT_NAME"
			/>
		</GameData>
	</Gearbox>
</GearboxVariants>
