<_templates Include="trucks">
	<Wheel>
		<TrailerWheel
			ConnectedToHandbrake="true"
			Damping="0.8"
			SuspensionHeight="0.2"
			SuspensionStrength="0.03"
			Torque="default"
			SuspensionMin="-0.2"
			Type="wheels_scout_trailer_prototype"
		/>
	</Wheel>
	<Body>
		<Ropes Collisions="None" Mass="5">
			<Constraint
				AxisLocal="(1; 0; 0)"
				Type="Hinge"
				MinLimit="-1"
				MaxLimit="1"
			>
				<Motor Damping="150" Spring="1500" Type="Spring" />
			</Constraint>
		</Ropes>
		<Ribbons Collisions="None" Mass="10">
			<Constraint
				AxisLocal="(0; 0; 1)"
				Type="Hinge"
				MinLimit="-30"
				MaxLimit="30"
			>
				<Motor Damping="8" Spring="80" Type="Spring" />
			</Constraint>
		</Ribbons>
		<AnchorRotate Mass="150" NoFoliageCollisions="true">
			<Constraint
				AxisLocal="(0; 0; 1)"
				Name="LegRotate"
				Type="Hinge"
				MinLimit="0"
				MaxLimit="90"
			>
				<Motor Force="15000" Type="Position" />
			</Constraint>
		</AnchorRotate>
		<AnchorExt Mass="100" NoFoliageCollisions="true">
			<Constraint
				AxisLocal="(0; 1; 0)"
				Name="LegExt"
				Type="Prismatic"
				MinLimit="0"
				MaxLimit="0.3"
			>
				<Motor Force="10000" Type="Position" />
			</Constraint>
		</AnchorExt>
	</Body>
</_templates>
<Truck Type="Trailer">
	<TruckData>
		<Wheels>
			<Wheel _template="TrailerWheel" RightSide="true" Pos="(-0.728; 0.42; 1.5)" />
			<Wheel _template="TrailerWheel" Pos="(-0.728; 0.42; 1.5)" />
			<Wheel _template="TrailerWheel" RightSide="true" Pos="(-1.868; 0.42; 1.5)" />
			<Wheel _template="TrailerWheel" Pos="(-1.868; 0.42; 1.5)" />
		</Wheels>
		<OcclusionMap
			HalfSizeZ="2.2"
			Texture="trucks/occlusion/chassis_trailer__s_d_a.tga"
			MinX="-5"
			MaxX="4.5"
		/>
		<Foot Origin="(1.502; -0.18; -1.226)" />
		<Foot Origin="(1.502; -0.18; 1.226)" />
		<Foot Origin="(-4.098; -0.18; -1.226)" />
		<Foot Origin="(-4.098; -0.18; 1.226)" />
		<Constraint _template="TrailerRagdoll">
			<TwistMotor _inheritRemove="true" />
		</Constraint>
		<Camera Center="(0; 0; 0)" />
		<Axles>
			<Axle Frame="BoneAxle1" />
			<Axle Frame="BoneAxle2" />
		</Axles>
	</TruckData>
	<PoweredConstraints>
		<Group Id="_trailer_foot">
			<Constraint InitialFix="true" Name="LegRotate" TerminalFix="true" Position="90" />
			<Constraint InitialFix="true" Name="LegExt" TerminalFix="true" Position="0.2" />
		</Group>
	</PoweredConstraints>
	<PhysicsModel Mesh="trucks/trailers/scout_trailer_offroad_cargo">
		<Body
			CenterOfMassOffset="(0; 0; 0)"
			ImpactType="Truck"
			Mass="1800"
		>
			<Body _template="AnchorRotate" ModelFrame="BoneAnchorFront_L_Rotate_cdt">
				<Body _template="AnchorExt" ModelFrame="BoneAnchorFront_L_Ext_cdt" />
			</Body>
			<Body _template="AnchorRotate" ModelFrame="BoneAnchorFront_R_Rotate_cdt">
				<Body _template="AnchorExt" ModelFrame="BoneAnchorFront_R_Ext_cdt" />
			</Body>
			<Body _template="AnchorRotate" ModelFrame="BoneAnchorBack_L_Rotate_cdt">
				<Body _template="AnchorExt" ModelFrame="BoneAnchorBack_L_Ext_cdt" />
			</Body>
			<Body _template="AnchorRotate" ModelFrame="BoneAnchorBack_R_Rotate_cdt">
				<Body _template="AnchorExt" ModelFrame="BoneAnchorBack_R_Ext_cdt" />
			</Body>
			<Body _template="Mudguard" ModelFrame="BoneMudguard_L_cdt">
				<Constraint AxisLocal="(0; 0; 1)" MinLimit="0" MaxLimit="30" />
			</Body>
			<Body _template="Mudguard" ModelFrame="BoneMudguard_R_cdt">
				<Constraint AxisLocal="(0; 0; 1)" MinLimit="0" MaxLimit="30" />
			</Body>
			<Body Collisions="None" Mass="200" ModelFrame="BoneCrates_cdt">
				<Constraint
					AxisLocal="(1; 0; 0)"
					Type="Prismatic"
					MinLimit="-0.01"
					MaxLimit="0.002"
				>
					<Motor Damping="1500" Spring="6000" Type="Spring" />
				</Constraint>
			</Body>
			<Body Collisions="None" Mass="50" ModelFrame="BoneCovers_cdt">
				<Constraint
					AxisLocal="(1; 0; 0)"
					Type="Prismatic"
					MinLimit="-0.012"
					MaxLimit="0.012"
				>
					<Motor Damping="450" Spring="1500" Type="Spring" />
				</Constraint>
			</Body>
			<Body _template="Ropes" ModelFrame="BoneRope1_cdt" />
			<Body _template="Ropes" ModelFrame="BoneRope2_cdt" />
			<Body _template="Ribbons" ModelFrame="BoneRibbon1_cdt" />
			<Body _template="Ribbons" ModelFrame="BoneRibbon2_cdt" />
		</Body>
	</PhysicsModel>
	<Landmark Mesh="landmarks/scout_trailer_offroad_cargo_lmk" MinScale="1.5" MaxScale="3.5" />
	<GameData IsQuest="true" Price="3400">
		<WinchSocket WinchableWhenAttached="false" Pos="(3.995; 0.865; 0)" />
		<WinchSocket Pos="(2.024; 0.874; -1.247)" />
		<WinchSocket Pos="(2.024; 0.874; 1.247)" />
		<WinchSocket Pos="(-4.652; 0.874; -1.247)" />
		<WinchSocket Pos="(-4.652; 0.874; 1.247)" />
		<UiDesc
			UiDesc="UI_TRAILER_SCOUT_OFFROAD_DESC"
			UiIcon30x30="trailerOffroadCargo30"
			UiIcon40x40="trailerOffroadCargo40"
			UiName="UI_TRAILER_SCOUT_OFFROAD_NAME"
		/>
		<InstallSocket Offset="(3.995; 0.865; 0)" Type="ScautTrailer" />
		<CraneSocket Pos="(3.995; 0.865; 0)" />
		<CraneSocket Pos="(2.024; 0.874; -1.247)" />
		<CraneSocket Pos="(2.024; 0.874; 1.247)" />
		<CraneSocket Pos="(-4.652; 0.874; -1.247)" />
		<CraneSocket Pos="(-4.652; 0.874; 1.247)" />
	</GameData>
</Truck>
