<_templates Include="trucks">
	<Wheel>
		<SecondAxle
			Location="front"
			SteeringAngle="25"
			SteeringCastor="0"
			SteeringJointOffset="0.25"
			Torque="default"
			ParentFrame="BoneCabin_cdt"
		/>
		<MiddleAxle
			ConnectedToHandbrake="true"
			Location="rear"
			Torque="default"
		/>
		<FirstAxle
			Location="front"
			SteeringAngle="30"
			SteeringCastor="0"
			SteeringJointOffset="0.25"
			Torque="default"
			ParentFrame="BoneCabin_cdt"
		/>
	</Wheel>
	<Body>
		<TieRod Mass="1">
			<Constraint
				AxisLocal="(0; 0; 1)"
				Type="Hinge"
				MinLimit="-20"
				MaxLimit="20"
			>
				<Motor
					Damping="1.0"
					Force="6000"
					Tau="1"
					Type="Position"
				/>
			</Constraint>
		</TieRod>
		<Sunshield Collisions="None" Mass="3">
			<Constraint
				AxisLocal="(0; 0; 1)"
				Type="Hinge"
				MinLimit="-10"
				MaxLimit="10"
			>
				<Motor Damping="0.65" Spring="1.5" Type="Spring" />
			</Constraint>
		</Sunshield>
		<SteeringShaft Mass="1">
			<Constraint
				AxisLocal="(0; 0; 1)"
				Type="Hinge"
				MinLimit="-180"
				MaxLimit="180"
			>
				<Motor
					Damping="1.0"
					Force="60000"
					Tau="1"
					Type="Position"
				/>
			</Constraint>
		</SteeringShaft>
		<SideMirror Collisions="Default" Mass="5">
			<Constraint
				AxisLocal="(0; 1; 0)"
				Type="Fixed"
				LinearLimitsX="(0.1; 0.1; 0.1)"
				LinearLimitsY="(0.1; 0.1; 0.1)"
				LinearLimitsZ="(0.1; 0.1; 0.1)"

			>
				<Motor Damping="250" Spring="250" Type="Spring" />
			</Constraint>
		</SideMirror>
		<RearMudguard Collisions="None" Mass="10">
			<Constraint
				AxisLocal="(0; 0; 1)"
				Type="Hinge"
				MinLimit="-15"
				MaxLimit="10"
			>
				<Motor Damping="1" Spring="0.9" Type="Spring" />
			</Constraint>
		</RearMudguard>
		<FrontMudguard AngularDamping="3.0" Collisions="None" Mass="10">
			<Constraint
				AxisLocal="(0; 0; 1)"
				Type="Hinge"
				MinLimit="-5"
				MaxLimit="8"
			>
				<Motor Damping="1" Spring="1" Type="Spring" />
			</Constraint>
		</FrontMudguard>
		<CollarR Collisions="Default" Mass="10">
			<Constraint
				AxisLocal="(0; 0; 1)"
				Type="Hinge"
				MinLimit="-30"
				MaxLimit="30"
			>
				<Motor Damping="0.1" Spring="0.1" Type="Spring" />
			</Constraint>
		</CollarR>
		<CollarF Collisions="Default" Mass="10">
			<Constraint
				AxisLocal="(0; 0; 1)"
				Type="Hinge"
				MinLimit="-30"
				MaxLimit="35"
			>
				<Motor Damping="0.07" Spring="0.1" Type="Spring" />
			</Constraint>
		</CollarF>
	</Body>
</_templates>
<Truck>
	<TruckData
		BackSteerSpeed="0.02"
		DiffLockType="Installed"
		EngineIconMesh="env/engnie_derry_special_15c177"
		EngineIconScale="1"
		EngineMarkerOffset="(6; 0.7; 0)"
		EngineStartDelay="0.6"
		ExhaustStartTime="0.6"
		FuelCapacity="587"
		Responsiveness="0.04"
		SteerSpeed="0.022"
		TruckImage="derryspecialmchr"
		TruckType="HEAVY"
	>
		<WinchUpgradeSocket Default="w_heavy_trucks_default" IsUpgradable="true" Type="winches_heavy_trucks" />
		<Wheels
			DefaultRim="rim_ds15c177"
			DefaultTire="offroard_ds15c177"
			DefaultWheelType="wheels_tatra_force_815_7"
		>
			<Wheel _template="FirstAxle" Pos="(1.276; 0.623; 1.1)" />
			<Wheel _template="FirstAxle" RightSide="true" Pos="(1.276; 0.623; 1.1)" />
			<Wheel _template="SecondAxle" Pos="(-0.261; 0.623; 1.1)" />
			<Wheel _template="SecondAxle" RightSide="true" Pos="(-0.261; 0.623; 1.1)" />
			<Wheel _template="MiddleAxle" Pos="(-4.122; 0.623; 1.1)" />
			<Wheel _template="MiddleAxle" RightSide="true" Pos="(-4.122; 0.623; 1.1)" />
			<Wheel _template="MiddleAxle" Pos="(-5.659; 0.623; 1.1)" />
			<Wheel _template="MiddleAxle" RightSide="true" Pos="(-5.659; 0.623; 1.1)" />
		</Wheels>
		<SuspensionSocket
			Default="derry_special_15c177_suspension_default"
			Type="s_derry_special_15c177"
			MaxWheelRadiusWithoutSuspension="1"
		/>
		<SteeringWheel Frame="BoneSteering" />
		<SteeringRack Frame="BoneRack1" FrameSteerLeft="BoneRackLeft1" FrameSteerRight="BoneRackRight1" RackHalfSizeZ="0.7" />
		<SteeringRack Frame="BoneRack2" FrameSteerLeft="BoneRackLeft2" FrameSteerRight="BoneRackRight2" RackHalfSizeZ="0.7" />
		<Steam Origin="(1.180; 2.152; 0.885)" />
		<SoundsWheels _template="Default" />
		<SoundsDamage _template="Heavy" />
		<Sounds
			_template="Default"
			DisableReversePitch="true"
			MinDist="15.0"
			Origin="(0; 0; 0)"
			ParentFrame="BoneCabin_cdt"
		>
			<Reverse		Sound="trucks/derry_special_15c177/derry_special_15c177_back_beeper" />
			<Handbrake		Sound="trucks/derry_special_15c177/derry_special_15c177_handbrake_on" />
			<HandbrakeOff	Sound="trucks/derry_special_15c177/derry_special_15c177_handbrake_off" />
			<BrakePull		Sound="trucks/derry_special_15c177/derry_special_15c177_brake_pull" />
			<BrakeRelease	Sound="trucks/derry_special_15c177/derry_special_15c177_brake_release" />
			<BrakesSqueal	Sound="trucks/derry_special_15c177/derry_special_15c177_brakes_squeal" />
			<Honk			Sound="trucks/derry_special_15c177/derry_special_15c177_honk" />
			<EngineTurbo	Sound="trucks/derry_special_15c177/derry_special_15c177_turbo" />
			<EngineTrans	Sound="trucks/derry_special_15c177/derry_special_15c177_trans" />
			<EngineAccel	Sound="trucks/derry_special_15c177/derry_special_15c177_acc" />
			<EngineRev		Sound="trucks/derry_special_15c177/derry_special_15c177_rev" />
			<EngineStart	Sound="trucks/derry_special_15c177/derry_special_15c177_start" />
			<EngineStop		Sound="trucks/derry_special_15c177/derry_special_15c177_stop" />
			<EngineIdle		Sound="trucks/derry_special_15c177/derry_special_15c177_idle" />
			<EngineIdle_2d	Sound="trucks/derry_special_15c177/derry_special_15c177_idle_2d"	IsSound2D="true" />
			<EngineLow		Sound="trucks/derry_special_15c177/derry_special_15c177_low" />
			<EngineLow_2d	Sound="trucks/derry_special_15c177/derry_special_15c177_low_2d"	IsSound2D="true" />
			<EngineHigh		Sound="trucks/derry_special_15c177/derry_special_15c177_high" />
			<EngineHigh_2d	Sound="trucks/derry_special_15c177/derry_special_15c177_high_2d"	IsSound2D="true" />
			<EngineHeavy	Sound="trucks/derry_special_15c177/derry_special_15c177_heavy" />
			<EngineHeavy_2d	Sound="trucks/derry_special_15c177/derry_special_15c177_heavy_2d"	IsSound2D="true" />
			<AbruptStop		Sound="trucks/common/truck_swing_big_rnd_set/truck_swing_big_rnd" />
			<ChassisStress	Sound="trucks/common/truck_swing_big_old_rnd_set/truck_swing_big_old_rnd" />
		</Sounds>
		<Shakers>
			<Shaker Frame="BoneExhaustCover" LimitDirectionY="Negative" MinAngle="(0; 20; 0)" MaxAngle="(0; 130; 0)" MaxFrequency="0.15" ParentFrame="BoneExhaust" />
			<Shaker Frame="BoneExhaust" LimitDirectionY="Negative" MinAngle="(0.2; 0.7; 0.2)" MaxAngle="(0.4; 0.7; 0.4)" MaxFrequency="0.2" ParentFrame="BoneExhaust" />
			<Shaker Frame="BoneEngine_Shaker" MinAngle="(0; 0.3; 0)" MaxAngle="(0; 1; 0)" MaxFrequency="2.5" ParentFrame="BoneChassis_cdt" />
		</Shakers>
		<Shafts>
			<Shaft SocketPointA="Shaft1a" SocketPointB="Shaft1b" />
			<Shaft SocketPointA="Shaft2a" SocketPointB="Shaft2b" />
			<Shaft SocketPointA="Shaft3a" SocketPointB="Shaft3b" />
			<Shaft SocketPointA="Shaft4a" SocketPointB="Shaft4b" />
			<Shaft SocketPointA="Shaft5a" SocketPointB="Shaft5b" />
		</Shafts>
		<OcclusionMap HalfSizeZ="1.7" MinX="-7" MaxX="4" />
		<!--<Messages Pos="(4.278; 1.859; 0)" ParentFrame="BoneCabin_cdt" />-->
		<LimitedFluid
			Center="(-2.312; 1.036; 0.879)"
			LengthX="1.526"
			RadiusY="0.33"
			RadiusZ="0.33"
			Type="Cylinder"
		/>
		<Intake Dir="(0; 0; 1)" Origin="(1.180; 2.151; 1.118)" Size="0.5" />
		<GearboxSocket Default="g_special_default" Type="gearboxes_special, gearboxes_special_kolob" />
		<FuelTank DamageCapacity="50" />
		<Exhaust Dir="(0; 1; 1.3)" Origin="(0.094; 2.9; 0.981)" Speed="2.0" />
		<EngineSocket Default="us_special_engine_0" Type="e_us_special, e_us_truck_modern_derry_special" />
		<Driver Pos="(2.264; 1.626; 0.795)" SteeringWheelPos="(2.609; 1.919; 0.789)" ParentFrame="BoneCabin_cdt" />
		<Dashboard>
			<Gauge Damping="0.99" Dir="(-1; 0.75; 0)" InputRange="(0;1)" InputType="rpm" Mesh="trucks/arrows/derry_special_15c177_arrow_01" Org="(2.988; 1.907; 0.934)" OutputAngles="(-108; 120)" />
			<Gauge Damping="0.99" Dir="(-1; 0.75; 0)" InputRange="(0;97)" InputType="speed" Mesh="trucks/arrows/derry_special_15c177_arrow_01" Org="(2.986; 1.907; 0.798)" OutputAngles="(-140; 140)" />
			<Gauge Damping="0.99" Dir="(-1; 0.75; 0)" InputRange="(0;1)" InputType="fuel" Mesh="trucks/arrows/derry_special_15c177_arrow_03" Org="(3.002; 1.919; 0.684)" OutputAngles="(-40; 40)" Scale="0.8"/>
			<Gauge Damping="0.99" Dir="(-1; 0.75; 0)" InputRange="(0;1)" InputType="engineEnabled" Mesh="trucks/arrows/derry_special_15c177_arrow_03" Org="(2.947; 1.852; 0.684)" OutputAngles="(0; 24)" Scale="0.8"/>
			<Gauge Damping="0.99" Dir="(-1; 0.75; 0)" InputRange="(0;1.5)" InputType="engineEnabled" Mesh="trucks/arrows/derry_special_15c177_arrow_01" Org="(2.894; 1.788; 0.682)" OutputAngles="(-122; 122)" Scale="0.6"/>
			<Gauge Damping="0.99" Dir="(-1; 0.75; 0)" InputRange="(0;1.5)" InputType="engineEnabled" Mesh="trucks/arrows/derry_special_15c177_arrow_03" Org="(3.006; 1.924; 0.565)" OutputAngles="(-45; 45)" Scale="0.65"/>
			<Gauge Damping="0.99" Dir="(-1; 0.75; 0)" InputRange="(0;1.5)" InputType="engineEnabled" Mesh="trucks/arrows/derry_special_15c177_arrow_03" Org="(2.954; 1.86; 0.565)" OutputAngles="(-44; 44))" Scale="0.65"/>
			<Gauge Damping="0.99" Dir="(-1; 0.75; 0)" InputRange="(0;1.3)" InputType="engineEnabled" Mesh="trucks/arrows/derry_special_15c177_arrow_03" Org="(2.901; 1.794; 0.565)" OutputAngles="(-38; 38)" Scale="0.65"/>
			<Gauge Damping="0.99" Dir="(-1; 0.75; 0)" InputRange="(0;1.35)" InputType="engineEnabled" Mesh="trucks/arrows/derry_special_15c177_arrow_03" Org="(2.846; 1.727; 0.564)" OutputAngles="(-39; 39)" Scale="0.65"/>
		</Dashboard>
		<Damage>
			<DamageArea Type="FuelTank" Min="(-3.111; 0.679; 1.25)" Max="(-1.523; 1.406; 0.528)" ParentFrame="BoneChassis_cdt" />
			<DamageArea Type="Engine" Min="(1.632; 1.254; -0.468)" Max="(0.129; 2.431; 0.349)" ParentFrame="BoneChassis_cdt" />
			<!-- Added -->
			<Multiplier Multiplier="0.20" Type="Wheels" />
			<Multiplier Multiplier="0.35" Type="Suspension" />
			<!-- Added -->
		</Damage>
		<CompatibleWheels Scale="0.7" Type="wheels_tatra_force_815_7" />
		<CompatibleWheels Scale="0.7" Type="wheels_heavy_single" />
		<CompatibleWheels Scale="0.7" Type="wheels_heavy_single2" />
		<CompatibleWheels Scale="0.7" Type="wheels_heavy_offroad_single" />
		<CompatibleWheels Scale="0.7" Type="wheels_heavy_mudtires_single" />
		<CompatibleWheels Scale="0.7" Type="wheels_heavy_mudtires_single2" />
		<Camera Center="(-3.5; 0; 0)" ParentFrame="BoneCabin_cdt">
			<Cockpit
				_template="Default"
				WindshieldDiffuseTexture="trucks/oshkosh_m1120a4_glass__d_a.tga"
				WindshieldShadingTexture="trucks/oshkosh_m1120a4_glass__sh_d.tga"
				ViewPos="(2.191; 2.298; 0.792)"
			>
				<Rear ViewPosOffset="(0.05; -0.1; 0.7)" />
				<Mirror
					ClipDir="(-0.898; -0.033; -0.44)"
					ClipOffset="0.1"
					FOVScale="2"
					MeshFrame="mirror_left"
					ReflectionDir="(-0.898; -0.033; -0.44)"
					Size="(0.181; 0.384)"
					Pos="(2.594; 2.194; 1.415)"
				>
					<SecondaryView
						ClipDir="(-0.898; -0.033; -0.44)"
						ClipOffset="0.1"
						CurveAngle="20"
						FOVScale="1"
						MeshFrame="mirror_left_convex"
						Size="(0.181; 0.147)"
						Pos="(2.563; 2.457; 1.402)"
					/>
				</Mirror>
				<Mirror
					ClipDir="(-0.788; 0; 0.616)"
					ClipOffset="0.1"
					FOVScale="2"
					MeshFrame="mirror_right"
					ReflectionDir="(-0.788; 0; 0.616)"
					Size="(0.181; 0.384)"
					Pos="(2.594; 2.194; -1.415)"
				>
					<SecondaryView
						ClipDir="(-0.898; -0.033; 0.44)"
						ClipOffset="0.1"
						CurveAngle="20"
						FOVScale="1"
						MeshFrame="mirror_right_convex"
						Size="(0.181; 0.147)"
						Pos="(2.563; 2.457; -1.402)"
					/>
				</Mirror>
			</Cockpit>
		</Camera>
		<Axles>
			<Axle Frame="BoneAxle1" />
			<Axle Frame="BoneAxle2" />
			<Axle Frame="BoneAxle3" />
			<Axle Frame="BoneAxle4" />
		</Axles>
	</TruckData>
	<Rotator EngineTorqueFactor="0" Frame="BoneEngineFanRotator" RotationAxis="(0; 1; 0)" RotationSpeed="10" />
	<!-- <Snorkel Origin="(1.180; 1.751; 1.173)" ParentFrame="BoneChassis_cdt" /> -->
	<PhysicsModel Mesh="trucks/derry_special_15c177">
		<NetSync Legacy="false" />
		<Body
			CenterOfMassOffset="(0; -0.5; 0)"
			ImpactType="Truck"
			Mass="14000"
			NetSync="pv"
		>
			<Body
				CenterOfMassOffset="(0; 0; 0)"
				ImpactType="Truck"
				Mass="11000"
				ModelFrame="BoneCabin_cdt"
				NetSync="pv"
			>
				<Constraint
					AxisLocal="(1; 0; 0)"
					MinLimit="-2"
					MaxLimit="2"
					Type="Hinge"
				>
					<Motor Type="Spring" Spring="150000" Damping="100000"/>
				</Constraint>
				
				<Body
					CenterOfMassOffset="(0; 0; 0)"
					ImpactType="Truck"
					Mass="0.5"
					ModelFrame="BoneRadioCable01_cdt"
					NetSync="pv"
				>
					<Constraint
						AxisLocal="(1; 0; 0)"
						MinLimit="-25"
						MaxLimit="25"
						Type="Hinge"
					>
						<Motor Type="Spring" Spring="1" Damping="0.05"/>
					</Constraint>
				</Body>
				<Body
					CenterOfMassOffset="(0; 0; 0)"
					ImpactType="Truck"
					Mass="0.5"
					ModelFrame="BoneRadioCable02_cdt"
					NetSync="pv"
				>
					<Constraint
						AxisLocal="(1; 0; 0)"
						MinLimit="-30"
						MaxLimit="20"
						Type="Hinge"
					>
						<Motor Type="Spring" Spring="1" Damping="1.5"/>
					</Constraint>
				</Body>
				<Body
					CenterOfMassOffset="(0; 0; 0)"
					ImpactType="Truck"
					Mass="0.5"
					ModelFrame="BoneRadio_cdt"
					NetSync="pv"
				>
					<Constraint
						AxisLocal="(1; 0; 0)"
						MinLimit="-10"
						MaxLimit="10"
						Type="Hinge"
					>
						<Motor Type="Spring" Spring="0.1" Damping="0"/>
					</Constraint>
				</Body>
				
				<Body
					CenterOfMassOffset="(0; 0; 0)"
					ImpactType="Truck"
					Mass="0.5"
					ModelFrame="BoneCabChain_cdt"
					NetSync="pv"
				>
					<Constraint
						AxisLocal="(1; 0; 0)"
						MinLimit="-8"
						MaxLimit="40"
						Type="Hinge"
					>
						<Motor Type="Spring" Spring="0" Damping="0.01"/>
					</Constraint>
				</Body>
				
				<Body
					CenterOfMassOffset="(0; 0; 0)"
					ImpactType="Truck"
					Mass="5"
					ModelFrame="BoneExtinguisherCab_cdt"
					NetSync="pv"
				>
					<Constraint
						Type="Fixed"
						LinearLimitsX="(0; 0)"
						LinearLimitsY="(-0.02; 0.02)"
						LinearLimitsZ="(0; 0)"
					>
						<Motor Type="Spring" Spring="10000" Damping="220"/>
					</Constraint>
				</Body>
					
				<Body _template="TieRod" ModelFrame="BoneTieRodL_cdt">
					<Constraint AxisLocal="(0; 0; -1)" Name="TieRodSteer1" />
				</Body>
				<Body _template="TieRod" ModelFrame="BoneTieRodR_cdt">
					<Constraint Name="TieRodSteer2" />
				</Body>
				<Body _template="SteeringShaft" ModelFrame="BoneSteeringShaft1_cdt">
					<Constraint AxisLocal="(0; 0; 1)" Name="SteeringShaft1" />
				</Body>
				<Body _template="SteeringShaft" ModelFrame="BoneSteeringShaft2_cdt">
					<Constraint AxisLocal="(0; 0; 1)" Name="SteeringShaft2" />
				</Body>
				<Body _template="SteeringShaft" ModelFrame="BoneSteeringShaft3_cdt">
					<Constraint AxisLocal="(1; 0; 0)" Name="SteeringShaft3" />
				</Body>
				<Body _template="SteeringShaft" ModelFrame="BoneSteeringShaft4_cdt">
					<Constraint AxisLocal="(1; 0; 0)" Name="SteeringShaft4" />
				</Body>
				<Body _template="SteeringShaft" ModelFrame="BoneSteeringShaft5_cdt">
					<Constraint AxisLocal="(1; 0; 0)" Name="SteeringShaft5" />
				</Body>
				<Body _template="SideMirror" ModelFrame="BoneMirrorRight_cdt" />
				<Body _template="SideMirror" ModelFrame="BoneMirrorLeft_cdt" />
				<Body _template="Sunshield" ModelFrame="BoneSunShield_cdt">
					<Constraint>
						<Motor Damping="0.05" Spring="30" />
					</Constraint>
				</Body>
				<Body Collisions="None" Mass="10" ModelFrame="BoneFootRest_cdt">
					<Constraint
						AxisLocal="(0; 0; 1)"
						Type="Hinge"
						MinLimit="-10"
						MaxLimit="0"
					>
						<Motor Damping="0" Spring="0" Type="Spring" />
					</Constraint>
					<Body Collisions="None" Mass="10" ModelFrame="BoneFootRestChains_cdt">
						<Constraint
							AxisLocal="(0; 0; 1)"
							Type="Hinge"
							MinLimit="-5"
							MaxLimit="0"
						>
							<Motor Damping="0" Spring="0" Type="Spring" />
						</Constraint>
					</Body>
				</Body>
				<Body _template="CollarF" ModelFrame="BoneCollarF1_cdt" />
				<Body _template="CollarF" ModelFrame="BoneCollarF2_cdt" />
			</Body>
			<Body _template="CollarR" ModelFrame="BoneCollarR1_cdt" />
		</Body>
	</PhysicsModel>
	<ModelAttachments>
		<StopSignals>
			<Light _template="StopSignal" Size="1" Pos="(-6.767; 1.124; -0.248)" />
			<Light _template="StopSignal" Size="1" Pos="(-6.767; 1.124; 0.248)" />
			<Flare _template="StopSignal" Size="1" Pos="(-6.767; 1.124; -0.248)" />
			<Flare _template="StopSignal" Size="1" Pos="(-6.767; 1.124; 0.248)" />
		</StopSignals>
		<ReverseSignals>
			<Light
				AttenEnd="2.0"
				Color="(80; 80; 80)"
				Dir="(-1; -0.2; 0)"
				InnerCone="120"
				OuterCone="160"
				Pos="(-6.621; 0.942; 0.216)"
			/> 
			<Flare AspectRatio="1.4" Color="g(200; 200; 200) x 0.8" ColorMultAtDay="0.6" Dir="(-1; 0; 0)" DirAngle="90" Reflections="true" Size="0.4" Pos="(-6.621; 0.942; 0.216)" />
			<Flare _template="BlueStreak" Color="g(220; 220; 255) x 0.5" Dir="(-1; 0; 0)" Size="0.2" Pos="(-6.621; 0.942; 0.216)" />
		</ReverseSignals>
		<Ignition>
			<Light _template="IgnitionSignalWhite" Color="g(255; 255; 255) x 1" Size="1" Pos="(4.55; 1.013; 0.7)" ParentFrame="BoneCabin_cdt" />
			<Light _template="IgnitionSignalWhite" Color="g(255; 255; 255) x 1" Size="1" Pos="(4.55; 1.013; -0.7)" ParentFrame="BoneCabin_cdt" />
			<Light _template="IgnitionSignalRed" Size="2" Pos="(-6.8; 1.137; -0.247)" />
			<Flare _template="IgnitionSignalOrange" AspectRatio="1" Color="g(255; 140; 0) x 0.5" Dir="(1; 0; 0)" Size="0.4" Pos="(3.093; 2.566; -0.8)" ParentFrame="BoneCabin_cdt" />
			<Flare _template="IgnitionSignalOrange" AspectRatio="1" Color="g(255; 140; 0) x 0.5" Dir="(1; 0; 0)" Size="0.4" Pos="(3.093; 2.566; 0.8)" ParentFrame="BoneCabin_cdt" />
			<Flare _template="IgnitionSignalOrange" AspectRatio="1" Color="g(255; 140; 0) x 0.5" Dir="(1; 0; 0)" Size="0.4" Pos="(3.093; 2.566; 0)" ParentFrame="BoneCabin_cdt" />
			<Flare _template="IgnitionSignalOrange" AspectRatio="1" Color="g(255; 140; 0) x 0.5" Dir="(1; 0; 0)" Size="0.4" Pos="(3.093; 2.566; -0.21)" ParentFrame="BoneCabin_cdt" />
			<Flare _template="IgnitionSignalOrange" AspectRatio="1" Color="g(255; 140; 0) x 0.5" Dir="(1; 0; 0)" Size="0.4" Pos="(3.093; 2.566; 0.21)" ParentFrame="BoneCabin_cdt" />
			<Flare _template="IgnitionSignalWhite" Color="g(255; 255; 255) x 0.5" Size="0.5" Pos="(3.49; 1.703; 0.907)" ParentFrame="BoneCabin_cdt" />
			<Flare _template="IgnitionSignalWhite" Color="g(255; 255; 255) x 0.5" Size="0.5" Pos="(3.49; 1.703; -0.907)" ParentFrame="BoneCabin_cdt" />
			<Flare _template="IgnitionSignalWhite" Color="g(255; 235; 215) x 0.3" Size="0.5" Pos="(3.49; 1.703; 0.689)" ParentFrame="BoneCabin_cdt" />
			<Flare _template="IgnitionSignalWhite" Color="g(255; 235; 215) x 0.3" Size="0.5" Pos="(3.49; 1.703; -0.689)" ParentFrame="BoneCabin_cdt" />
			<Flare _template="IgnitionSignalOrange" AspectRatio="1" Color="g(255; 140; 0) x 0.5" Dir="(1; 0; 0)" Size="0.5" Pos="(3.269; 1.888; -1.173)" ParentFrame="BoneCabin_cdt" />
			<Flare _template="IgnitionSignalOrange" AspectRatio="1" Color="g(255; 140; 0) x 0.5" Dir="(1; 0; 0)" Size="0.5" Pos="(3.269; 1.621; -1.173)" ParentFrame="BoneCabin_cdt" />
			<Flare _template="IgnitionSignalOrange" AspectRatio="1" Color="g(255; 140; 0) x 0.5" Dir="(1; 0; 0)" Size="0.5" Pos="(3.269; 1.888; 1.173)" ParentFrame="BoneCabin_cdt" />
			<Flare _template="IgnitionSignalOrange" AspectRatio="1" Color="g(255; 140; 0) x 0.5" Dir="(1; 0; 0)" Size="0.5" Pos="(3.269; 1.621; 1.173)" ParentFrame="BoneCabin_cdt" />
			<Flare _template="IgnitionSignalRed" AspectRatio="1" Color="g(255; 0; 0) x 0.3" Dir="(0; 1; 0)" Size="0.3" Pos="(-6.758; 1.372; -0.286)" ParentFrame="BoneCabin_cdt" />
			<Flare _template="IgnitionSignalRed" AspectRatio="1" Color="g(255; 0; 0) x 0.3" Dir="(0; 1; 0)" Size="0.3" Pos="(-6.758; 1.372; 0.286)" ParentFrame="BoneCabin_cdt" />
			<Flare _template="IgnitionSignalRed" AspectRatio="1" Color="g(255; 0; 0) x 0.3" Dir="(0; 1; 0)" Size="0.3" Pos="(-6.758; 1.372; 0)" ParentFrame="BoneCabin_cdt" />
			<Flare _template="IgnitionSignalRed" AspectRatio="1" Color="g(255; 0; 0) x 0.3" Dir="(0; 0; -1)" Size="0.5" Pos="(-6.225; 1.421; -1.363)" ParentFrame="BoneCabin_cdt" />
			<Flare _template="IgnitionSignalRed" AspectRatio="1" Color="g(255; 0; 0) x 0.3" Dir="(0; 0; 1)" Size="0.5" Pos="(-6.225; 1.421; 1.363)" ParentFrame="BoneCabin_cdt" />
			<Flare _template="IgnitionSignalRed" Size="0.6" Pos="(-6.741; 1.137; -0.247)" />
			<Flare _template="IgnitionSignalRed" Size="0.6" Pos="(-6.741; 1.137; 0.247)" />
		</Ignition>
		<HeadLight>
			<Model _template="HeadLightRay" Color="g(255; 255; 255) x 1" Size="1" Org="(3.45; 1.703; 0.907)" ParentFrame="BoneCabin_cdt" />
			<Model _template="HeadLightRay" Color="g(255; 255; 255) x 1" Size="1" Org="(3.45; 1.703; -0.907)" ParentFrame="BoneCabin_cdt" />
			<Flare _template="HeadLight" Color="g(255; 255; 255) x 1" Size="0.5" Pos="(3.439; 1.707; 0.912)" ParentFrame="BoneCabin_cdt" />
			<Flare _template="HeadLight" Color="g(255; 255; 255) x 1" Size="0.5" Pos="(3.439; 1.707; -0.912)" ParentFrame="BoneCabin_cdt" />
			<Flare _template="BlueStreak" Dir="(1; 0; 0)" Size="0.7" Pos="(3.49; 1.707; 0.912)" ParentFrame="BoneCabin_cdt" />
			<Flare _template="BlueStreak" Dir="(1; 0; 0)" Size="0.7" Pos="(3.49; 1.707; -0.912)" ParentFrame="BoneCabin_cdt" />
		</HeadLight>
	</ModelAttachments> 
	<Landmark Mesh="landmarks/derry_special_15c177_lmk" MinScale="1.5" MaxScale="2.5" />
	<HeadLight _template="Default" Pos="(5; 1.287; 0)" ParentFrame="BoneCabin_cdt" />
	<GameData
		Country="US,NE"
		Price="153100"
		UnlockByExploration="true"
		UnlockByRank="1"
		ExcludeAddons=""
	>
		<WinchSocket Pos="(-6.919; 1.088; 0)" />
		<WinchSocket Pos="(3.004; 1.134; -0.389)" />
		<WinchSocket Pos="(3.004; 1.134; 0.389)" />
		<WinchSocket Pos="(-3.166; 1.14; 0.469)" />
		<WinchSocket Pos="(-3.166; 1.14; -0.469)" />
		<UiDesc
			UiDesc="UI_VEHICLE_DERRY_SPECIAL_15C177_DESC"
			UiIcon30x30="heavyVehicleImg30"
			UiIcon328x458="shopImgDerrySpecial"
			UiIcon40x40="heavyVehicleImg"
			UiIconLogo="DerryLonghornLogo80"
			UiName="UI_VEHICLE_DERRY_SPECIAL_15C177_NAME"
		/>
		<CustomizationCameras>
			<CameraPos FOV="32.0" Interior="true" Name="roof_sticker" InterestPosition="(4.942; 1.873; -0.381)" Position="(9.453; 5.932; -1.892)" />
			<CameraPos FOV="32.0" Interior="true" Name="vizors" InterestPosition="(5.942; 1.873; -0.381)" Position="(10.453; 3.932; -1.892)" />
			<CameraPos FOV="32.0" Name="snorkels" InterestPosition="(3.5; 1.2; 0.2)" MaxXRotation="360" MaxYRotation="360" MaxZoom="2" Position="(8.787; 5.1; -2.2)" />
			<CameraPos FOV="32.0" Name="horns" InterestPosition="(4.758; 2.2; -1)" MaxXRotation="360" MaxYRotation="360" MaxZoom="2" Position="(9.787; 3.398; -3)" />
			<CameraPos FOV="32.0" Interior="true" Name="roof_sticker_2" InterestPosition="(1.545; 2.643; 0.261)" Position="(5.019; 6.624; 3.983)" />
			<CameraPos FOV="32.0" Interior="true" Name="roof_sticker_3" InterestPosition="(3.7; 1.606; 2.036)" Position="(1.408; 4.799; 3.32)" />
			<CameraPos FOV="32.0" Interior="true" Name="sticker_1" InterestPosition="(6.536; 1.569; 0.702)" Position="(5.879; 2.763; -0.517)" />
			<CameraPos FOV="32.0" Name="addon_1" InterestPosition="(-0.626; 1.669; -0)" MaxXRotation="360" MaxYRotation="360" MaxZoom="2" Position="(-9.245; 3.812; 6.199)" />
			<CameraPos FOV="32.0" Name="addon_2" InterestPosition="(5.835; 1.807; 0)" MaxXRotation="360" MaxYRotation="360" MaxZoom="2" Position="(-0.131; 3.944; 2.185)" />
			<CameraPos FOV="32.0" Interior="true" Name="mirror_mount" InterestPosition="(7.811; 2.467; 1.284)" Position="(6.171; 2.329; -0.298)" />
			<CameraPos FOV="32.0" Name="side_r" InterestPosition="(5.762; 1.97; 1.242)" MaxXRotation="360" MaxYRotation="360" MaxZoom="2" Position="(1.125; 4.757; 4.691)" />
			<CameraPos FOV="32.0" Interior="true" Name="sticker" InterestPosition="(6.093; 1.569; 0.564)" Position="(5.672; 2.763; -0.517)" />
			<CameraPos FOV="32.0" Name="roof" InterestPosition="(4.758; 2.358; -0)" MaxXRotation="360" MaxYRotation="360" MaxZoom="2" Position="(10.787; 5.398; -1.919)" />
			<CameraPos FOV="32.0" Interior="true" Name="glass_sticker" InterestPosition="(5.942; 2.435; -0.168)" Position="(9.940; 1.646; -2.169)" />
			<CameraPos FOV="32.0" Name="hoods" InterestPosition="(5.716; 1.735; 0)" MaxXRotation="360" MaxYRotation="360" MaxZoom="2" Position="(13.576; 1.402; -3.863)" />
			<CameraPos FOV="32.0" Interior="true" Name="sticker_2" InterestPosition="(6.536; 1.569; 0.702)" Position="(5.879; 2.763; -0.517)" />
			<CameraPos FOV="32.0" Interior="true" Name="sticker_3" InterestPosition="(4.791; 0.767; 0.853)" Position="(6.472; 2.335; -0.754)" />
			<CameraPos FOV="32.0" Interior="true" Name="sticker_4" InterestPosition="(7.019; 1.365; 1.847)" Position="(6.439; 2.529; 0.626)" />
			<CameraPos FOV="32.0" Interior="true" Name="sticker_5" InterestPosition="(7.019; 1.365; -0.297)" Position="(6.498; 2.529; -0.651)" />
			<CameraPos FOV="32.0" Name="side_l" InterestPosition="(6.27; 2.278; 0)" MaxXRotation="360" MaxYRotation="360" MaxZoom="2" Position="(11.866; 5.284; -4.55)" />
			<CameraPos FOV="32.0" Interior="true" Name="bubble_head" InterestPosition="(7.968; 1.877; 1.461)" Position="(6.328; 2.208; -0.376)" />
			<CameraPos FOV="32.0" Name="wheels" InterestPosition="(4.029; 0.711; 0.052)" MaxXRotation="360" MaxYRotation="360" MaxZoom="2" Position="(8.028; 2.02; -5.47)" />
			<CameraPos FOV="32.0" Name="default" InterestPosition="(5.716; 1.735; 0)" MaxXRotation="360" MaxYRotation="360" MaxZoom="2" Position="(13.576; 1.402; -3.863)" />
			<CameraPos FOV="32.0" Name="rear" InterestPosition="(-0.868; 1.09; -0)" MaxXRotation="360" MaxYRotation="360" MaxZoom="2" Position="(-6.285; 2.053; 3.418)" />
			<CameraPos FOV="32.0" Interior="true" Name="door_l_sticker" InterestPosition="(5.905; 1.639; 0)" Position="(4.528; 2.295; -3.332)" />
			<CameraPos FOV="32.0" Interior="true" Name="door_r_sticker" InterestPosition="(7.593; 1.606; 0.234)" Position="(4.644; 2.2; 3.556)" />
			<CameraPos FOV="32.0" Interior="true" Name="curtain" InterestPosition="(7.811; 2.467; 1.656)" Position="(5.92; 2.133; -0.995)" />
		</CustomizationCameras>
		<CraneSocket Pos="(-6.919; 1.088; 0)" />
		<CraneSocket Pos="(3.004; 1.134; -0.389)" />
		<CraneSocket Pos="(3.004; 1.134; 0.389)" />
		<CraneSocket Pos="(-3.166; 1.14; 0.469)" />
		<CraneSocket Pos="(-3.166; 1.14; -0.469)" />
		<AddonSockets DefaultAddon="derry_special_15c177_exhaust_default" RequiredAddonIfNoConflicts="derry_special_15c177_exhaust_default">
			<Socket Names="DerrySpecial15c177Exhaust" Offset="(0; 0; 0)" ParentFrame="BoneCabin_cdt" >
				<ExtraParent Offset="(0; 0; 0)" Frame="BoneChassis_cdt"/>
			</Socket>
			<Socket Names="FrameAddonDerryFirefighter" Offset="(0; 0.0; 0)" ParentFrame="BoneChassis_cdt" NamesBlock="LogLift, FrameAddonKung, FrameAddonTowPlatform, FrameAddonLogMedium, SaddleHigh1, FrameAddonSeismicVibrator, FrameAddonMaintainer, LargeSemitrailer, LargeSemitrailerOiltank, BunkLog, FrameAddonLogShort, FrameAddon, FrameAddon3, TatraSideboard" >
				<ExtraParent Offset="(0; 0; 0)" Frame="BoneCabin_cdt"/>
			</Socket>
		</AddonSockets>
		<AddonSockets>
			<Socket Names="DerrySpecial15c177Protection" Offset="(0; 0; 0)" ParentFrame="BoneCabin_cdt" />
		</AddonSockets>
		<AddonSockets>
			<Socket Names="DerrySpecial15c177Roofrack" Offset="(0; 0; 0)" ParentFrame="BoneCabin_cdt" />
		</AddonSockets>
		<AddonSockets>
			<Socket Names="DerrySpecial15c177SpotlightA" Offset="(0; 0; 0)" ParentFrame="BoneCabin_cdt" />
		</AddonSockets>
		<AddonSockets>
			<Socket Names="DerrySpecial15c177Visor" Offset="(0; 0; 0)" ParentFrame="BoneCabin_cdt" />
		</AddonSockets>
		<AddonSockets>
			<Socket Names="DerrySpecial15c177Horn" Offset="(0; 0; 0)" ParentFrame="BoneCabin_cdt" />
		</AddonSockets>
		<AddonSockets>
			<Socket Names="DerrySpecial15c177Snorkel" Offset="(0; 0; 0)" ParentFrame="BoneCabin_cdt" />
		</AddonSockets>
		<AddonSockets DefaultAddon="derry_special_15c177_beacon_default">
			<Socket Names="DerrySpecial15c177Beacon" Offset="(0; 0; 0)" ParentFrame="BoneCabin_cdt" />
		</AddonSockets>
		<AddonSockets>
			<Socket Names="DerrySpecial15c177BumperA" Offset="(0; 0; 0)" ParentFrame="BoneCabin_cdt" />
		</AddonSockets>
		<AddonSockets DefaultAddon="derry_special_15c177_diff_lock_default">
			<Socket Names="derrySpecial15c177DiffLock" Offset="(0; 0; 0)" ParentFrame="BoneCabin_cdt" />
		</AddonSockets>
		<AddonSockets DefaultAddon="derry_special_15c177_spare_wheel_01">
			<Socket Names="DerrySpecial15c177SpareWheel" Offset="(0; 0; 0)" ParentFrame="BoneCabin_cdt" />
		</AddonSockets>
		<AddonSockets>
			<Socket Names="Trailer" Offset="(-6.84; 1.060; 0)">
				<AddonsShift Offset="(0; 0; 0)" TrailerNamesBlock="Trailer" Types="MinicraneRU, FrameAddon" />
			</Socket>
			<Socket Names="LargeSemitrailer, LargeSemitrailerOiltank" NamesBlock="SaddleLow" Offset="(-4.85; 1.755; 0)" />
		</AddonSockets>
		<AddonSockets>
			<Socket Names="HeavyRepairSmall" NamesBlock="FrameAddonDerryFirefighter, MinicraneUS, LogLift, TatraCrane" Offset="(-4.4; 1.67; 0)"/>
			<Socket Names="BunkLog" Offset="(-8.269; 1.48; 0)" />
			<Socket Names="FrameAddonLogShort" NamesBlock="MinicraneUS, LogLift" Offset="(-3.831; 1.482; 0)" />
			<Socket Names="FrameAddonLogMedium" Offset="(-3.631; 1.482; 0)" NamesBlock="MinicraneUS, LogLift"/> <!-- Added -->
			<Socket Names="FrameAddon" Offset="(-4.031; 1.479; 0)">
				<AddonsShift Offset="(-0.6; 0; 0)" Types="MinicraneUS" />
				<AddonsShift Offset="(0.7; 0; 0)" Types="TatraCrane" />
			</Socket>
			<Socket Names="TatraSideboard" Offset="(-2.081; 0.24; -0.004)" />
			<Socket Names="FrameAddonTowPlatform" Offset="(-2.931; 1.482; 0)" NamesBlock="MinicraneUS, LogLift"/> <!-- Added -->
			<Socket Names="FrameAddonKung" Offset="(-4.431; 1.482; 0)" NamesBlock="LogLift"> <!-- Added -->
				<AddonsShift Offset="(-0.2; 0; 0)" Types="MinicraneUS" />
				<AddonsShift Offset="(1; 0; 0)" Types="TatraCrane" />
			</Socket>
			<Socket Names="FrameAddonMaintainer" NamesBlock="MinicraneUS, Trailer" Offset="(-4.5; 0.45; 0)" ParentFrame="BoneChassis_cdt" />
			<Socket Names="FrameAddonSeismicVibrator" NamesBlock="Trailer" Offset="(-2.123; 1.482; 0)" >
				<AddonsShift Offset="(-0.2; 0; 0)" Types="TatraCrane" />
			</Socket>
			<Socket Names="BigCraneUs" Offset="(-4.2; 1.574; 0)" ParentFrame="BoneChassis_cdt" NamesBlock="FrameAddonDerryFirefighter">
				<ExtraParent Frame="BoneChassis_cdt" Offset="(0; -0.095; -0.05)" />
				<ExtraParent Frame="BoneChassis_cdt" Offset="(0; -0.095; 0.05)" />
			</Socket>
			<Socket Names="BigCrane" Offset="(-4.15; 1.676; 0)" ParentFrame="BoneChassis_cdt" NamesBlock="BigCraneUs, FrameAddonDerryFirefighter">
				<ExtraParent Frame="BoneChassis_cdt" Offset="(0; -0.095; -0.05)" />
				<ExtraParent Frame="BoneChassis_cdt" Offset="(0; -0.095; 0.05)" />
			</Socket>
			<!-- <Socket Names="FrameAddonSideboard3" Offset="(-4.9; 1.482; 0)" NamesBlock="LogLift, BunkLog, FrameAddonTank, FrameAddon, FrameAddonFlatbed1, FrameAddonKung" ParentFrame="BoneChassis_cdt" /> <!-- Added -->
			<!-- <Socket Names="FrameAddon3" Offset="(-4.8; 1.482; 0)" NamesBlock="LogLift, BunkLog, FrameAddonTank, FrameAddon, FrameAddonFlatbed1, FrameAddonKung" ParentFrame="BoneChassis_cdt" /> <!-- Added -->
			<Socket Names="SaddleHigh1" Offset="(-4.84; 1.48; 0)" />
		</AddonSockets>
		<AddonSockets>
			<Socket Names="MinicraneUS" Offset="(-1.65; 1.48; 0)" NamesBlock="LogLift, FrameAddonDerryFirefighter, BunkLog, FrameAddonTank, BigCraneUs, BigCraneRu, FrameAddonMaintainerBig, BigCrane, TatraSideboard" >
				<ExtraParent Frame="BoneChassis_cdt" Offset="(0; 0; -0.02)" />
				<ExtraParent Frame="BoneChassis_cdt" Offset="(0; 0; 0.02)" />
			</Socket>
			<Socket Names="TatraCrane" Dir="(0; 0; -1)" UpDir="(0; 1; 1)" Offset="(-1.16; 0.28; 0)" NamesBlock="LogLift, FrameAddonDerryFirefighter, BunkLog, FrameAddonTank, BigCraneUs, BigCraneRu, FrameAddonMaintainerBig, BigCrane, FrameAddonTowPlatform, FrameAddonMaintainer, FrameAddonLogShort, FrameAddonLogMedium" >
				<AddonsShift Offset="(-5.43; -0.15; 0)" Types="TatraSideboard" />
				<AddonsShift Offset="(-5.37; -0.15; 0)" Types="FrameAddon" />
				<AddonsShift Offset="(-5.23; -0.15; 0)" Types="FrameAddonKung" />
				<ExtraParent Frame="BoneChassis_cdt" Offset="(0; 0; -0.02)" />
				<ExtraParent Frame="BoneChassis_cdt" Offset="(0; 0; 0.02)" />
			</Socket>
		</AddonSockets>
		<!-- Added -->
		<AddonSockets>
			<Socket Names="LogLift" Offset="(-1.65;  1.48; 0)" NamesBlock="FrameAddonTowPlatform, FrameAddonLogShort, FrameAddonLogMedium, FrameAddonKung, BigCraneUs, MinicraneUS, SaddleHigh1, FrameAddon, FrameAddonTank, FrameAddonMaintainer, FrameAddonSeismicVibrator, BigCrane, TatraSideboard"/>
		</AddonSockets>
		<AddonSockets>
            <Socket Names="RepairParts" Offset="(0; 0; 0)" /> 
        </AddonSockets>
		<!-- Added -->
		<AddonSockets>
			<Socket InCockpit="true" Names="StuffAirfreshener" Offset="(2.993; 2.535; 0)" ParentFrame="BoneCabin_cdt" />
			<Socket InCockpit="true" Names="StuffCurtainDerrySpecial15C177" Offset="(0; 0; 0)" ParentFrame="BoneCabin_cdt" />
		</AddonSockets>
		<AddonSockets>
			<Socket
				InCockpit="true"
				Names="StuffDashboard"
				Offset="(3.17; 1.99; 0)"
				ParentFrame="BoneCabin_cdt"
			/>
		</AddonSockets>
		<AddonSockets>
			<Socket
				InCockpit="true"
				Names="DerrySpecial15C177Sticker_1x1_01"
				Offset="(0; 0; 0)"
				ParentFrame="BoneCabin_cdt"
			/>
		</AddonSockets>
		<AddonSockets>
			<Socket
				InCockpit="true"
				Names="DerrySpecial15C177Sticker_1x1_02"
				Offset="(0; 0; 0)"
				ParentFrame="BoneCabin_cdt"
			/>
		</AddonSockets>
		<AddonSockets>
			<Socket
				InCockpit="true"
				Names="DerrySpecial15C177Sticker_1x1_03"
				Offset="(0; 0; 0)"
				ParentFrame="BoneCabin_cdt"
			/>
		</AddonSockets>
		<AddonSockets>
			<Socket
				InCockpit="true"
				Names="DerrySpecial15C177Sticker_1x1_04"
				Offset="(0; 0; 0)"
				ParentFrame="BoneCabin_cdt"
			/>
		</AddonSockets>
		<AddonSockets>
			<Socket
				InCockpit="true"
				Names="DerrySpecial15C177Sticker_1x1_05"
				Offset="(0; 0; 0)"
				ParentFrame="BoneCabin_cdt"
			/>
		</AddonSockets>
		<AddonSockets>
			<Socket
				InCockpit="true"
				Names="DerrySpecial15C177Sticker_1x1_06"
				Offset="(0; 0; 0)"
				ParentFrame="BoneCabin_cdt"
			/>
		</AddonSockets>
		<AddonSockets>
			<Socket
				InCockpit="true"
				Names="DerrySpecial15C177Sticker_1x1_07"
				Offset="(0; 0; 0)"
				ParentFrame="BoneCabin_cdt"
			/>
		</AddonSockets>
		<AddonSockets>
			<Socket
				InCockpit="true"
				Names="DerrySpecial15C177Sticker_1x2_01"
				Offset="(0; 0; 0)"
				ParentFrame="BoneCabin_cdt"
			/>
		</AddonSockets>
		<AddonSockets>
			<Socket
				InCockpit="true"
				Names="DerrySpecial15C177Sticker_1x4_01"
				Offset="(0; 0; 0)"
				ParentFrame="BoneCabin_cdt"
			/>
		</AddonSockets>
		<AddonSockets>
			<Socket
				InCockpit="true"
				Names="DerrySpecial15C177Sticker_1x4_02"
				Offset="(0; 0; 0)"
				ParentFrame="BoneCabin_cdt"
			/>
		</AddonSockets>
		<AddonSockets>
			<Socket Names="DerrySpecial15C177Sticker_Door_L" Offset="(0; 0; 0)" ParentFrame="BoneCabin_cdt" />
		</AddonSockets>
		<AddonSockets>
			<Socket Names="DerrySpecial15C177Sticker_Door_R" Offset="(0; 0; 0)" ParentFrame="BoneCabin_cdt" />
		</AddonSockets>
		<AddonSockets>
			<Socket Names="DerrySpecial15C177Sticker_Roof" Offset="(0; 0; 0)" ParentFrame="BoneCabin_cdt" />
		</AddonSockets>
		<AddonSockets>
			<Socket Names="DerrySpecial15C177Sticker_Roof2" Offset="(0; 0; 0)" ParentFrame="BoneCabin_cdt" />
		</AddonSockets>
		<AddonSockets>
			<Socket Names="DerrySpecial15C177Sticker_Roof3" Offset="(0; 0; 0)" ParentFrame="BoneCabin_cdt" />
		</AddonSockets>
		<AddonSockets>
			<Socket Names="DerrySpecial15C177Sticker_Roof4" Offset="(0; 0; 0)" ParentFrame="BoneCabin_cdt" />
		</AddonSockets>
		<AddonSockets>
			<Socket Names="DerrySpecial15C177Sticker_Roof5" Offset="(0; 0; 0)" ParentFrame="BoneChassis_cdt" />
		</AddonSockets>
		<AddonSockets>
			<Socket Names="DerrySpecial15C177Sticker_Roof6" Offset="(0; 0; 0)" ParentFrame="BoneChassis_cdt" />
		</AddonSockets>
		<AddonSockets>
			<Socket Names="DerrySpecial15C177Sticker_Roof7" Offset="(0; 0; 0)" ParentFrame="BoneChassis_cdt" />
		</AddonSockets>
		<AddonSockets>
			<Socket Names="DerrySpecial15C177Sticker_Roof8" Offset="(0; 0; 0)" ParentFrame="BoneChassis_cdt" />
		</AddonSockets>
		<AddonSockets>
			<Socket Names="DerrySpecial15C177Sticker_GlassBottom" Offset="(0; 0; 0)" ParentFrame="BoneCabin_cdt" />
		</AddonSockets>
		<AddonSockets>
			<Socket Names="DerrySpecial15C177Sticker_GlassTop" Offset="(0; 0; 0)" ParentFrame="BoneCabin_cdt" />
		</AddonSockets>
	</GameData>
	<ControlledConstraints>
		<Constraint Id="chassis_steer" IsLinkedSteering="true" Name="TieRodSteer1" />
		<Constraint Id="chassis_steer" IsLinkedSteering="true" Name="TieRodSteer2" />
		<Constraint Id="chassis_steer" IsLinkedSteering="true" Name="SteeringShaft1" />
		<Constraint Id="chassis_steer" IsLinkedSteering="true" Name="SteeringShaft2" />
		<Constraint Id="chassis_steer" IsLinkedSteering="true" Name="SteeringShaft3" />
		<Constraint Id="chassis_steer" IsLinkedSteering="true" Name="SteeringShaft4" />
		<Constraint Id="chassis_steer" IsLinkedSteering="true" Name="SteeringShaft5" />
	</ControlledConstraints>
	<!--
	<ControlledConstraints>
		<Constraint Id="chassis_steer" IsLinkedSteering="true" Name="TieRodSteer1" />
		<Constraint Id="chassis_steer" IsLinkedSteering="true" Name="TieRodSteer2" />
		<Constraint Id="chassis_steer" IsLinkedSteering="true" Name="SteeringShaft1" />
		<Constraint Id="chassis_steer" IsLinkedSteering="true" Name="SteeringShaft2" />
		<Constraint Id="chassis_steer" IsLinkedSteering="true" Name="SteeringShaft3" />
		<Constraint Id="chassis_steer" IsLinkedSteering="true" Name="SteeringShaft4" />
		<Constraint Id="chassis_steer" IsLinkedSteering="true" Name="SteeringShaft5" />
	</ControlledConstraints>
	-->
	<AutomaticIK>
		<IKBone ModelFrame="BoneTieRodL1_cdt" ParentFrame="BoneTieRodL_cdt">
			<IKJoint AxisLocal="(1; 0; 0)" Type="Hinge2" />
			<IKBone
				AttachOffset="(0; 0; 0)"
				AttachToFrame="BoneRackLeft1"
				ModelFrame="BoneTieRodPrismatic1"
			>
				<IKJoint AxisLocal="(1; 0; 0)" Type="Slider" />
			</IKBone>
		</IKBone>
		<IKBone ModelFrame="BoneTieRodL2_cdt" ParentFrame="BoneTieRodL_cdt">
			<IKJoint AxisLocal="(1; 0; 0)" Type="Hinge2" />
			<IKBone
				AttachOffset="(0; 0; 0)"
				AttachToFrame="BoneRackLeft2"
				ModelFrame="BoneTieRodPrismatic2"
			>
				<IKJoint AxisLocal="(1; 0; 0)" Type="Slider" />
			</IKBone>
		</IKBone>
		<IKBone ModelFrame="BoneTieRodR1_cdt" ParentFrame="BoneTieRodR_cdt">
			<IKJoint AxisLocal="(1; 0; 0)" Type="Hinge2" />
			<IKBone
				AttachOffset="(0; 0; 0)"
				AttachToFrame="BoneRackRight1"
				ModelFrame="BoneTieRodPrismatic3"
			>
				<IKJoint AxisLocal="(1; 0; 0)" Type="Slider" />
			</IKBone>
		</IKBone>
		<IKBone ModelFrame="BoneTieRodR2_cdt" ParentFrame="BoneTieRodR_cdt">
			<IKJoint AxisLocal="(-1; 0; 0)" Type="Hinge2" />
			<IKBone
				AttachOffset="(0; 0; 0)"
				AttachToFrame="BoneRackRight2"
				ModelFrame="BoneTieRodPrismatic4"
			>
				<IKJoint AxisLocal="(1; 0; 0)" Type="Slider" />
			</IKBone>
		</IKBone>
		<IKBone ModelFrame="BonePistonIKFL1" ParentFrame="BoneCabin_cdt">
			<IKJoint AxisLocal="(0; 1; 0)" Type="Hinge2" />
			<IKBone
				AttachOffset="(0; 0; 0)"
				AttachToFrame="BoneAxle1"
				ModelFrame="BonePistonIKFend1"
			>
				<IKJoint AxisLocal="(0; 1; 0)" Type="Slider" />
			</IKBone>
		</IKBone>
		<IKBone ModelFrame="BonePistonIKFR1" ParentFrame="BoneCabin_cdt">
			<IKJoint AxisLocal="(0; 1; 0)" Type="Hinge2" />
			<IKBone
				AttachOffset="(0; 0; 0)"
				AttachToFrame="BoneAxle1"
				ModelFrame="BonePistonIKFend2"
			>
				<IKJoint AxisLocal="(0; 1; 0)" Type="Slider" />
			</IKBone>
		</IKBone>
		<IKBone ModelFrame="BonePistonIKFL2" ParentFrame="BoneCabin_cdt">
			<IKJoint AxisLocal="(0; 1; 0)" Type="Hinge2" />
			<IKBone
				AttachOffset="(0; 0; 0)"
				AttachToFrame="BoneAxle2"
				ModelFrame="BonePistonIKFend3"
			>
				<IKJoint AxisLocal="(0; 1; 0)" Type="Slider" />
			</IKBone>
		</IKBone>
		<IKBone ModelFrame="BonePistonIKFR2" ParentFrame="BoneCabin_cdt">
			<IKJoint AxisLocal="(0; 1; 0)" Type="Hinge2" />
			<IKBone
				AttachOffset="(0; 0; 0)"
				AttachToFrame="BoneAxle2"
				ModelFrame="BonePistonIKFend4"
			>
				<IKJoint AxisLocal="(0; 1; 0)" Type="Slider" />
			</IKBone>
		</IKBone>
		<IKBone ModelFrame="BonePistonIKRL3" ParentFrame="BoneChassis_cdt">
			<IKJoint AxisLocal="(0; 1; 0)" Type="Hinge2" />
			<IKBone
				AttachOffset="(0; 0; 0)"
				AttachToFrame="BoneAxle3"
				ModelFrame="BonePistonIKRend5"
			>
				<IKJoint AxisLocal="(0; 1; 0)" Type="Slider" />
			</IKBone>
		</IKBone>
		<IKBone ModelFrame="BonePistonIKRR3" ParentFrame="BoneChassis_cdt">
			<IKJoint AxisLocal="(0; 1; 0)" Type="Hinge2" />
			<IKBone
				AttachOffset="(0; 0; 0)"
				AttachToFrame="BoneAxle3"
				ModelFrame="BonePistonIKRend6"
			>
				<IKJoint AxisLocal="(0; 1; 0)" Type="Slider" />
			</IKBone>
		</IKBone>
		<IKBone ModelFrame="BonePistonIKRL4" ParentFrame="BoneChassis_cdt">
			<IKJoint AxisLocal="(0; 1; 0)" Type="Hinge2" />
			<IKBone
				AttachOffset="(0; 0; 0)"
				AttachToFrame="BoneAxle4"
				ModelFrame="BonePistonIKRend7"
			>
				<IKJoint AxisLocal="(0; 1; 0)" Type="Slider" />
			</IKBone>
		</IKBone>
		<IKBone ModelFrame="BonePistonIKRR4" ParentFrame="BoneChassis_cdt">
			<IKJoint AxisLocal="(0; 1; 0)" Type="Hinge2" />
			<IKBone
				AttachOffset="(0; 0; 0)"
				AttachToFrame="BoneAxle4"
				ModelFrame="BonePistonIKRend8"
			>
				<IKJoint AxisLocal="(0; 1; 0)" Type="Slider" />
			</IKBone>
		</IKBone>
	</AutomaticIK>
</Truck>
