<_templates Include="trucks">
	<TruckTire>
		<Offroad _template="ROv2Superheavy">
			<WheelTracks _template="Offroad" />
			<WheelSoftness _template="HeavyAverage" />
		</Offroad>
	</TruckTire>
</_templates>
<TruckWheels DamageCapacity="50" Radius="1" Width="0.86">
	<TruckTires>
		<TruckTire _template="Offroad" Mesh="wheels/tire_kenworth_963" Name="allterrain_1">
			<WheelFriction _template="Allterrain" BodyFrictionAsphalt="5.8" BodyFriction="4.7" SubstanceFriction="2.0"/>
			<GameData
				Price="9700"
				UnlockByExploration="false"
				UnlockByRank="1"
			>
				<UiDesc UiDesc="UI_ROv2_TIRE_ALLTERRAIN_KW-963_DESC" UiName="KW-963" />
			</GameData>
		</TruckTire>
	</TruckTires>
	<TruckRims>
		<TruckRim Mesh="wheels/rim_kenworth_963" Name="rim">
			<GameData>
				<UiDesc UiDesc="UI_RIM_HEAVY_OFFROAD_SINGLE_KENWORTH_963_DESC" UiName="KW-963" />
			</GameData>
		</TruckRim>
	</TruckRims>
</TruckWheels>
