<_templates Include="trucks">
	<TruckTire>
		<Offroad _template="ROv2Heavy">
			<WheelTracks _template="Offroad" />
			<WheelSoftness _template="HeavyAverage" />
		</Offroad>
	</TruckTire>
</_templates>
<TruckWheels DamageCapacity="35" Radius="1" Width="0.82">
	<TruckTires>
		<TruckTire _template="Offroad" Mesh="wheels/tire_mack_defense_m917" Name="offroad">
			<WheelFriction 
				_template="Offroad"
				BodyFriction="5.5"
				BodyFrictionAsphalt="5.8"
				SubstanceFriction="2.1"
			/>
			<GameData
				Price="7700"
				UnlockByExploration="false"
				UnlockByRank="1"
			>
				<UiDesc UiDesc="UI_ROv2_TIRE_OFFROAD_MD_917M_DESC" UiName="MD 917M" />
			</GameData>
		</TruckTire>
	</TruckTires>
	<TruckRims>
		<TruckRim Mesh="wheels/rim_mack_defense_m917" Name="rim_1">
			<GameData>
				<UiDesc UiDesc="UI_RIM_MACK_DEFENSE_DESC" UiName="UI_RIM_MACK_DEFENSE_NAME" />
			</GameData>
		</TruckRim>
	</TruckRims>
</TruckWheels>
