<_templates Include="trucks">
	<TruckTire>
		<Offroad _template="ROv2Heavy" >
			<WheelTracks _template="Default" />
			<WheelTracks _template="DefaultDouble" Rear="true" />
			<WheelSoftness _template="Average" />
		</Offroad>
	</TruckTire>
</_templates>
<TruckWheels DamageCapacity="30" Radius="1" Width="0.611" WidthRear="1.254">
	<TruckTires>
		<TruckTire _template="Offroad" Mesh="wheels/tire_kenworth_990" Name="offroad">
			<WheelFriction _template="Offroad" BodyFriction="6.4" BodyFrictionAsphalt="7.0" SubstanceFriction="2.2" />
			<GameData
				Price="6900"
				UnlockByExploration="false"
				UnlockByRank="1"
			>
				<UiDesc UiDesc="UI_ROv2_TIRE_OFFROAD_KW_990_DESC" UiName="KW-990" />
			</GameData>
		</TruckTire>
	</TruckTires>
	<TruckRims>
		<TruckRim Mesh="wheels/rim_kenworth_990" Name="rim_1">
			<GameData>
				<UiDesc UiDesc="UI_RIM_HEAVY_OFFROAD_DOUBLE_1_DESC" UiName="UI_RIM_HEAVY_OFFROAD_DOUBLE_KENWORTH_990_NAME" />
			</GameData>
		</TruckRim>
	</TruckRims>
</TruckWheels>
