<_templates Include="trucks" />
<SuspensionSetVariants>
	<SuspensionSet
		_template="Normal"
		BrokenWheelDamageMultiplier="2"
		CriticalDamageThreshold="0.7"
		DamageCapacity="75"
		DeviationDelta=".001"
		Name="cat_ct681_suspension_default"
	>
		<Suspension Damping="0.5" Height="0.15" Strength="0.06" WheelType="front"  BrokenSuspensionMax="0.2" DeviationMax="0.01" SuspensionMin="-0.35" />
		<Suspension Damping="0.6" Height="0.04" Strength="0.02" WheelType="middle" BrokenSuspensionMax="0.2" DeviationMax=".3"   SuspensionMin="-0.18" />
		<Suspension Damping="0.5" Height="0.04" Strength="0.14" WheelType="rear"   BrokenSuspensionMax="0.0" DeviationMax="0.05" SuspensionMin="-0.18" />
		<GameData
			Price="5300"
			UnlockByExploration="false"
			UnlockByRank="1"
		>
			<UiDesc
				UiDesc="UI_SUSPENSION_DEFAULT_DESC"
				UiIcon30x30=""
				UiIcon40x40=""
				UiName="UI_SUSPENSION_DEFAULT_NAME"
			/>
		</GameData>
	</SuspensionSet>
	<SuspensionSet
		_template="High"
		BrokenWheelDamageMultiplier="2"
		CriticalDamageThreshold="0.7"
		DamageCapacity="80"
		DeviationDelta=".001"
		Name="cat_ct681_suspension_high"
	>
		<Suspension Damping="0.5" Height="0.22" Strength="0.06" WheelType="front"  BrokenSuspensionMax="0.2" DeviationMax="0.01" SuspensionMin="-0.45" />
		<Suspension Damping="0.6" Height="0.14" Strength="0.02" WheelType="middle" BrokenSuspensionMax="0.2" DeviationMax=".3"   SuspensionMin="-0.28" />
		<Suspension Damping="0.5" Height="0.14" Strength="0.14" WheelType="rear"   BrokenSuspensionMax="0.0" DeviationMax="0.08" SuspensionMin="-0.25" />
		<GameData
			Price="15700"
			UnlockByExploration="false"
			UnlockByRank="15"
		>
			<UiDesc
				UiDesc="UI_SUSPENSION_HIGH_DESC"
				UiIcon30x30=""
				UiIcon40x40=""
				UiName="UI_SUSPENSION_HIGH_NAME"
			/>
		</GameData>
	</SuspensionSet>
</SuspensionSetVariants>
