<_templates Include="trucks" />
<SuspensionSetVariants>
	<SuspensionSet
		_template="Normal"
		BrokenWheelDamageMultiplier="2"
		CriticalDamageThreshold="0.7"
		DamageCapacity="70"
		Name="international_hx_520_suspension_default"
	>
		<Suspension Damping="0.5" Height="0.15" Strength="0.05" WheelType="front" BrokenSuspensionMax="0.2" SuspensionMin="-0.4" SuspensionMax="0.3" />
		<Suspension Damping="0.5" Height="0.15" Strength="0.08" WheelType="rear" BrokenSuspensionMax="0.0" SuspensionMin="-0.2" SuspensionMax="0.1" />
		<GameData
			Price="5300"
			UnlockByExploration="false"
			UnlockByRank="1"
		>
			<UiDesc
				UiDesc="UI_SUSPENSION_DEFAULT_DESC"
				UiIcon30x30=""
				UiIcon40x40=""
				UiName="UI_SUSPENSION_DEFAULT_NAME"
			/>
		</GameData>
	</SuspensionSet>
	<SuspensionSet
		_template="High"
		BrokenWheelDamageMultiplier="2"
		CriticalDamageThreshold="0.7"
		DamageCapacity="75"
		Name="international_hx_520_suspension_high"
	>
		<Suspension Damping="0.5" Height="0.25" Strength="0.05" WheelType="front" BrokenSuspensionMax="0.2" SuspensionMin="-0.5" SuspensionMax="0.3" />
		<Suspension Damping="0.6" Height="0.25" Strength="0.085" WheelType="rear" BrokenSuspensionMax="0.0" SuspensionMin="-0.3" SuspensionMax="0.1" />
		<GameData
			Price="9700"
			UnlockByExploration="false"
			UnlockByRank="15"
		>
			<UiDesc
				UiDesc="UI_SUSPENSION_HIGH_DESC"
				UiIcon30x30=""
				UiIcon40x40=""
				UiName="UI_SUSPENSION_HIGH_NAME"
			/>
		</GameData>
	</SuspensionSet>
</SuspensionSetVariants>
