<_templates Include="trucks">
	<Wheel>
		<RearWheel
			ConnectedToHandbrake="true"
			Location="rear"
			Torque="default"
		/>
		<FrontWheel
			Location="front"
			SteeringAngle="40"
			SteeringCastor="0"
			SteeringJointOffset="0.2"
			Torque="default"
			ParentFrame="BoneCabin_cdt"
		/>
	</Wheel>
	<Body>
		<Wire Collisions="None" Mass="0.1">
			<Constraint
				AxisLocal="(0; 1; 0)"
				Type="Prismatic"
				MinLimit="-0.05"
				MaxLimit="0.05"
			>
				<Motor Damping="0.5" Spring="50" Type="Spring" />
			</Constraint>
		</Wire>
		<Sunshield Collisions="None" Mass="3">
			<Constraint
				AxisLocal="(0; 0; 1)"
				Type="Hinge"
				MinLimit="-5"
				MaxLimit="10"
			>
				<Motor Damping="0.3" Spring="9" Type="Spring" />
			</Constraint>
		</Sunshield>
	</Body>
</_templates>
<Truck>
	<TruckData
		BackSteerSpeed="0.03"
		DiffLockType="Always"
		EngineIconMesh="env/engine_default"
		EngineIconScale="1.3"
		EngineStartDelay="0.8"
		ExhaustStartTime="0.9"
		FuelCapacity="340"
		Responsiveness="0.15"
		SteerSpeed="0.03"
		TruckImage="steppikemchr"
		TruckType="OFFROAD"
	>
		<WinchUpgradeSocket Default="w_medium_trucks_default" IsUpgradable="true" Type="winches_medium_trucks" />
		<Wheels
			DefaultRim="rim_1"
			DefaultTire="tire_1"
			DefaultWheelType="wheels_step_39331_pike"
		>
			<Wheel _template="FrontWheel" Pos="(2.338; 0.523; 0.91)" />
			<Wheel _template="FrontWheel" RightSide="true" Pos="(2.338; 0.523; 0.91)" />
			<Wheel _template="RearWheel" Pos="(-1.865; 0.541; 0.983)" />
			<Wheel _template="RearWheel" RightSide="true" Pos="(-1.865; 0.541; 0.983)" />
			<Wheel _template="RearWheel" Pos="(-3.291; 0.541; 0.983)" />
			<Wheel _template="RearWheel" RightSide="true" Pos="(-3.291; 0.541; 0.983)" />
		</Wheels>
		<SuspensionSocket
			Default="step_39331_pike_suspension_default"
			Type="s_step_39331_pike"
			MaxWheelRadiusWithoutSuspension="0.5"
		/>
		<SteeringWheel Frame="BoneSteering" />
		<SteeringRack
			Frame="BoneRack"
			FrameSteerLeft="BoneRackL"
			FrameSteerRight="BoneRackR"
			RackHalfSizeZ="0.681"
		/>
		<Steam Origin="(0.5; 1; 0)" />
		<SoundsWheels _template="Default" />
		<SoundsDamage _template="Heavy" />
		<Sounds
			_template="Default"
			AirHissInterval="12.0"
			DisableReversePitch="false"
			MinDist="12.0"
			Origin="(2; 1.5; 0)"
			ParentFrame="BoneCabin_cdt"
		>
			<Reverse		Sound="" />
			<EngineTrans	Sound="" />
			<Gear			Sound="trucks/step_39331_pike/step_39331_pike_gear_shift" />
			<GearFail		Sound="trucks/step_39331_pike/step_39331_pike_gear_wrong" />
			<BrakePull		Sound="trucks/step_39331_pike/step_39331_pike_brake_pull" />
			<BrakeRelease	Sound="trucks/step_39331_pike/step_39331_pike_brake_release" />
			<BrakesSqueal	Sound="trucks/step_39331_pike/step_39331_pike_brakes_squeal" />
			<Handbrake		Sound="trucks/step_39331_pike/step_39331_pike_handbrake_on" />
			<HandbrakeOff	Sound="trucks/step_39331_pike/step_39331_pike_handbrake_off" />
			<Honk			Sound="trucks/step_39331_pike/step_39331_pike_honk" />
			<EngineRev		Sound="trucks/step_39331_pike/step_39331_pike_rev" />
			<EngineAccel	Sound="trucks/step_39331_pike/step_39331_pike_acc" />
			<EngineStart	Sound="trucks/step_39331_pike/step_39331_pike_start" />
			<EngineStop		Sound="trucks/step_39331_pike/step_39331_pike_stop" />
			<EngineIdle		Sound="trucks/step_39331_pike/step_39331_pike_idle" />
			<EngineIdle_2d	Sound="trucks/step_39331_pike/step_39331_pike_idle_2d"	IsSound2D="true" />
			<EngineLow		Sound="trucks/step_39331_pike/step_39331_pike_low" />
			<EngineLow_2d	Sound="trucks/step_39331_pike/step_39331_pike_low_2d"	IsSound2D="true" />
			<EngineHigh		Sound="trucks/step_39331_pike/step_39331_pike_high" />
			<EngineHigh_2d	Sound="trucks/step_39331_pike/step_39331_pike_high_2d"	IsSound2D="true" />
			<EngineHeavy	Sound="" />
			<EngineHeavy_2d	Sound=""	IsSound2D="true" />
			<ChassisStress	Sound="trucks/common/truck_stress_rnd_set/truck_stress_rnd" />
			<AbruptStop		Sound="trucks/common/truck_swing_big_old_rnd_set/truck_swing_big_old_rnd" />
		</Sounds>
		<Shakers>
			<Shaker
				Frame="BoneGearstick"
				MinAngle="(1; 1; 1)"
				MaxAngle="(3; 3; 3)"
				MaxFrequency="0.1"
				ParentFrame="BoneCabinDamper_cdt"
			/>
		</Shakers>
		<Shafts>
			<Shaft SocketPointA="Shaft1a" SocketPointB="Shaft1b" />
			<Shaft SocketPointA="Shaft2a" SocketPointB="Shaft2b" />
			<Shaft SocketPointA="Shaft3a" SocketPointB="Shaft3b" />
			<Shaft SocketPointA="Shaft4a" SocketPointB="Shaft4b" />
		</Shafts>
		<OcclusionMap HalfSizeZ="1.8" MinX="-4.5" MaxX="4" />
		<LimitedFluid Center="(-0.068; 0.875; 0.84)" SizeX="0.921" SizeY="0.271" SizeZ="0.519" Type="Box" />
		<LimitedFluid Center="(-0.068; 0.875; -0.84)" SizeX="0.921" SizeY="0.271" SizeZ="0.519" Type="Box" />
		<Intake Dir="(1; 0; 0)" Origin="(3.276; 1.354; 0)" Size="1" />
		<GearboxSocket Default="g_truck_default" Type="gearboxes_trucks" />
		<FuelTank DamageCapacity="25" />
		<EngineSocket Default="ru_truck_old_engine_0" Type="e_ru_truck_old" />
		<Driver
			AnimationSet="HeavyTruck"
			Pos="(1.111; 1.525; 0.524)"
			SteeringWheelPos="(1.48; 1.871; 0.525)"
			ParentFrame="BoneCabinDamper_cdt"
		/>
		<Dashboard>
			<Gauge Damping="0.99" Dir="(-0.977; 0.212; -0.007)" InputRange="(0;140)" InputType="speed" Mesh="trucks/arrows/step_39331_pike_arrow_1" Org="(1.642; 1.802; 0.601)" OutputAngles="(-125; 105)" />
			<Gauge Damping="0.99" Dir="(-0.973; 0.07; -0.218)" InputRange="(0;1)" InputType="rpm" Mesh="trucks/arrows/step_39331_pike_arrow_2" Org="(1.632; 1.777; 0.769)" OutputAngles="(-90; 100)" />
			<Gauge Damping="0.99" Dir="(-0.977; 0.213; -0.006)" InputRange="(0;1)" InputType="engineEnabled" Mesh="trucks/arrows/step_39331_pike_arrow_1" Org="(1.645; 1.809; 0.437)" OutputAngles="(-85; 30)" />
			<Gauge Damping="0.99" Dir="(-0.977; 0.213; -0.006)" InputRange="(0;1)" InputType="engineEnabled" Mesh="trucks/arrows/step_39331_pike_arrow_1" Org="(1.642; 1.795; 0.437)" OutputAngles="(-90; -190)" />
			<Gauge Damping="0.99" Dir="(-0.977; 0.212; -0.007)" InputRange="(0;1)" InputType="fuel" Mesh="trucks/arrows/step_39331_pike_arrow_4" Org="(1.66; 1.821; 0.29)" OutputAngles="(-143; -220)" />
			<Gauge Damping="0.99" Dir="(-0.977; 0.212; -0.007)" InputRange="(0;1)" InputType="fuel" Mesh="trucks/arrows/step_39331_pike_arrow_4" Org="(1.662; 1.82; 0.204)" OutputAngles="(-143; -220)" />
			<Gauge Damping="0.99" Dir="(-0.977; 0.212; -0.007)" InputRange="(0;1)" InputType="engineEnabled" Mesh="trucks/arrows/step_39331_pike_arrow_4" Org="(1.643; 1.747; 0.332)" OutputAngles="(-146; -190)" />
			<Gauge Damping="0.99" Dir="(-0.977; 0.212; -0.007)" InputRange="(0;1)" InputType="engineEnabled" Mesh="trucks/arrows/step_39331_pike_arrow_4" Org="(1.644; 1.746; 0.246)" OutputAngles="(-146; -175)" />
			<Gauge Damping="0.99" Dir="(-0.977; 0.213; -0.007)" InputRange="(0;1)" InputType="engineEnabled" Mesh="trucks/arrows/step_39331_pike_arrow_3" Org="(1.639; 1.721; 0.161)" OutputAngles="(-40; 0)" />
		</Dashboard>
		<Damage>
			<DamageArea Type="Engine" Min="(1.3; 0.8; -0.43)" Max="(3.3; 1.8; 0.43)" ParentFrame="BoneCabin_cdt" />
			<DamageArea Type="FuelTank" Min="(-0.6; 0.7; -1.2)" Max="(0.45; 1.1; 1.2)" ParentFrame="BoneChassis_cdt" />
			<!-- Added -->
			<Multiplier Multiplier="0.20" Type="Wheels" />
			<Multiplier Multiplier="0.35" Type="Suspension" />
			<!-- Added -->
		</Damage>
		<CompatibleWheels RearOffsetZ="0.03" Scale="0.52" Type="wheels_step_39331_pike" />
		<CompatibleWheels OffsetZ="0.12" RearOffsetZ="0.09" Scale="0.52" Type="wheels_heavy_double1" />
		<CompatibleWheels OffsetZ="0.12" RearOffsetZ="0.09" Scale="0.52" Type="wheels_heavy_double2" />
		<CompatibleWheels OffsetZ="0.12" RearOffsetZ="0.09" Scale="0.52" Type="wheels_heavy_highway_double" />
		<CompatibleWheels OffsetZ="0.12" RearOffsetZ="0.09" Scale="0.52" Type="wheels_heavy_allterrain_double" />
		<CompatibleWheels OffsetZ="0.12" RearOffsetZ="0.09" Scale="0.52" Type="wheels_medium_offroad_double" />
		<CompatibleWheels OffsetZ="0.12" RearOffsetZ="0.09" Scale="0.52" Type="wheels_medium_mudtires_double" />
		<CompatibleWheels OffsetZ="0.06" RearOffsetZ="0.01" Scale="0.52" Type="wheels_heavy_single" />
		<CompatibleWheels OffsetZ="0.06" RearOffsetZ="0.01" Scale="0.52" Type="wheels_heavy_single2" />
		<CompatibleWheels OffsetZ="0.06" RearOffsetZ="0.01" Scale="0.52" Type="wheels_heavy_offroad_single" />
		<CompatibleWheels OffsetZ="0.06" RearOffsetZ="0.01" Scale="0.52" Type="wheels_heavy_mudtires_single" />
		<CompatibleWheels OffsetZ="0.06" RearOffsetZ="0.01" Scale="0.52" Type="wheels_heavy_mudtires_single2" />
		<CompatibleWheels RearOffsetZ="0.03" Scale="0.55" Type="wheels_step_39331_pike" />
		<CompatibleWheels OffsetZ="0.12" RearOffsetZ="0.1" Scale="0.55" Type="wheels_heavy_double1" />
		<CompatibleWheels OffsetZ="0.12" RearOffsetZ="0.1" Scale="0.55" Type="wheels_heavy_double2" />
		<CompatibleWheels OffsetZ="0.12" RearOffsetZ="0.1" Scale="0.55" Type="wheels_heavy_highway_double" />
		<CompatibleWheels OffsetZ="0.12" RearOffsetZ="0.1" Scale="0.55" Type="wheels_heavy_allterrain_double" />
		<CompatibleWheels OffsetZ="0.12" RearOffsetZ="0.1" Scale="0.55" Type="wheels_medium_offroad_double" />
		<CompatibleWheels OffsetZ="0.12" RearOffsetZ="0.1" Scale="0.55" Type="wheels_medium_mudtires_double" />
		<CompatibleWheels OffsetZ="0.06" RearOffsetZ="0.01" Scale="0.55" Type="wheels_heavy_single" />
		<CompatibleWheels OffsetZ="0.06" RearOffsetZ="0.01" Scale="0.55" Type="wheels_heavy_single2" />
		<CompatibleWheels OffsetZ="0.06" RearOffsetZ="0.01" Scale="0.55" Type="wheels_heavy_offroad_single" />
		<CompatibleWheels OffsetZ="0.06" RearOffsetZ="0.01" Scale="0.55" Type="wheels_heavy_mudtires_single" />
		<CompatibleWheels OffsetZ="0.06" RearOffsetZ="0.01" Scale="0.55" Type="wheels_heavy_mudtires_single2" />
		<CompatibleWheels RearOffsetZ="0.04" Scale="0.57" Type="wheels_step_39331_pike" />
		<CompatibleWheels OffsetZ="0.12" RearOffsetZ="0.11" Scale="0.57" Type="wheels_heavy_double1" />
		<CompatibleWheels OffsetZ="0.12" RearOffsetZ="0.11" Scale="0.57" Type="wheels_heavy_double2" />
		<CompatibleWheels OffsetZ="0.12" RearOffsetZ="0.11" Scale="0.57" Type="wheels_heavy_allterrain_double" />
		<CompatibleWheels OffsetZ="0.12" RearOffsetZ="0.11" Scale="0.57" Type="wheels_medium_offroad_double" />
		<CompatibleWheels OffsetZ="0.12" RearOffsetZ="0.11" Scale="0.57" Type="wheels_medium_mudtires_double" />
		<CompatibleWheels OffsetZ="0.06" RearOffsetZ="0.01" Scale="0.57" Type="wheels_heavy_single" />
		<CompatibleWheels OffsetZ="0.06" RearOffsetZ="0.01" Scale="0.57" Type="wheels_heavy_single2" />
		<CompatibleWheels OffsetZ="0.06" RearOffsetZ="0.01" Scale="0.57" Type="wheels_heavy_offroad_single" />
		<CompatibleWheels OffsetZ="0.06" RearOffsetZ="0.01" Scale="0.57" Type="wheels_heavy_mudtires_single" />
		<CompatibleWheels OffsetZ="0.06" RearOffsetZ="0.01" Scale="0.57" Type="wheels_heavy_mudtires_single2" />
		<!--
		<CompatibleWheels OffsetZ="0.16" RearOffsetZ="0.13" Scale="0.52" Type="wheels_heavy_mudtires_tayga" />
		<CompatibleWheels OffsetZ="0.1" RearOffsetZ="0.03" Scale="0.5" Type="wheels_medium_double" />
		<CompatibleWheels OffsetZ="0.1" RearOffsetZ="0.03" Scale="0.53" Type="wheels_medium_double" />
		-->
		<Camera Center="(-1; 0; 0)" ParentFrame="BoneCabinDamper_cdt">
			<Cockpit
				_template="Default"
				WindshieldDiffuseTexture="trucks/step_39331_pike_glasses__d_a.tga"
				WindshieldShadingTexture="trucks/step_39331_pike_glasses__sh_d.tga"
				ViewPos="(1; 2.2; 0.532)"
			>
				<Mirror ClipDir="(-0.934; 0; -0.358)" ClipOffset="0.1" FOVScale="2" MeshFrame="mirror_left" ReflectionDir="(-0.934; 0; -0.358)" Size="(0.19; 0.28)" Pos="(1.773; 2.127; 1.243)" />
				<Mirror ClipDir="(-0.788; 0; 0.616)" ClipOffset="0.1" FOVScale="2" MeshFrame="mirror_right" ReflectionDir="(-0.788; 0; 0.616)" Size="(0.19; 0.28)" Pos="(1.813; 2.128; -1.288)" />
				<Mirror ClipDir="(-0.98; -0.199; 0)" ClipOffset="0.1" FOVScale="1.5" MeshFrame="hp_cab_mirror" ReflectionDir="(-0.908; -0.274; 0.317)" Size="(0.22; 0.06)" Pos="(1.676; 2.476; 0)" />
			</Cockpit>
		</Camera>
		<Axles>
			<Axle Frame="BoneAxle1" />
			<Axle Frame="BoneAxle2" />
			<Axle Frame="BoneAxle3" />
		</Axles>
	</TruckData>
	<PhysicsModel Mesh="trucks/step_39331_pike">
		<NetSync Legacy="false" />
		<Body
			CenterOfMassOffset="(-2.5; 0; 0)"
			ImpactType="Truck"
			Mass="3500"
			ModelFrame="BoneChassis_cdt"
			NetSync="pv"
		>
			<Body
				CenterOfMassOffset="(0; 0; 0)"
				ImpactType="Truck"
				Mass="2500"
				ModelFrame="BoneCabin_cdt"
				NetSync="pv"
			>
				<Constraint
					AxisLocal="(1; 0; 0)"
					Type="Hinge"
					MinLimit="-20"
					MaxLimit="20"
				>
					<Motor Damping="15000" Spring="300000" Type="Spring" />
				</Constraint>
				<Body
					CenterOfMassOffset="(0; 0; 0)"
					ImpactType="Truck"
					Mass="1000"
					ModelFrame="BoneCabinDamper_cdt"
				>
					<Constraint
						AxisLocal="(1; 0; 0)"
						Type="Hinge"
						MinLimit="-3"
						MaxLimit="3"
					>
						<Motor Damping="12000" Spring="48000" Type="Spring" />
					</Constraint>
					<Body _template="Sunshield" ModelFrame="BoneSunshield_cdt" />
					<Body _template="Wire" ModelFrame="BoneWire1_cdt">
						<Body _template="Wire" ModelFrame="BoneWire2_cdt" />
					</Body>
					<Body Mass="0.2" ModelFrame="BoneKeyFobRing_cdt">
						<Constraint
							AxisLocal="(0; 0; 1)"
							Type="Hinge"
							MinLimit="-50"
							MaxLimit="50"
						>
							<Motor Damping="0.001" Spring="0.001" Type="Spring" />
						</Constraint>
					</Body>
				</Body>
				<Body _template="TieRod" ModelFrame="BoneTieRod_cdt">
					<Constraint
						AxisLocal="(0; 0; 1)"
						Name="TieRodSteer"
						MinLimit="-25"
						MaxLimit="25"
					/>
				</Body>
			</Body>
		</Body>
	</PhysicsModel>
	<ModelAttachments>
		<StopSignals>
			<Light _template="StopSignal" Size="0.2" Pos="(-4.680; 1; 0)" />
			<Flare _template="StopSignal" AspectRatio="1" Color="g(255; 0; 0) x 1" Size="0.15" Pos="(-4.538; 1.008; -0.653)" ParentFrame="BoneCabin_cdt" />
			<Flare _template="StopSignal" AspectRatio="1" Color="g(255; 0; 0) x 1" Size="0.15" Pos="(-4.538; 1.008; 0.653)" ParentFrame="BoneCabin_cdt" />
		</StopSignals>
		<ReverseSignals>
			<Light _template="ReverseSignal" Pos="(-4.425; 1.005; -0.361)" ParentFrame="BoneCabin_cdt" />
			<Flare _template="ReverseSignal" Size="0.15" Pos="(-4.425; 1.005; -0.361)" ParentFrame="BoneCabin_cdt" />
			<Flare _template="BlueStreak" Color="g(220; 220; 255) x 0.1" Dir="(-1; 0; 0)" Size="0.3" Pos="(-4.425; 1.005; -0.361)" ParentFrame="BoneCabin_cdt" />
		</ReverseSignals>
		<Ignition>
			<Light _template="IgnitionSignalRed" Pos="(-4.680; 1; 0)" />
			<Light _template="IgnitionSignalWhite" Color="g(240; 200; 165) x 1.0" Pos="(3.8; 0.8; 0)" ParentFrame="BoneCabin_cdt" />
			<Flare _template="IgnitionSignalOrange" AspectRatio="1" Color="g(255; 140; 0) x 0.5" Dir="(0; 0; -1)" Size="0.3" Pos="(1.516; 2.535; -0.79)" ParentFrame="BoneCabin_cdt" />
			<Flare _template="IgnitionSignalOrange" AspectRatio="1" Color="g(255; 140; 0) x 0.5" Dir="(0.5; 0; 1)" Size="0.3" Pos="(1.516; 2.535; 0.79)" ParentFrame="BoneCabin_cdt" />
			<Flare _template="IgnitionSignalRed" Size="0.1" Pos="(-4.461; 1.006; -0.529)" />
			<Flare _template="IgnitionSignalRed" Size="0.1" Pos="(-4.461; 1.006; 0.529)" />
			<Flare _template="IgnitionSignalWhite" Color="g(255; 235; 215) x 0.5" Size="0.25" Pos="(3.27; 1.395; -0.833)" ParentFrame="BoneCabin_cdt" />
			<Flare _template="IgnitionSignalWhite" Color="g(255; 235; 215) x 0.5" Size="0.25" Pos="(3.27; 1.395; 0.833)" ParentFrame="BoneCabin_cdt" />
			<Flare _template="IgnitionSignalWhite" Color="g(255; 235; 215) x 0.5" Size="0.11" Pos="(3.245; 1.157; -0.946)" ParentFrame="BoneCabin_cdt" />
			<Flare _template="IgnitionSignalWhite" Color="g(255; 235; 215) x 0.5" Size="0.11" Pos="(3.245; 1.157; 0.946)" ParentFrame="BoneCabin_cdt" />
		</Ignition>
		<HeadLight>
			<Model _template="HeadLightRay" Org="(3.27; 1.395; -0.833)" ParentFrame="BoneCabin_cdt" />
			<Model _template="HeadLightRay" Org="(3.27; 1.395; 0.833)" ParentFrame="BoneCabin_cdt" />
			<Flare _template="HeadLight" AspectRatio="1" Color="g(255; 235; 215) x 0.5" Size="0.4" Pos="(3.27; 1.395; -0.833)" ParentFrame="BoneCabin_cdt" />
			<Flare _template="HeadLight" AspectRatio="1" Color="g(255; 235; 215) x 0.5" Size="0.4" Pos="(3.27; 1.395; 0.833)" ParentFrame="BoneCabin_cdt" />
			<Flare _template="BlueStreak" Dir="(1; 0; 0)" Size="0.5" Pos="(3.27; 1.395; -0.833)" ParentFrame="BoneCabin_cdt" />
			<Flare _template="BlueStreak" Dir="(1; 0; 0)" Size="0.5" Pos="(3.27; 1.395; 0.833)" ParentFrame="BoneCabin_cdt" />
		</HeadLight>
	</ModelAttachments>
	<Landmark Mesh="landmarks/step_39331_pike_lmk" MinScale="1.8" MaxScale="3.8" />
	<HeadLight _template="Default" Pos="(3.8; 0.8; 0)" />
	<GameData 
		Country="RU,CAS" 
		Price="77380" 
		UnlockByExploration="true" 
		UnlockByRank="1" 
	>
		<WinchSocket Pos="(3.43; 0.968; -0.451)" ParentFrame="BoneCabin_cdt" />
		<WinchSocket Pos="(3.43; 0.968; 0.451)" ParentFrame="BoneCabin_cdt" />
		<WinchSocket Pos="(-0.794; 1.028; -0.452)" />
		<WinchSocket Pos="(-0.794; 1.028; 0.452)" />
		<WinchSocket Pos="(-4.347; 1; -0.448)" />
		<WinchSocket Pos="(-4.347; 1; 0.448)" />
		<UiDesc
			UiDesc="UI_VEHICLE_STEP_39331_PIKE_DESC"
			UiIcon30x30="offroadVehicleImg30"
			UiIcon328x458="ShopImgStepPike"
			UiIcon40x40="offroadVehicleImg"
			UiIconLogo="StepLogo80"
			UiName="UI_VEHICLE_STEP_39331_PIKE_NAME"
		/>
		<CustomizationCameras>
			<CameraPos FOV="32.0" Name="addon_1" InterestPosition="(3.428; 1.213; 0.579)" MaxXRotation="360" MaxYRotation="360" MaxZoom="2" Position="(-3.577; 2.742; 7.179)" />
			<CameraPos FOV="32.0" Name="addon_2" InterestPosition="(4.066; 0.523; -0.192)" MaxXRotation="360" MaxYRotation="360" MaxZoom="2" Position="(8.434; 2.902; 5.717)" />
			<CameraPos FOV="32.0" Interior="true" Name="mirror_mount" InterestPosition="(8.187; 1.9; 1.2)" Position="(4.637; 2.4; -0.2)" />
			<CameraPos FOV="32.0" Name="side_r" InterestPosition="(4.728; 1.454; -0.64)" MaxXRotation="360" MaxYRotation="360" MaxZoom="2" Position="(9.705; 1.637; 4.844)" />
			<CameraPos FOV="32.0" Interior="true" Name="hood_ornament" InterestPosition="(3.5; 1.2; 1.2)" Position="(9.5; 2.2; -1.3)" />
			<CameraPos FOV="32.0" Interior="true" Name="sticker" InterestPosition="(8.316; 1.53; 1.7)" Position="(4.668; 2.024; 0.2)" />
			<CameraPos FOV="32.0" Interior="true" Name="sticker_1" InterestPosition="(7.5; 1; 0.8)" Position="(4.8; 2.4; -0.5)" />
			<CameraPos FOV="32.0" Interior="true" Name="glass_sticker" InterestPosition="(5.602; 1.31; -0.767)" Position="(9.826; 2.823; 0.846)" />
			<CameraPos FOV="32.0" Interior="true" Name="door_r_sticker" InterestPosition="(6.8; 1.1; 0.614)" Position="(3.5; 1.5; 3.895)" />
			<CameraPos FOV="32.0" Name="roof" InterestPosition="(7.253; 1.607; -0.08)" MaxXRotation="360" MaxYRotation="360" MaxZoom="2" Position="(12.521; 3.38; 3.017)" />
			<CameraPos FOV="32.0" Interior="true" Name="capote_sticker" InterestPosition="(5.823; 1; -0.407)" Position="(9.5; 3.9; -1.296)" />
			<CameraPos FOV="32.0" Name="hoods" InterestPosition="(6.507; 0.995; -0.954)" MaxXRotation="360" MaxYRotation="360" MaxZoom="2" Position="(12.171; 1.377; -1.669)" />
			<CameraPos FOV="32.0" Name="side_l" InterestPosition="(2.983; 1.7; -2)" MaxXRotation="360" MaxYRotation="360" MaxZoom="2" Position="(2.772; 1.7; -5)" />
			<CameraPos FOV="32.0" Interior="true" Name="bubble_head" InterestPosition="(8.316; 1.53; 1.1)" Position="(4.668; 2.024; -0.3)" />
			<CameraPos FOV="32.0" Name="wheels" InterestPosition="(5.483; 0.419; -1.3)" MaxXRotation="360" MaxYRotation="360" MaxZoom="2" Position="(6.772; 0.755; -4.200)" />
			<CameraPos FOV="32.0" Name="default" InterestPosition="(3.576; 0.544; 0.337)" MaxXRotation="360" MaxYRotation="360" MaxZoom="2" Position="(12.728; 2.221; -2.176)" />
			<CameraPos FOV="32.0" Name="rear" InterestPosition="(5.929; 0.792; -0.468)" MaxXRotation="360" MaxYRotation="360" MaxZoom="2" Position="(-0.649; 1.605; 1.978)" />
			<CameraPos FOV="32.0" Interior="true" Name="door_l_sticker" InterestPosition="(4.688; 1.1; -0.206)" Position="(3.303; 1.6; -3.775)" />
		</CustomizationCameras>
		<CraneSocket Pos="(3.43; 0.968; -0.451)" ParentFrame="BoneCabin_cdt" />
		<CraneSocket Pos="(3.43; 0.968; 0.451)" ParentFrame="BoneCabin_cdt" />
		<CraneSocket Pos="(-0.794; 1.028; -0.452)" />
		<CraneSocket Pos="(-0.794; 1.028; 0.452)" />
		<CraneSocket Pos="(-4.347; 1; -0.448)" />
		<CraneSocket Pos="(-4.347; 1; 0.448)" />
		<AddonSockets>
			<Socket Names="Semitrailer, SemitrailerOiltank" NamesBlock="SaddleHigh" Offset="(-2.575; 1.4; 0)" />
			<Socket Names="LargeSemitrailer, LargeSemitrailerOiltank" NamesBlock="SaddleLow" Offset="(-2.575; 1.56; 0)" />
			<Socket Names="Trailer" Offset="(-4.564; 0.994; 0)" />
		</AddonSockets>
		<AddonSockets>
			<Socket Names="LogLift" NamesBlock="BigCraneRu, SaddleHigh, SaddleLow, Step39331PikeSideboard, FrameAddon, FrameAddonTank, FrameAddonKung, FrameAddonSeismicVibrator" Offset="(0.586; 1.092; 0)">
				<AddonsShift Offset="(-0.32; 0; 0)" Types="Step39331PikeWheelAddon" />
				<AddonsShift Offset="(0; 0; 0)" TrailerNamesBlock="LogLift" Types="Step39331PikeWheelAddon, BunkLog" />
				<AddonsShift Offset="(-0.12; 0; 0)" Types="Step39331PikeExhaust" />
			</Socket>
			<Socket Names="MinicraneRU" NamesBlock="BigCraneRu, FrameAddonTank, FrameAddonKung, FrameAddonSeismicVibrator, SemitrailerOiltank" Offset="(0.228; 1.087; 0)">
				<AddonsShift Offset="(-0.5; 0; 0)" Types="Step39331PikeWheelAddon" />
				<AddonsShift Offset="(-0.17; 0; 0)" Types="Step39331PikeExhaust" />
			</Socket>
		</AddonSockets>
		<AddonSockets>
			<Socket Names="BigCraneRu" Offset="(-2.745; 1.085; 0)">
				<AddonsShift Offset="(-0.4; 0; 0)" Types="Step39331PikeWheelAddon" />
			</Socket>
			<Socket Names="BunkLog" Offset="(-6.071; 1.092; 0)" />
			<Socket Names="SaddleLow" Offset="(-2.572; 1.09; 0)" />
			<Socket Names="SaddleHigh" Offset="(-2.572; 1.09; 0)">
				<ExtraParent Frame="BoneChassis_cdt" Offset="(0; 0; -0.01)" />
				<ExtraParent Frame="BoneChassis_cdt" Offset="(0; 0; 0.01)" />
			</Socket>
			<Socket Names="Step39331PikeSideboard" Offset="(-2.35; 1.20; 0)">
				<AddonsShift Offset="(-0.39; 0; 0)" TrailerNamesBlock="Step39331PikeWheelAddon" Types="MinicraneRU" />
			</Socket>
			<Socket Names="FrameAddon" Offset="(-2.23; 1.092; 0)">
				<AddonsShift Offset="(-0.63; 0; 0)" Types="MinicraneRU" />
				<AddonsShift Offset="(0; 0; 0)" TrailerNamesBlock="FrameAddon" Types="Step39331PikeWheelAddon, MinicraneRU" />
			</Socket>
			<Socket Names="FrameAddonTank" NamesBlock="Step39331PikeSnorkel2" Offset="(-2.785; 1.085; 0)">
				<AddonsShift Offset="(-0.15; 0; 0)" Types="Step39331PikeExhaust" />
				<AddonsShift Offset="(-0.4; 0; 0)" Types="Step39331PikeWheelAddon" />
				<AddonsShift Offset="(0; 0; 0)" TrailerNamesBlock="FrameAddonTank" Types="Step39331PikeWheelAddon, Trailer" />
			</Socket>
			<Socket Names="FrameAddonKung" Offset="(-2.23; 1.171; 0)">
				<ExtraParent Frame="BoneChassis_cdt" Offset="(0; 0; -0.1)" />
				<ExtraParent Frame="BoneChassis_cdt" Offset="(0; 0; 0.1)" />
			</Socket>
			<Socket Names="FrameAddonSeismicVibrator" Offset="(0.172; 1.092; 0)" />
		</AddonSockets>
		<AddonSockets DefaultAddon="step_39331_pike_bumper_default">
			<Socket Names="Step39331PikeBumper" ParentFrame="BoneCabin_cdt" />
		</AddonSockets>
		<AddonSockets DefaultAddon="step_39331_pike_exhaust_default">
			<Socket Names="Step39331PikeExhaustDefault" ParentFrame="BoneCabin_cdt">
				<ExtraParent Frame="BoneChassis_cdt" />
			</Socket>
			<Socket Names="Step39331PikeExhaust" ParentFrame="BoneCabinDamper_cdt">
				<ExtraParent Frame="BoneCabin_cdt" />
				<ExtraParent Frame="BoneChassis_cdt" />
			</Socket>
		</AddonSockets>
		<AddonSockets>
			<Socket Names="Step39331PikeWheelAddon" ParentFrame="BoneChassis_cdt">
				<ExtraParent Frame="BoneCabin_cdt" />
			</Socket>
		</AddonSockets>
		<AddonSockets>
			<Socket Names="Step39331PikeRoofrack" NamesBlock="Step39331PikeBeacon" ParentFrame="BoneCabinDamper_cdt" />
			<Socket Names="Step39331PikeSpotlight" ParentFrame="BoneCabinDamper_cdt" />
		</AddonSockets>
		<AddonSockets>
			<Socket Names="Step39331PikeSnorkel1" ParentFrame="BoneCabinDamper_cdt" />
			<Socket Names="Step39331PikeSnorkel2" ParentFrame="BoneCabinDamper_cdt" />
		</AddonSockets>
		<AddonSockets>
			<Socket Names="Step39331PikeBeacon" ParentFrame="BoneCabinDamper_cdt" />
		</AddonSockets>
		<AddonSockets>
			<Socket Names="Step39331PikeVisor" ParentFrame="BoneCabinDamper_cdt" />
		</AddonSockets>
		<AddonSockets>
			<Socket Names="Step39331PikeGabarite" ParentFrame="BoneCabinDamper_cdt" />
		</AddonSockets>
		<AddonSockets>
			<Socket Names="Step39331PikeHorn" ParentFrame="BoneCabinDamper_cdt" />
		</AddonSockets>
		<!-- Added -->
		<AddonSockets>
            <Socket Names="RepairParts" Offset="(0; 0; 0)" /> 
        </AddonSockets>
		<!-- Added -->
		<AddonSockets>
			<Socket InCockpit="true" Names="Step39331PikeSticker_1x1_01" ParentFrame="BoneCabinDamper_cdt" />
		</AddonSockets>
		<AddonSockets>
			<Socket InCockpit="true" Names="Step39331PikeSticker_1x1_02" ParentFrame="BoneCabinDamper_cdt" />
		</AddonSockets>
		<AddonSockets>
			<Socket InCockpit="true" Names="Step39331PikeSticker_1x1_03" ParentFrame="BoneCabinDamper_cdt" />
		</AddonSockets>
		<AddonSockets>
			<Socket InCockpit="true" Names="Step39331PikeSticker_1x2_01" ParentFrame="BoneCabinDamper_cdt" />
		</AddonSockets>
		<AddonSockets>
			<Socket InCockpit="true" Names="Step39331PikeSticker_1x2_02" ParentFrame="BoneCabinDamper_cdt" />
		</AddonSockets>
		<AddonSockets>
			<Socket InCockpit="true" Names="Step39331PikeSticker_1x4_01" ParentFrame="BoneCabinDamper_cdt" />
		</AddonSockets>
		<AddonSockets>
			<Socket
				InCockpit="true"
				Names="StuffDashboard"
				Offset="(1.741; 1.917; 0.159)"
				ParentFrame="BoneCabinDamper_cdt"
			/>
		</AddonSockets>
		<AddonSockets>
			<Socket
				InCockpit="true"
				Names="StuffAirfreshener"
				Offset="(1.465; 2.521; 0.076)"
				ParentFrame="BoneCabinDamper_cdt"
			/>
		</AddonSockets>
		<AddonSockets>
			<Socket InCockpit="true" Names="Step39331PikeSticker_Capote" ParentFrame="BoneCabinDamper_cdt" />
		</AddonSockets>
		<AddonSockets>
			<Socket InCockpit="true" Names="Step39331PikeSticker_Door_L" ParentFrame="BoneCabinDamper_cdt" />
		</AddonSockets>
		<AddonSockets>
			<Socket InCockpit="true" Names="Step39331PikeSticker_Door_R" ParentFrame="BoneCabinDamper_cdt" />
		</AddonSockets>
		<AddonSockets>
			<Socket InCockpit="true" Names="Step39331PikeSticker_GlassTop" ParentFrame="BoneCabinDamper_cdt" />
		</AddonSockets>
		<AddonSockets>
			<Socket InCockpit="true" Names="Step39331PikeSticker_GlassBottom" ParentFrame="BoneCabinDamper_cdt" />
		</AddonSockets>
		<AddonSockets>
			<Socket Names="StuffHoodStep39331Pike" ParentFrame="BoneCabinDamper_cdt" />
		</AddonSockets>
		<!--Added-->
		<AddonSockets>
			<Socket Names="AddonHornsSmall" NamesBlock="StuffHoodStep39331Pike" Offset="(3.1; 1.79; 0)" ParentFrame="BoneCabinDamper_cdt" />
		</AddonSockets>
		<!--Added-->
	</GameData>
	<ControlledConstraints>
		<Constraint Id="chassis_steer" IsLinkedSteering="true" Name="TieRodSteer" />
	</ControlledConstraints>
	<AutomaticIK>
		<IKBone ModelFrame="BoneTieRodHinge2" ParentFrame="BoneTieRod_cdt">
			<IKJoint AxisLocal="(1; 0; 0)" Type="Hinge2" />
			<IKBone
				AttachOffset="(0; 0; 0)"
				AttachToFrame="BoneRackL"
				ModelFrame="BoneTieRodPrismatic"
			>
				<IKJoint AxisLocal="(1; 0; 0)" Type="Slider" />
			</IKBone>
		</IKBone>
	</AutomaticIK>
</Truck>
