<_templates Include="trucks" />
<TruckAddon IsChassisFullOcclusion="true">
	<PhysicsModel Mesh="trucks/addons/frame_addon_log_medium_high_kenworth">
		<Body ImpactType="Truck" Mass="900">
			<Constraint Type="Rigid" />
		</Body>
	</PhysicsModel>
	<ModelAttachments/>
	<GameData
		CameraPreset="addon_1"
		Category="frame_addons"
		Price="6000"
		UnlockByExploration="false"
		UnlockByRank="1"
	>
		<UiDesc
			UiDesc="UI_ADDON_FRAME_LOG_MEDIUM_ADDON_DESC"
			UiIcon30x30=""
			UiIcon40x40=""
			UiName="UI_ADDON_FRAME_LOG_MEDIUM_ADDON_NAME"
		/>
		<LoadArea Subtype="MediumKenworth" TrailerLoad="true" Type="CargoLogsMedium" Min="(-6.655; 0.465; -1.111)" Max="(-3.612; 2.016; 1.236)" ParentFrame="BoneRoot_cdt" />
		<LoadArea Subtype="MediumKenworth" TrailerLoad="true" Type="CargoLogsMedium" Min="(-3.612; 0.465; -1.111)" Max="(-0.17; 2.016; 1.236)" ParentFrame="BoneRoot_cdt" />
		<InstallSocket Offset="(-2.351; 0; 0)" Type="FrameAddonLogMediumHighKenworth" ParentFrame="BoneRoot_cdt" />
		<AddonSlots
			InitialOffset="(0; 0; 0)"
			ParentFrames="BoneRoot_cdt"
			Quantity="1"
		/>
	</GameData>
</TruckAddon>
