<_templates Include="trucks">
	<Flare>
		<LED01
			AspectRatio="1.4"
			Color="g(146; 137; 121) x 1.5"
			ColorMultAtDay="0.6"
			Dir="(1; 0; 0)"
			DirAngle="135"
			Size="0.04"
		/>
	</Flare>
</_templates>
<TruckAddon >
	<TruckData FuelCapacity="100" RepairsCapacity="75">
		<LimitedFluid Center="(0.076; 2.162; -0.504)" SizeX="0.402" SizeY="0.14" SizeZ="0.330" Type="Box" ParentFrame="BoneFuel_cdt" />
		<LimitedFluid Center="(0.073; 2.162; -0.146)" SizeX="0.402" SizeY="0.14" SizeZ="0.330" Type="Box" ParentFrame="BoneFuel_cdt" />
		<LimitedFluid Center="(0.073; 2.162; 0.206)" SizeX="0.402" SizeY="0.14" SizeZ="0.330" Type="Box" ParentFrame="BoneFuel_cdt" />
		<LimitedFluid Center="(-0.505; 2.162; 0.502)" SizeX="0.402" SizeY="0.14" SizeZ="0.330" Type="Box" ParentFrame="BoneFue2_cdt" />
		<LimitedFluid Center="(-0.980; 2.162; 0.500)" SizeX="0.402" SizeY="0.14" SizeZ="0.330" Type="Box" ParentFrame="BoneFue2_cdt" />
	</TruckData>
	<RepairsHide>
		<Mesh Frame="repair" HideThreshold="0.0" />
	</RepairsHide>
	<PhysicsModel Mesh="trucks/land_rover_defender_90_tuning/land_rover_defender_90_roofrack">
		<Body ImpactType="Truck" Mass="120" ModelFrame="BoneCabin_cdt">
			<Constraint Type="Rigid" />
			<Body Collisions="None" Mass="40" ModelFrame="BoneFuel1_cdt">
				<Constraint
					AxisLocal="(0; 0; 1)"
					Type="Prismatic"
					MinLimit="-0.001"
					MaxLimit="0.03"
				>
					<Motor Damping="1600" Spring="2500" Type="Spring" />
				</Constraint>
			</Body>
			<Body Collisions="None" Mass="40" ModelFrame="BoneFuel2_cdt">
				<Constraint
					AxisLocal="(1; 0; 0)"
					Type="Prismatic"
					MinLimit="0"
					MaxLimit="0.035"
				>
					<Motor Damping="1600" Spring="2500" Type="Spring" />
				</Constraint>
			</Body>
			<Body Collisions="None" Mass="40" ModelFrame="BoneRepair_cdt">
				<Constraint
					AxisLocal="(1; 0; 0)"
					Type="Prismatic"
					MinLimit="-0.015"
					MaxLimit="0.015"
				>
					<Motor Damping="1800" Spring="3500" Type="Spring" />
				</Constraint>
			</Body>
			<Body Collisions="None" Mass="40" ModelFrame="BoneTrack_cdt">
				<Constraint
					AxisLocal="(1; 0; 0)"
					Type="Prismatic"
					MinLimit="-0.01"
					MaxLimit="0.01"
				>
					<Motor Damping="2000" Spring="4000" Type="Spring" />
				</Constraint>
			</Body>
			<Body
				Collisions="None"
				Mass="5"
				ModelFrame="BoneShovel_cdt"
			>
				<Constraint
					AxisLocal="(1; 0; 0)"
					Type="Hinge"
					MinLimit="-5"
					MaxLimit="5"
				>
					<Motor Damping=".3" Spring=".3" Type="Spring" />
				</Constraint>
			</Body>
		</Body>
	</PhysicsModel>
	<ModelAttachments>
		<MainHeadLight>
			<Flare _template="LED01" Dir="(1; 0; 0)" Pos="(0.417; 2.189; -0.425)" />
			<Flare _template="LED01" Dir="(1; 0; 0)" Pos="(0.417; 2.189; -0.381)" />
			<Flare _template="LED01" Dir="(1; 0; 0)" Pos="(0.417; 2.162; -0.459)" />
			<Flare _template="LED01" Dir="(1; 0; 0)" Pos="(0.417; 2.152; -0.398)" />
			<Flare _template="LED01" Dir="(1; 0; 0)" Pos="(0.417; 2.166; -0.346)" />
			<Flare _template="LED01" Dir="(1; 0; 0)" Pos="(0.417; 2.120; -0.47)" />
			<Flare _template="LED01" Dir="(1; 0; 0)" Pos="(0.417; 2.123; -0.429)" />
			<Flare _template="LED01" Dir="(1; 0; 0)" Pos="(0.417; 2.123; -0.371)" />
			<Flare _template="LED01" Dir="(1; 0; 0)" Pos="(0.417; 2.127; -0.33)" />
			<Flare _template="LED01" Dir="(1; 0; 0)" Pos="(0.417; 2.081; -0.455)" />
			<Flare _template="LED01" Dir="(1; 0; 0)" Pos="(0.417; 2.094; -0.399)" />
			<Flare _template="LED01" Dir="(1; 0; 0)" Pos="(0.417; 2.085; -0.341)" />
			<Flare _template="LED01" Dir="(1; 0; 0)" Pos="(0.417; 2.058; -0.418)" />
			<Flare _template="LED01" Dir="(1; 0; 0)" Pos="(0.417; 2.059; -0.374)" />
			<Flare _template="LED01" Dir="(1; 0; 0)" Pos="(0.417; 2.189; 0.425)" />
			<Flare _template="LED01" Dir="(1; 0; 0)" Pos="(0.417; 2.189; 0.381)" />
			<Flare _template="LED01" Dir="(1; 0; 0)" Pos="(0.417; 2.162; 0.459)" />
			<Flare _template="LED01" Dir="(1; 0; 0)" Pos="(0.417; 2.152; 0.398)" />
			<Flare _template="LED01" Dir="(1; 0; 0)" Pos="(0.417; 2.166; 0.346)" />
			<Flare _template="LED01" Dir="(1; 0; 0)" Pos="(0.417; 2.120; 0.47)" />
			<Flare _template="LED01" Dir="(1; 0; 0)" Pos="(0.417; 2.123; 0.429)" />
			<Flare _template="LED01" Dir="(1; 0; 0)" Pos="(0.417; 2.123; 0.371)" />
			<Flare _template="LED01" Dir="(1; 0; 0)" Pos="(0.417; 2.127; 0.33)" />
			<Flare _template="LED01" Dir="(1; 0; 0)" Pos="(0.417; 2.081; 0.455)" />
			<Flare _template="LED01" Dir="(1; 0; 0)" Pos="(0.417; 2.094; 0.399)" />
			<Flare _template="LED01" Dir="(1; 0; 0)" Pos="(0.417; 2.085; 0.341)" />
			<Flare _template="LED01" Dir="(1; 0; 0)" Pos="(0.417; 2.058; 0.418)" />
			<Flare _template="LED01" Dir="(1; 0; 0)" Pos="(0.417; 2.059; 0.374)" />
			<Flare _template="LED01" Dir="(0; 0; -1)" Pos="(-0.978; 2.125; -0.75)" />
			<Flare _template="LED01" Dir="(0; 0; -1)" Pos="(-0.91; 2.125; -0.75)" />
			<Flare _template="LED01" Dir="(0; 0; -1)" Pos="(-0.843; 2.125; -0.75)" />
			<Flare _template="LED01" Dir="(0; 0; -1)" Pos="(-0.775; 2.125; -0.75)" />
			<Flare _template="LED01" Dir="(0; 0; 1)" Pos="(-0.978; 2.125; 0.75)" />
			<Flare _template="LED01" Dir="(0; 0; 1)" Pos="(-0.91; 2.125; 0.75)" />
			<Flare _template="LED01" Dir="(0; 0; 1)" Pos="(-0.843; 2.125; 0.75)" />
			<Flare _template="LED01" Dir="(0; 0; 1)" Pos="(-0.775; 2.125; 0.75)" />
			<Flare _template="LED01" Dir="(-1; 0; 0)" Pos="(-1.71; 2.125; 0.236)" />
			<Flare _template="LED01" Dir="(-1; 0; 0)" Pos="(-1.71; 2.125; 0.169)" />
			<Flare _template="LED01" Dir="(-1; 0; 0)" Pos="(-1.71; 2.125; 0.102)" />
			<Flare _template="LED01" Dir="(-1; 0; 0)" Pos="(-1.71; 2.125; 0.033)" />
			<Flare _template="LED01" Dir="(-1; 0; 0)" Pos="(-1.71; 2.125; -0.034)" />
			<Flare _template="LED01" Dir="(-1; 0; 0)" Pos="(-1.71; 2.125; -0.102)" />
			<Flare _template="LED01" Dir="(-1; 0; 0)" Pos="(-1.71; 2.125; -0.169)" />
			<Flare _template="LED01" Dir="(-1; 0; 0)" Pos="(-1.71; 2.125; -0.237)" />
			
			<Model _template="HeadLightRay" Org="(0.417; 2.123; -0.400)" Scale="(1.4; 1.4; 1)" />
			<Model _template="HeadLightRay" Org="(0.417; 2.123; 0.400)" Scale="(1.4; 1.4; 1)" />
		</MainHeadLight>
	</ModelAttachments>
	<GameData
		CameraPreset="roof"
		Category="frame_addons"
		IsCustomizable="true"
		Price="2500"
		UnlockByExploration="false"
		UnlockByRank="8"
	>
		<UiDesc
			UiDesc="UI_TUNING_SCOUT_TRUNK_SUPPLIES_DESC"
			UiIcon30x30=""
			UiIcon40x40=""
			UiName="UI_TUNING_SCOUT_TRUNK_SUPPLIES_NAME"
		/>
		<InstallSocket Type="LandRoverDef90Roofrack" />
	</GameData>
	<FuelHide>
		<Mesh Frame="fuel" HideThreshold="0.0" />
	</FuelHide>
</TruckAddon>
