<_templates Include="trucks">
	<TruckTire>
		<Offroad _template="ROv2Medium">
			<WheelTracks _template="Offroad" />
			<WheelSoftness _template="ScoutSoft" />
		</Offroad>
	</TruckTire>
</_templates>
<TruckWheels DamageCapacity="20" Radius="1" Mass="150" Width="1.418">
	<TruckTires>
		<TruckTire _template="Offroad" Mesh="wheels/tire_heavy_mudtires_single_tayga_1" Name="mudtires">
			<WheelFriction _template="Mudtires" SubstanceFriction="2.5"/>
			<GameData
				Price="7000"
				UnlockByExploration="false"
				UnlockByRank="15"
			>
				<UiDesc UiDesc="UI_ROv2_TIRE_MUDTIRE_AMHS_I_DESC" UiName="UI_TIRE_MEDIUM_MUDTIRES_SINGLE_ACTAEON_1_NAME" />
			</GameData>
		</TruckTire>
	</TruckTires>
	<TruckRims>
		<TruckRim Mesh="wheels/rim_heavy_mudtires_single_tayga_1" Name="rim">
			<GameData>
				<UiDesc UiDesc="UI_RIM_MEDIUM_MUDTIRES_SINGLE_ACTAEON_1_DESC" UiName="UI_RIM_MEDIUM_MUDTIRES_SINGLE_ACTAEON_1_NAME" />
			</GameData>
		</TruckRim>
	</TruckRims>
</TruckWheels>
