<CombineSky Mesh="env/sky_02" OffsetY="-0.09" Scale="950">

	<!-- sphere_sky -->
	<Cloud AngularSpeed="0" DiffuseMap="env/cloud_04_ru_01__d_a.tga" DiffuseMultiplier="g(255; 255; 255; 255) x 5" Frame="sphere_sky" SkyColorFactor="1">
		<DayTimeOverride DayTime="mainmenu_us_07" DiffuseMap="env/cloud_04_ru_02_day_01__d_a.tga" DiffuseMultiplier="g(255; 255; 255; 300) x 1.5" AngularSpeed="0.3" />
		<DayTimeOverride DayTime="day__1_us_07" DiffuseMap="env/cloud_04_ru_02_day_01__d_a.tga" DiffuseMultiplier="g(255; 255; 255; 200) x 2" AngularSpeed="0.3" />
		<DayTimeOverride DayTime="day__1a_us_07" DiffuseMap="env/cloud_04_ru_02_day_02__d_a.tga" DiffuseMultiplier="g(255; 255; 255; 200) x 1.5" AngularSpeed="0.3" FadeInStart="0.0" FadeInEnd="0.5" FadeOutStart="0.7" FadeOutEnd="1" />
		<DayTimeOverride DayTime="day__2_us_07" DiffuseMap="env/cloud_04_ru_02_day_01__d_a.tga" DiffuseMultiplier="g(255; 255; 255; 200) x 2.7" AngularSpeed="0.2" />
		<DayTimeOverride DayTime="day__2a_us_07" DiffuseMap="env/cloud_04_ru_02_day_02__d_a.tga" DiffuseMultiplier="g(216; 225; 248; 150) x 1.5" AngularSpeed="0.45" />
		<DayTimeOverride DayTime="day__3_us_07" DiffuseMap="env/cloud_04_ru_02_day_01__d_a.tga" DiffuseMultiplier="g(255; 255; 255; 200) x 3" AngularSpeed="0.4" />
		<DayTimeOverride DayTime="day__3a_us_07" DiffuseMap="env/cloud_us_02_0237.tga" DiffuseMultiplier="g(174; 174; 174; 150) x 2" AngularSpeed="0.45" FadeInStart="0.0" FadeInEnd="0.5" FadeOutStart="0.7" FadeOutEnd="1" />
		<DayTimeOverride DayTime="day_to_night_us_07" DiffuseMap="env/cloud_04_ru_02_day_to_night__d_a.tga" DiffuseMultiplier="g(228; 220; 220)" AngularSpeed="0.3" FadeInStart="0.0" FadeInEnd="0.2" FadeOutStart="0.2" FadeOutEnd="0.4"/>
		<DayTimeOverride DayTime="night_to_day_us_07" DiffuseMap="env/cloud_04_ru_02_day_to_night__d_a.tga" DiffuseMultiplier="g(255; 255; 255) x 1.1" AngularSpeed="0.3" AngularSpeed="0.2" FadeInStart="0.6" FadeInEnd="0.8" FadeOutStart="0.8" FadeOutEnd="1" />
		<DayTimeOverride DayTime="night_us_07" DiffuseMap="env/cloud_04_ru_01__d_a.tga" DiffuseMultiplier="g(197; 215; 255; 100) x 0.01" FadeInStart="0.0" FadeInEnd="0.5" FadeOutStart="0.5" FadeOutEnd="1"/>
	</Cloud>

	<!-- sphere_stars -->
	<Cloud AngularSpeed="0.00" DiffuseMap="env/skysphere_stars__d_a.tga" DiffuseMultiplier="g(255; 255; 255; 255) x 5" Frame="sphere_stars" SkyColorFactor="1">
		<DayTimeOverride DayTime="mainmenu_us_07" DiffuseMap="" DiffuseMultiplier="g(255; 230; 200; 220) x 5" />
		<DayTimeOverride DayTime="day__1_us_07" DiffuseMap="" DiffuseMultiplier="g(255; 230; 200; 220) x 5" />
		<DayTimeOverride DayTime="day__1a_us_07" DiffuseMap="" DiffuseMultiplier="g(255; 230; 200; 220) x 5" />
		<DayTimeOverride DayTime="day__2_us_07" DiffuseMap="" DiffuseMultiplier="g(255; 230; 200; 220) x 5" />
		<DayTimeOverride DayTime="day__2a_us_07" DiffuseMap="" DiffuseMultiplier="g(255; 230; 200; 220) x 5" />
		<DayTimeOverride DayTime="day__3_us_07" DiffuseMap="" DiffuseMultiplier="g(255; 230; 200; 220) x 5" />
		<DayTimeOverride DayTime="day__3a_us_07" DiffuseMap="" DiffuseMultiplier="g(255; 230; 200; 220) x 5" />
		<DayTimeOverride DayTime="day_to_night_us_07" DiffuseMap="" DiffuseMultiplier="g(255; 255; 255; 150) x 0.8" FadeInStart="0.0" FadeInEnd="0.2" FadeOutStart="0.2" FadeOutEnd="0.4" />
		<DayTimeOverride DayTime="night_to_day_us_07" DiffuseMap="" DiffuseMultiplier="g(197; 238; 255; 150) x 0.3" FadeInStart="0.6" FadeInEnd="0.8" FadeOutStart="0.8" FadeOutEnd="1" />
		<DayTimeOverride DayTime="night_us_07" DiffuseMap="env/skysphere_stars__d_a.tga" DiffuseMultiplier="g(162; 208; 255; 220) x 0.1" SkyColorFactor="0" FadeInStart="0.0" FadeInEnd="0.5" FadeOutStart="0.5" FadeOutEnd="1"/>
	</Cloud>

	<!-- sun_disc -->
	<Cloud AngularSpeed="0" DiffuseMap="env/sun_disc_01__d_a.tga" Frame="sun_disc" SkyColorFactor="1" >
		<DayTimeOverride DayTime="mainmenu_us_07" DiffuseMap="env/sun_disc_01__d_a.tga" DiffuseMultiplier="g(255; 218; 181; 150) x 40" />
		<DayTimeOverride DayTime="day__1_us_07" DiffuseMap="env/sun_disc_01__d_a.tga" DiffuseMultiplier="g(255; 218; 181; 150) x 40" />
		<DayTimeOverride DayTime="day__1a_us_07" DiffuseMap="env/sun_disc_01__d_a.tga" DiffuseMultiplier="g(255; 218; 181; 150) x 1" />
		<DayTimeOverride DayTime="day__2_us_07" DiffuseMap="env/sun_disc_01__d_a.tga" DiffuseMultiplier="g(255; 218; 181; 150) x 40" />
		<DayTimeOverride DayTime="day__2a_us_07" DiffuseMap="env/sun_disc_01__d_a.tga" DiffuseMultiplier="g(216; 216; 216; 150) x 1" />
		<DayTimeOverride DayTime="day__3_us_07" DiffuseMap="env/sun_disc_01__d_a.tga" DiffuseMultiplier="g(255; 218; 181; 150) x 40" />
		<DayTimeOverride DayTime="day__3a_us_07" DiffuseMap="env/sun_disc_01__d_a.tga" DiffuseMultiplier="g(255; 218; 181; 150) x 4" />
		<DayTimeOverride DayTime="day_to_night_us_07" DiffuseMap="env/sun_disc_01__d_a.tga" DiffuseMultiplier="g(255; 201; 125; 0) x 10" />
		<DayTimeOverride DayTime="night_to_day_us_07" DiffuseMap="env/sun_disc_01__d_a.tga" DiffuseMultiplier="g(255; 218; 181; 0) x 10" />
		<DayTimeOverride DayTime="night_us_07" DiffuseMap="" DiffuseMultiplier="g(255; 218; 181; 210) x 120" />
	</Cloud>
	
	<!-- sun_halo -->
	<Cloud AngularSpeed="0" DiffuseMap="env/sun_halo_01_ru_02__d_a.tga" DiffuseMultiplier="g(255; 218; 181; 210) x 120" Frame="sun_halo" SkyColorFactor="1" >
		<DayTimeOverride DayTime="mainmenu_us_07" DiffuseMap="env/sun_halo_01_ru_02__d_a.tga" DiffuseMultiplier="g(255; 128; 0; 120) x 15"/>
		<DayTimeOverride DayTime="day__1_us_07" DiffuseMap="env/sun_halo_01_ru_02__d_a.tga" DiffuseMultiplier="g(255; 128; 0; 120) x 15"/>
		<DayTimeOverride DayTime="day__1a_us_07" DiffuseMap="env/sun_halo_01_ru_02__d_a.tga" DiffuseMultiplier="g(221; 205; 188; 120) x 15"/>
		<DayTimeOverride DayTime="day__2_us_07" DiffuseMap="env/sun_halo_01_ru_02__d_a.tga" DiffuseMultiplier="g(255; 88; 14; 120) x 15"/>
		<DayTimeOverride DayTime="day__2a_us_07" DiffuseMap="env/sun_halo_01_ru_02__d_a.tga" DiffuseMultiplier="g(181; 188; 196; 120) x 20"/>
		<DayTimeOverride DayTime="day__3_us_07" DiffuseMap="env/sun_halo_01_ru_02__d_a.tga" DiffuseMultiplier="g(255; 151; 47; 120) x 15"/>
		<DayTimeOverride DayTime="day__3a_us_07" DiffuseMap="env/sun_halo_01_ru_02__d_a.tga" DiffuseMultiplier="g(255; 218; 201; 120) x 6"  />
		<DayTimeOverride DayTime="day_to_night_us_07" DiffuseMap="env/sun_halo_01_ru_02__d_a.tga" DiffuseMultiplier="g(255; 82; 82; 20) x 3"  FadeInStart="0.0" FadeInEnd="0.2" FadeOutStart="0.2" FadeOutEnd="0.4"/>
		<DayTimeOverride DayTime="night_to_day_us_07" DiffuseMap="env/sun_halo_01_ru_02__d_a.tga" DiffuseMultiplier="g(255; 128; 0; 20) x 8"  FadeInStart="0.6" FadeInEnd="0.8" FadeOutStart="0.8" FadeOutEnd="1" />
		<DayTimeOverride DayTime="night_us_07" DiffuseMap="" DiffuseMultiplier="g(255; 218; 181; 210) x 120" FadeInStart="0.0" FadeInEnd="0.5" FadeOutStart="0.5" FadeOutEnd="1" />	
	</Cloud>

	<!-- moon_disc -->
	<Cloud AngularSpeed="0" DiffuseMap="env/moon_disc_01__d_a.tga" DiffuseMultiplier="g(255; 218; 181; 210) x 120" Frame="moon_disc" SkyColorFactor="1" >
		<DayTimeOverride DayTime="mainmenu_us_07" DiffuseMap="env/moon_disc_01__d_a.tga" DiffuseMultiplier="g(255; 218; 181; 40) x 8" />
		<DayTimeOverride DayTime="day__1_us_07" DiffuseMap="env/moon_disc_01__d_a.tga" DiffuseMultiplier="g(255; 218; 181; 40) x 8" />
		<DayTimeOverride DayTime="day__1a_us_07" DiffuseMap="env/moon_disc_01__d_a.tga" DiffuseMultiplier="g(255; 218; 181; 5) x 8" />
		<DayTimeOverride DayTime="day__2_us_07" DiffuseMap="env/moon_disc_01__d_a.tga" DiffuseMultiplier="g(255; 218; 181; 40) x 8" />
		<DayTimeOverride DayTime="day__2a_us_07" DiffuseMap="env/moon_disc_01__d_a.tga" DiffuseMultiplier="g(255; 218; 181; 5) x 8" />
		<DayTimeOverride DayTime="day__3_us_07" DiffuseMap="env/moon_disc_01__d_a.tga" DiffuseMultiplier="g(255; 218; 181; 40) x 8" />
		<DayTimeOverride DayTime="day__3a_us_07" DiffuseMap="env/moon_disc_01__d_a.tga" DiffuseMultiplier="g(255; 218; 181; 5) x 8" />
		<DayTimeOverride DayTime="day_to_night_us_07" DiffuseMap="env/moon_disc_01__d_a.tga" DiffuseMultiplier="g(255; 255; 255; 40) x 2.5" SkyColorFactor="0.1" FadeInStart="0.0" FadeInEnd="0.2" FadeOutStart="0.2" FadeOutEnd="0.4"/>
		<DayTimeOverride DayTime="night_to_day_us_07" DiffuseMap="env/moon_disc_01__d_a.tga" DiffuseMultiplier="g(255; 255; 255; 40) x 4.5" SkyColorFactor="0.1" FadeInStart="0.6" FadeInEnd="0.8" FadeOutStart="0.8" FadeOutEnd="1" />
		<DayTimeOverride DayTime="night_us_07" DiffuseMap="env/moon_disc_01__d_a.tga" DiffuseMultiplier="g(254; 255; 236; 40) x 2.5" SkyColorFactor="0.2" FadeInStart="0.0" FadeInEnd="0.5" FadeOutStart="0.5" FadeOutEnd="1" />
	</Cloud>

	<!-- moon_halo -->
	<Cloud AngularSpeed="0" DiffuseMap="env/moon_halo_01__d_a.tga" DiffuseMultiplier="g(255; 218; 181; 210) x 120" Frame="moon_halo" SkyColorFactor="1" >
		<DayTimeOverride DayTime="mainmenu_us_07" DiffuseMap="" DiffuseMultiplier="g(255; 218; 181; 210) x 120" />
		<DayTimeOverride DayTime="day__1_us_07" DiffuseMap="" DiffuseMultiplier="g(255; 218; 181; 210) x 120" />
		<DayTimeOverride DayTime="day__1a_us_07" DiffuseMap="" DiffuseMultiplier="g(255; 218; 181; 210) x 120" />
		<DayTimeOverride DayTime="day__2_us_07" DiffuseMap="" DiffuseMultiplier="g(255; 218; 181; 50) x 120" />
		<DayTimeOverride DayTime="day__2a_us_07" DiffuseMap="" DiffuseMultiplier="g(255; 218; 181; 50) x 120" />
		<DayTimeOverride DayTime="day__3_us_07" DiffuseMap="" DiffuseMultiplier="g(255; 218; 181; 210) x 120" />
		<DayTimeOverride DayTime="day__3a_us_07" DiffuseMap="" DiffuseMultiplier="g(255; 218; 181; 210) x 120" />
		<DayTimeOverride DayTime="day_to_night_us_07" DiffuseMap="env/moon_halo_01__d_a.tga" DiffuseMultiplier="g(255; 218; 181; 50) x 0.1" FadeInStart="0.0" FadeInEnd="0.2" FadeOutStart="0.2" FadeOutEnd="0.4" />
		<DayTimeOverride DayTime="night_to_day_us_07" DiffuseMap="env/moon_halo_01__d_a.tga" DiffuseMultiplier="g(255; 218; 181; 50) x 0.2" FadeInStart="0.6" FadeInEnd="0.8" FadeOutStart="0.8" FadeOutEnd="1" />
		<DayTimeOverride DayTime="night_us_07" DiffuseMap="env/moon_halo_01__d_a.tga" DiffuseMultiplier="g(255; 250; 223; 50) x 1.8" FadeInStart="0.6" FadeInEnd="0.5" FadeOutStart="0.5" FadeOutEnd="1" />	
	</Cloud>

	<!-- clouds_rear -->
	<Cloud AngularSpeed="0.8" DiffuseMap="env/cloud_01_ru_02__s_d_a.tga" DiffuseMultiplier="g(255; 206; 80; 40) x 12" Frame="clouds_rear" SkyColorFactor="1">
		<DayTimeOverride DayTime="mainmenu_us_07" DiffuseMap="env/cloud_01_ru_02__s_d_a.tga" DiffuseMultiplier="g(235; 235; 235; 14) x 1.5" />
		<DayTimeOverride DayTime="day__1_us_07" DiffuseMap="env/cloud_01_ru_02__s_d_a.tga" DiffuseMultiplier="g(235; 235; 235; 220) x 3" />
		<DayTimeOverride DayTime="day__1a_us_07" DiffuseMap="env/cloud_01_ru_02__s_d_a.tga" DiffuseMultiplier="g(174; 174; 174; 200) x 2.1" />
		<DayTimeOverride DayTime="day__2_us_07" DiffuseMap="env/cloud_02_ru_02__s_d_a.tga" DiffuseMultiplier="g(255; 239; 217; 220) x 1.5" />
		<DayTimeOverride DayTime="day__2a_us_07" DiffuseMap="env/cloud_01_ru_02__s_d_a.tga" DiffuseMultiplier="g(174; 174; 174; 200) x 1.1" />
		<DayTimeOverride DayTime="day__3_us_07" DiffuseMap="env/cloud_01_ru_02__s_d_a.tga" DiffuseMultiplier="g(244; 220; 217; 220) x 3" />
		<DayTimeOverride DayTime="day__3a_us_07" DiffuseMap="env/cloud_01_ru_02__s_d_a.tga" DiffuseMultiplier="g(174; 174; 174; 200) x 2.8" />
		<DayTimeOverride DayTime="day_to_night_us_07" DiffuseMap="env/cloud_01_ru_02__s_d_a.tga" DiffuseMultiplier="g(98; 120; 153; 180) x 0.8" AngularSpeed="0.6" />
		<DayTimeOverride DayTime="night_to_day_us_07" DiffuseMap="env/cloud_01_ru_02__s_d_a.tga" DiffuseMultiplier="g(158; 177; 211; 180) x 1" AngularSpeed="0.4" />
		<DayTimeOverride DayTime="night_us_07" DiffuseMap="env/cloud_01_ru_02__s_d_a.tga" DiffuseMultiplier="g(169; 169; 169; 100) x 0.1" />
	</Cloud>

	<!-- clouds_mid -->
	<Cloud AngularSpeed="0.6" DiffuseMap="env/cloud_02_ru_02__s_d_a.tga" DiffuseMultiplier="g(255; 197; 78; 50) x 18" Frame="clouds_mid" SkyColorFactor="1">
		<DayTimeOverride DayTime="mainmenu_us_07" DiffuseMap="env/cloud_02_ru_02__s_d_a.tga" DiffuseMultiplier="g(255; 255; 255; 14) x 1" />
		<DayTimeOverride DayTime="day__1_us_07" DiffuseMap="env/cloud_02_ru_02__s_d_a.tga" DiffuseMultiplier="g(255; 255; 255; 80) x 0.1" />
		<DayTimeOverride DayTime="day__1a_us_07" DiffuseMap="env/cloud_02_ru_02__s_d_a.tga" DiffuseMultiplier="g(174; 178; 182; 200) x 1.5"/>
		<DayTimeOverride DayTime="day__2_us_07" DiffuseMap="env/cloud_02_ru_02__s_d_a.tga" DiffuseMultiplier="g(255; 255; 255; 80) x 0.1" />
		<DayTimeOverride DayTime="day__2a_us_07" DiffuseMap="env/cloud_02_ru_02__s_d_a.tga" DiffuseMultiplier="g(174; 178; 182; 200) x 1.3"/>
		<DayTimeOverride DayTime="day__3_us_07" DiffuseMap="env/cloud_02_ru_02__s_d_a.tga" DiffuseMultiplier="g(239; 244; 217; 120) x 0.1" />
		<DayTimeOverride DayTime="day__3a_us_07" DiffuseMap="env/cloud_02_ru_02__s_d_a.tga" DiffuseMultiplier="g(174; 178; 182; 200) x 1.8"/>
		<DayTimeOverride DayTime="day_to_night_us_07" DiffuseMap="env/cloud_02_ru_02__s_d_a.tga" DiffuseMultiplier="g(118; 132; 176; 50) x 0.2" FadeInStart="0.0" FadeInEnd="0.2" FadeOutStart="0.2" FadeOutEnd="0.4"/>
		<DayTimeOverride DayTime="night_to_day_us_07" DiffuseMap="env/cloud_02_ru_02__s_d_a.tga" DiffuseMultiplier="g(255; 255; 255; 30) x 0.2"   FadeInStart="0.6" FadeInEnd="0.8" FadeOutStart="0.8" FadeOutEnd="1" />
		<DayTimeOverride DayTime="night_us_07" DiffuseMap="env/cloud_02_ru_02__s_d_a.tga" DiffuseMultiplier="g(255; 177; 186; 100) x 0.3" 		FadeInStart="0.0" FadeInEnd="0.5" FadeOutStart="0.5" FadeOutEnd="1"/>
	</Cloud>

	<!-- clouds_near -->
	<Cloud AngularSpeed="0.55" DiffuseMap="env/cloud_03_ru_02__s_d_a.tga" DiffuseMultiplier="g(42; 47; 249) x 2" Frame="clouds_near" SkyColorFactor="1">
		<DayTimeOverride DayTime="mainmenu_us_07" DiffuseMap="env/cloud_03_ru_02__s_d_a.tga" DiffuseMultiplier="g(255; 255; 255; 0) x 1.5" />
		<DayTimeOverride DayTime="day__1_us_07" DiffuseMap="env/cloud_03_ru_02__s_d_a.tga" DiffuseMultiplier="g(255; 255; 255; 80) x 1" />
		<DayTimeOverride DayTime="day__1a_us_07" DiffuseMap="env/cloud_03_ru_02__s_d_a.tga" DiffuseMultiplier="g(174; 178; 182; 80) x 6" />
		<DayTimeOverride DayTime="day__2_us_07" DiffuseMap="env/cloud_03_ru_02__s_d_a.tga" DiffuseMultiplier="g(255; 239; 207; 80) x 2.1" AngularSpeed="0.45" />
		<DayTimeOverride DayTime="day__2a_us_07" DiffuseMap="env/cloud_03_ru_02__s_d_a.tga" DiffuseMultiplier="g(174; 178; 182; 80) x 1.5" />
		<DayTimeOverride DayTime="day__3_us_07" DiffuseMap="env/cloud_03_ru_02__s_d_a.tga" DiffuseMultiplier="g(255; 223; 232; 80) x 1.2"/>
		<DayTimeOverride DayTime="day__3a_us_07" DiffuseMap="env/cloud_03_ru_02__s_d_a.tga" DiffuseMultiplier="g(174; 178; 182; 80) x 2" />
		<DayTimeOverride DayTime="day_to_night_us_07" DiffuseMap="env/cloud_03_ru_02__s_d_a.tga" DiffuseMultiplier="g(255; 183; 183; 80) x 0.3"  	AngularSpeed="0.3" FadeInStart="0.0" FadeInEnd="0.2" FadeOutStart="0.2" FadeOutEnd="0.4"/>
		<DayTimeOverride DayTime="night_to_day_us_07" DiffuseMap="env/cloud_03_ru_02__s_d_a.tga" DiffuseMultiplier="g(178; 128; 153; 80)" FadeInStart="0.6" FadeInEnd="0.8" FadeOutStart="0.8" FadeOutEnd="1" />
		<DayTimeOverride DayTime="night_us_07" DiffuseMap="env/cloud_03_ru_02__s_d_a.tga" DiffuseMultiplier="g(149; 149; 149; 100) x 1.01" 		FadeInStart="0.0" FadeInEnd="0.5" FadeOutStart="0.5" FadeOutEnd="1"/>
	</Cloud>

	<!-- sphere_ground -->
	<Cloud AngularSpeed="0" DiffuseMap="env/cloud_01_horizon__d_a.tga" DiffuseMultiplier="g(255; 255; 255; 255) x 1" Frame="sphere_ground" SkyColorFactor="1">
		<DayTimeOverride DayTime="mainmenu_us_07" DiffuseMap="env/cloud_01_horizon__d_a.tga" DiffuseMultiplier="g(255; 255; 255) x 14"/>
		<DayTimeOverride DayTime="day__1_us_07" DiffuseMap="env/cloud_01_horizon__d_a.tga" DiffuseMultiplier="g(255; 255; 255) x 14"/>
		<DayTimeOverride DayTime="day__2_us_07" DiffuseMap="env/cloud_01_horizon__d_a.tga" DiffuseMultiplier="g(255; 255; 255) x 14"/>
		<DayTimeOverride DayTime="day__3_us_07" DiffuseMap="env/cloud_01_horizon__d_a.tga" DiffuseMultiplier="g(255; 255; 255) x 14"/>
		<DayTimeOverride DayTime="day_to_night_us_07" DiffuseMap="env/cloud_01_horizon__d_a.tga" DiffuseMultiplier="g(255; 255; 255; 210) x 12" />
		<DayTimeOverride DayTime="night_to_day_ru_07" DiffuseMap="env/cloud_01_horizon__d_a.tga" DiffuseMultiplier="g(255; 255; 255; 210) x 5" />
		<DayTimeOverride DayTime="night_us_07" DiffuseMap="env/cloud_01_horizon__d_a.tga" DiffuseMultiplier="g(255; 255; 255; 255) x 10" SkyColorFactor="1" />
	</Cloud>

</CombineSky>

