<_templates Include="trucks">
	<Wheel>
		<TrailerWheelSoft
			ConnectedToHandbrake="true"
			Location="rear"
			Damping="0.8"
			SuspensionHeight="0.2"
			SuspensionStrength="0.06"
			Torque="default"
			SuspensionMin="-0.2"
			ParentFrame="BoneCargo_2_cdt"
		/>
		<TrailerWheelFirm
			ConnectedToHandbrake="true"
			Location="rear"
			Damping="0.8"
			SuspensionHeight="0.2"
			SuspensionStrength="0.1"
			Torque="default"
			SuspensionMin="-0.2"
		/>
	</Wheel>
	<Mudguard Collisions="None" Mass="5">
		<Constraint
			AxisLocal="(0; 0; 1)"
			Type="Hinge"
			MinLimit="-5"
			MaxLimit="5"
		>
			<Motor Damping="50" Spring="500" Type="Spring" />
		</Constraint>
	</Mudguard>
	<Flare>
		<IgnitionSignalRed
			AspectRatio="1.4"
			Color="g(169; 0; 0) x 0.8"
			ColorMultAtDay="0.3"
			Dir="(-1; 0; 0)"
			DirAngle="90"
			Size="0.2"
		/>
		<IgnitionSignalOrange
			AspectRatio="1.4"
			Color="g(255; 140; 0) x 0.4"
			ColorMultAtDay="0.6"
			Dir="(0; 1; 0)"
			DirAngle="135"
			Size="0.05"
		/>
	</Flare>
</_templates>
<Truck Type="Trailer" AttachType="Saddle">
	<TruckData>
		<Wheels
			DefaultRim="rim_3"
			DefaultTire="offroad_2"
			DefaultWheelType="wheels_heavy_double2"
		>
			<Wheel _template="TrailerWheelSoft" Pos="(-1.133; 0.382; 1.026)" />
			<Wheel _template="TrailerWheelSoft" RightSide="true" Pos="(-1.133; 0.382; 1.026)" />
			<Wheel _template="TrailerWheelSoft" Pos="(-2.727; 0.382; 1.026)" />
			<Wheel _template="TrailerWheelSoft" RightSide="true" Pos="(-2.727; 0.382; 1.026)" />
			<Wheel _template="TrailerWheelFirm" Pos="(-4.297; 0.382; 1.026)" />
			<Wheel _template="TrailerWheelFirm" RightSide="true" Pos="(-4.297; 0.382; 1.026)" />
			<Wheel _template="TrailerWheelFirm" Pos="(-5.845; 0.382; 1.026)" />
			<Wheel _template="TrailerWheelFirm" RightSide="true" Pos="(-5.845; 0.382; 1.026)" />
		</Wheels>
		<CompatibleWheels Scale="0.42" Type="wheels_heavy_double2" />
		<OcclusionMap
			HalfSizeZ="1.842"
			Texture="trucks/occlusion/chassis_trailer__s_d_a.tga"
			MinX="-8"
			MaxX="3.7"
		/>
		<Foot Origin="(4.479; -0.118; 0.785)" />
		<Foot Origin="(4.479; -0.118; -0.785)" />
		<Constraint
			PlaneAxisLocal="(0; 1; 0)"
			TwistAxisLocal="(0; 0; 1)"
			Type="Ragdoll"
			ConeMin="-160"
			ConeMax="160"
			PlaneMin="-3"
			TwistMin="-150"
			PlaneMax="3"
			TwistMax="150"
		/>
		<Camera Center="(-1.3; 0; 0)" />
		<Axles>
			<Axle Frame="BoneAxle1" />
			<Axle Frame="BoneAxle2" />
			<Axle Frame="BoneAxle3" />
			<Axle Frame="BoneAxle4" />
		</Axles>
	</TruckData>
	<PoweredConstraints>
		<Group Id="_trailer_foot" ParentBodies="BoneLegLeft_cdt,BoneLegRight_cdt">
			<Constraint
				InitialFix="true"
				Name="Leg"
				Tau="0.04"
				TerminalFix="true"
				Position="0.728"
			/>
		</Group>
	</PoweredConstraints>
	<PhysicsModel Mesh="trucks/trailers/semitrailer_special_w_cat_770">
		<Body
			CenterOfMassOffset="(0; 0; 0)"
			ImpactType="Truck"
			Mass="18500"
			ModelFrame="BoneCargo_1_cdt"
		>
			<Body Collisions="None" Mass="10" ModelFrame="BoneMudguardLeft_cdt">
				<Constraint
					AxisLocal="(0; 0; -1)"
					Type="Hinge"
					MinLimit="-4"
					MaxLimit="60"
				>
					<Motor Damping="1" Spring="10" Type="Spring" />
				</Constraint>
			</Body>
			<Body Collisions="None" Mass="10" ModelFrame="BoneMudguardRight_cdt">
				<Constraint
					AxisLocal="(0; 0; -1)"
					Type="Hinge"
					MinLimit="-4"
					MaxLimit="60"
				>
					<Motor Damping="1" Spring="10" Type="Spring" />
				</Constraint>
			</Body>
			<Body Collisions="None" Mass="20" ModelFrame="BoneRopes1_cdt">
				<Constraint
					AxisLocal="(1; 0; 0)"
					Type="Prismatic"
					MinLimit="-0.005"
					MaxLimit="0.005"
				>
					<Motor Damping="100" Spring="1000" Type="Spring" />
				</Constraint>
			</Body>
			<Body Collisions="None" Mass="10" ModelFrame="BoneWires1_cdt">
				<Constraint
					AxisLocal="(1; 0; 0)"
					Type="Prismatic"
					MinLimit="-0.075"
					MaxLimit="0.01"
				>
					<Motor Damping="75" Spring="750" Type="Spring" />
				</Constraint>
			</Body>
			<Body ImpactType="Truck" Mass="9000" ModelFrame="BoneCargo_2_cdt">
				<Constraint
					AxisLocal="(1; 0; 0)"
					Type="Hinge"
					MinLimit="-10"
					MaxLimit="10"
				>
					<Motor Damping="1000000" Spring="1000000" Type="Spring" />
				</Constraint>
				<Body _template="Mudguard" ModelFrame="BoneMudguardCatLeft1_cdt">
					<Constraint AxisLocal="(0; 0; -1)" MinLimit="-35" MaxLimit="5" />
				</Body>
				<Body _template="Mudguard" Mass="2" ModelFrame="BoneMudguardCatLeft2_cdt">
					<Constraint AxisLocal="(1; 0; 0)" MinLimit="-15" MaxLimit="15">
						<Motor Damping="10" Spring="100" Type="Spring" />
					</Constraint>
				</Body>
				<Body _template="Mudguard" ModelFrame="BoneMudguardCatRight1_cdt">
					<Constraint AxisLocal="(0; 0; -1)" MinLimit="-35" MaxLimit="9" />
				</Body>
				<Body _template="Mudguard" Mass="2" ModelFrame="BoneMudguardCatRight2_cdt">
					<Constraint AxisLocal="(1; 0; 0)" MinLimit="-15" MaxLimit="15">
						<Motor Damping="10" Spring="100" Type="Spring" />
					</Constraint>
				</Body>
				<Body Collisions="None" Mass="5" ModelFrame="BoneMirrors_cdt">
					<Constraint
						AxisLocal="(0; 0; 1)"
						Type="Hinge"
						MinLimit="-5"
						MaxLimit="5"
					>
						<Motor Damping="25" Spring="250" Type="Spring" />
					</Constraint>
				</Body>
				<Body Collisions="None" Mass="2" ModelFrame="BoneMirrorL_cdt">
					<Constraint
						AxisLocal="(0; 1; 0)"
						Type="Hinge"
						MinLimit="-5"
						MaxLimit="1"
					>
						<Motor Damping="5" Spring="50" Type="Spring" />
					</Constraint>
				</Body>
				<Body Collisions="None" Mass="2" ModelFrame="BoneMirrorR_cdt">
					<Constraint
						AxisLocal="(0; 1; 0)"
						Type="Hinge"
						MinLimit="-1"
						MaxLimit="5"
					>
						<Motor Damping="5" Spring="50" Type="Spring" />
					</Constraint>
				</Body>
				<Body ImpactType="Truck" Mass="3000" ModelFrame="BoneCargo_3_cdt">
					<Constraint
						AxisLocal="(1; 0; 0)"
						Type="Hinge"
						MinLimit="-10"
						MaxLimit="10"
					>
						<Motor Damping="1000000" Spring="1000000" Type="Spring" />
					</Constraint>
					<Body ImpactType="Truck" Mass="2000" ModelFrame="BoneCargo_4_cdt">
						<Constraint
							AxisLocal="(1; 0; 0)"
							Type="Hinge"
							MinLimit="-10"
							MaxLimit="10"
						>
							<Motor Damping="1000000" Spring="1000000" Type="Spring" />
						</Constraint>
						<Body Mass="400" ModelFrame="BoneWheels_cdt">
							<Constraint
								AxisLocal="(1; 0; 0)"
								Type="Prismatic"
								MinLimit="-0.005"
								MaxLimit="0.005"
							>
								<Motor Damping="100" Spring="1000" Type="Spring" />
							</Constraint>
						</Body>
						<Body Mass="15" ModelFrame="BoneHandleLeft_cdt">
							<Constraint
								AxisLocal="(-1; 0; 0)"
								Type="Hinge"
								MinLimit="-10"
								MaxLimit="20"
							>
								<Motor Damping="1" Spring="5" Type="Spring" />
							</Constraint>
						</Body>
						<Body Collisions="None" Mass="16" ModelFrame="BoneHandleRight_cdt">
							<Constraint
								AxisLocal="(1; 0; 0)"
								Type="Hinge"
								MinLimit="-10"
								MaxLimit="20"
							>
								<Motor Damping="1" Spring="5" Type="Spring" />
							</Constraint>
						</Body>
						<Body
							Mass="300"
							ModelFrame="BoneLegLeft_cdt"
							NoFoliageCollisions="true"
						>
							<Constraint
								AxisLocal="(0; 1; 0)"
								Name="Leg"
								Type="Prismatic"
								MinLimit="0"
								MaxLimit="0.728"
							>
								<Motor Force="45000" Type="Position" />
							</Constraint>
							<Body
								CenterOfMassOffset="(0; -0.3; 0)"
								Collisions="None"
								Mass="5"
								ModelFrame="BoneFootLeft_cdt"
								NoFoliageCollisions="true"
							>
								<Constraint
									AxisLocal="(0; 0; -1)"
									Type="Hinge"
									MinLimit="-10"
									MaxLimit="10"
								>
									<Motor Damping="0.1" Spring="6" Type="Spring" />
								</Constraint>
							</Body>
						</Body>
						<Body
							Mass="300"
							ModelFrame="BoneLegRight_cdt"
							NoFoliageCollisions="true"
						>
							<Constraint
								AxisLocal="(0; 1; 0)"
								Name="Leg"
								Type="Prismatic"
								MinLimit="0"
								MaxLimit="0.728"
							>
								<Motor Force="45000" Type="Position" />
							</Constraint>
							<Body
								CenterOfMassOffset="(0; -0.3; 0)"
								Collisions="None"
								Mass="5"
								ModelFrame="BoneFootRight_cdt"
								NoFoliageCollisions="true"
							>
								<Constraint
									AxisLocal="(0; 0; -1)"
									Type="Hinge"
									MinLimit="-10"
									MaxLimit="10"
								>
									<Motor Damping="0.1" Spring="6" Type="Spring" />
								</Constraint>
							</Body>
						</Body>
					</Body>
				</Body>
			</Body>
		</Body>
	</PhysicsModel>
	<ModelAttachments>
		<StopSignals>
			<Light _template="StopSignal" Pos="(-7.908; 0.401; 0)" />
			<Flare _template="StopSignal" DirAngle="135" Size="0.5" Pos="(-7.559; 0.457; -1.323)" ParentFrame="BoneCargo_1_cdt" />
			<Flare _template="StopSignal" DirAngle="135" Size="0.5" Pos="(-7.559; 0.457; 1.323)" ParentFrame="BoneCargo_1_cdt" />
		</StopSignals>
		<ReverseSignals>
			<Light _template="ReverseSignal" Pos="(-8.004; 0.285; 0)" />
			<Flare _template="ReverseSignal" DirAngle="135" Size="0.5" Pos="(-7.559; 0.366; -1.214)" ParentFrame="BoneCargo_1_cdt" />
			<Flare _template="ReverseSignal" DirAngle="135" Size="0.5" Pos="(-7.559; 0.366; 1.214)" ParentFrame="BoneCargo_1_cdt" />
			<Flare _template="BlueStreak" Color="g(220; 220; 255) x 0.05" Dir="(-1; 0; 0)" Size="0.4" Pos="(-7.559; 0.366; -1.214)" />
			<Flare _template="BlueStreak" Color="g(220; 220; 255) x 0.05" Dir="(-1; 0; 0)" Size="0.4" Pos="(-7.559; 0.366; 1.214)" />
		</ReverseSignals>
		<Ignition>
			<Light _template="IgnitionSignalRed" Pos="(-8.3; 0.401; 0)" ParentFrame="BoneCargo_1_cdt" />
			<Flare _template="IgnitionSignalRed" DirAngle="135" Pos="(-7.559; 0.457; -1.323)" ParentFrame="BoneCargo_1_cdt" />
			<Flare _template="IgnitionSignalRed" DirAngle="135" Pos="(-7.559; 0.457; 1.323)" ParentFrame="BoneCargo_1_cdt" />
			<Flare _template="IgnitionSignalRed" Dir="(1; 0; 0)" Size="0.1" Pos="(4.314; 0.773; -1.139)" ParentFrame="BoneCargo_4_cdt" />
			<Flare _template="IgnitionSignalRed" Dir="(1; 0; 0)" Size="0.1" Pos="(4.314; 0.773; 1.139)" ParentFrame="BoneCargo_4_cdt" />
			<Flare _template="IgnitionSignalOrange" Dir="(0; 0; -1)" Pos="(-6.588; 0.857; -1.25)" ParentFrame="BoneCargo_1_cdt" />
			<Flare _template="IgnitionSignalOrange" Dir="(0; 0; 1)" Pos="(-6.588; 0.857; 1.25)" ParentFrame="BoneCargo_1_cdt" />
			<Flare _template="IgnitionSignalOrange" Dir="(0; 0; -1)" Pos="(-4.755; 0.857; -1.25)" ParentFrame="BoneCargo_1_cdt" />
			<Flare _template="IgnitionSignalOrange" Dir="(0; 0; 1)" Pos="(-4.755; 0.857; 1.25)" ParentFrame="BoneCargo_1_cdt" />
			<Flare _template="IgnitionSignalOrange" Dir="(0; 0; -1)" Pos="(-3.19; 0.857; -1.25)" ParentFrame="BoneCargo_2_cdt" />
			<Flare _template="IgnitionSignalOrange" Dir="(0; 0; 1)" Pos="(-3.19; 0.857; 1.25)" ParentFrame="BoneCargo_2_cdt" />
			<Flare _template="IgnitionSignalOrange" Dir="(0; 0; -1)" Pos="(-1.623; 0.857; -1.25)" ParentFrame="BoneCargo_2_cdt" />
			<Flare _template="IgnitionSignalOrange" Dir="(0; 0; 1)" Pos="(-1.623; 0.857; 1.25)" ParentFrame="BoneCargo_2_cdt" />
			<Flare _template="IgnitionSignalOrange" Dir="(0; 0; -1)" Pos="(-0.546; 0.857; -1.25)" ParentFrame="BoneCargo_3_cdt" />
			<Flare _template="IgnitionSignalOrange" Dir="(0; 0; 1)" Pos="(-0.546; 0.857; 1.25)" ParentFrame="BoneCargo_3_cdt" />
			<Flare _template="IgnitionSignalOrange" Dir="(0; 0; -1)" Pos="(0.395; 0.857; -1.25)" ParentFrame="BoneCargo_3_cdt" />
			<Flare _template="IgnitionSignalOrange" Dir="(0; 0; 1)" Pos="(0.395; 0.857; 1.25)" ParentFrame="BoneCargo_3_cdt" />
			<Flare _template="IgnitionSignalOrange" Dir="(0; 0; -1)" Pos="(1.469; 0.857; -1.25)" ParentFrame="BoneCargo_3_cdt" />
			<Flare _template="IgnitionSignalOrange" Dir="(0; 0; 1)" Pos="(1.469; 0.857; 1.25)" ParentFrame="BoneCargo_3_cdt" />
			<Flare _template="IgnitionSignalOrange" Dir="(0; 0; -1)" Pos="(2.486; 0.857; -1.25)" ParentFrame="BoneCargo_4_cdt" />
			<Flare _template="IgnitionSignalOrange" Dir="(0; 0; 1)" Pos="(2.486; 0.857; 1.25)" ParentFrame="BoneCargo_4_cdt" />
			<Flare _template="IgnitionSignalOrange" Dir="(0; 0; -1)" Pos="(3.501; 0.857; -1.25)" ParentFrame="BoneCargo_4_cdt" />
			<Flare _template="IgnitionSignalOrange" Dir="(0; 0; 1)" Pos="(3.501; 0.857; 1.25)" ParentFrame="BoneCargo_4_cdt" />
			<Flare _template="IgnitionSignalOrange" Dir="(0; 0; -1)" Pos="(4.851; 1.622; -0.58)" ParentFrame="BoneCargo_4_cdt" />
			<Flare _template="IgnitionSignalOrange" Dir="(0; 0; 1)" Pos="(4.851; 1.622; 0.58)" ParentFrame="BoneCargo_4_cdt" />
			<Flare _template="IgnitionSignalOrange" Dir="(0; 0; -1)" Pos="(6.382; 1.622; -0.58)" ParentFrame="BoneCargo_4_cdt" />
			<Flare _template="IgnitionSignalOrange" Dir="(0; 0; 1)" Pos="(6.382; 1.622; 0.58)" ParentFrame="BoneCargo_4_cdt" />
		</Ignition>
	</ModelAttachments>
	<Landmark Mesh="landmarks/semitrailer_special_w_cat_770_lmk" MinScale="1.2" MaxScale="2.2" />
	<GameData IsQuest="true" Price="11700">
		<WinchSocket WinchableWhenAttached="false" Pos="(7.245; 1.335; 0)" ParentFrame="BoneCargo_4_cdt" />
		<WinchSocket Pos="(2.653; 0.836; -1.323)" ParentFrame="BoneCargo_4_cdt" />
		<WinchSocket Pos="(2.653; 0.836; 1.323)" ParentFrame="BoneCargo_4_cdt" />
		<WinchSocket Pos="(-0.341; 0.831; -1.24)" ParentFrame="BoneCargo_3_cdt" />
		<WinchSocket Pos="(-0.341; 0.831; 1.24)" ParentFrame="BoneCargo_3_cdt" />
		<WinchSocket Pos="(-5.377; 0.844; -1.247)" ParentFrame="BoneCargo_1_cdt" />
		<WinchSocket Pos="(-5.377; 0.844; 1.247)" ParentFrame="BoneCargo_1_cdt" />
		<WinchSocket Pos="(-7.662; 0.571; -0.934)" ParentFrame="BoneCargo_1_cdt" />
		<WinchSocket Pos="(-7.662; 0.571; 0.934)" ParentFrame="BoneCargo_1_cdt" />
		<UiDesc
			UiDesc="UI_SEMITRAILER_SPECIAL_W_CAT_770_DESC"
			UiIcon30x30="trailerSemiImg30"
			UiIcon40x40="trailerSemiImg"
			UiName="UI_SEMITRAILER_SPECIAL_W_CAT_770_NAME"
		/>
		<RequiredAddon _template="SaddleLow" />
		<InstallSocket Offset="(7.245; 1.489; 0.004)" Type="Semitrailer" ParentFrame="BoneCargo_4_cdt" />
		<CraneSocket Pos="(7.245; 1.335; 0)" ParentFrame="BoneCargo_4_cdt" />
		<CraneSocket Pos="(2.653; 0.836; -1.323)" ParentFrame="BoneCargo_4_cdt" />
		<CraneSocket Pos="(2.653; 0.836; 1.323)" ParentFrame="BoneCargo_4_cdt" />
		<CraneSocket Pos="(-0.341; 0.831; -1.24)" ParentFrame="BoneCargo_3_cdt" />
		<CraneSocket Pos="(-0.341; 0.831; 1.24)" ParentFrame="BoneCargo_3_cdt" />
		<CraneSocket Pos="(-5.377; 0.844; -1.247)" ParentFrame="BoneCargo_1_cdt" />
		<CraneSocket Pos="(-5.377; 0.844; 1.247)" ParentFrame="BoneCargo_1_cdt" />
		<CraneSocket Pos="(-7.662; 0.571; -0.934)" ParentFrame="BoneCargo_1_cdt" />
		<CraneSocket Pos="(-7.662; 0.571; 0.934)" ParentFrame="BoneCargo_1_cdt" />
	</GameData>
</Truck>
