<CombineSky Mesh="env/sky_02" OffsetY="-0.09" Scale="950">

	<!-- sphere_sky -->
	<Cloud AngularSpeed="0" DiffuseMap="env/cloud_04_ru_01__d_a.tga" DiffuseMultiplier="g(255; 255; 255; 255) x 5" Frame="sphere_sky" SkyColorFactor="1">
		<DayTimeOverride DayTime="mainmenu_us_12" DiffuseMap="env/cloud_04_ru_02_day_01__d_a.tga" DiffuseMultiplier="g(255; 255; 255; 200) x 2.5" AngularSpeed="0.4" />
		<DayTimeOverride DayTime="day__1_us_12" DiffuseMap="env/cloud_04_ru_02_day_01__d_a.tga" DiffuseMultiplier="g(255; 255; 255; 200) x 3" AngularSpeed="0.3" />
		<DayTimeOverride DayTime="day__1a_us_12" DiffuseMap="env/sky_01_us_04_day__d_a.tga" DiffuseMultiplier="g(255; 255; 255; 200) x 2.75" AngularSpeed="0.3"/>
		<DayTimeOverride DayTime="day__2_us_12" DiffuseMap="env/cloud_04_ru_02_day_01__d_a.tga" DiffuseMultiplier="g(255; 255; 255; 200) x 2.75" AngularSpeed="0.2" />
		<DayTimeOverride DayTime="day__2a_us_12" DiffuseMap="env/sky_01_us_04_day__d_a.tga" DiffuseMultiplier="g(255; 255; 255; 200) x 2.5" AngularSpeed="0.45" />
		<DayTimeOverride DayTime="day__3_us_12" DiffuseMap="env/cloud_04_ru_02_day_01__d_a.tga" DiffuseMultiplier="g(255; 255; 255; 200) x 2.5" AngularSpeed="0.4" />
		<DayTimeOverride DayTime="day__3a_us_12" DiffuseMap="env/sky_01_us_04_day__d_a.tga" DiffuseMultiplier="g(255; 255; 255; 200) x 2.25" AngularSpeed="0.45"/>
		<DayTimeOverride DayTime="day_to_night_us_12" DiffuseMap="env/cloud_04_ru_02_day_to_night__d_a.tga" DiffuseMultiplier="g(255; 255; 255; 230) x 1.14" AngularSpeed="0.3" FadeInStart="0.0" FadeInEnd="0.2" FadeOutStart="0.2" FadeOutEnd="0.4"/>
		<DayTimeOverride DayTime="night_to_day_us_12" DiffuseMap="env/cloud_04_ru_02_day_to_night__d_a.tga" DiffuseMultiplier="g(255; 255; 255; 230) x 1.39" AngularSpeed="0.3" AngularSpeed="0.2" FadeInStart="0.6" FadeInEnd="0.8" FadeOutStart="0.8" FadeOutEnd="1" />
		<DayTimeOverride DayTime="night_us_12" DiffuseMap="env/cloud_04_us_02__d_a.tga" DiffuseMultiplier="g(197; 215; 255; 100) x 0.01" FadeInStart="0.0" FadeInEnd="0.5" FadeOutStart="0.5" FadeOutEnd="1"/>
	</Cloud>

	<!-- sphere_stars -->
	<Cloud AngularSpeed="0.00" DiffuseMap="env/skysphere_stars__d_a.tga" DiffuseMultiplier="g(255; 255; 255; 255) x 5" Frame="sphere_stars" SkyColorFactor="1">
		<DayTimeOverride DayTime="mainmenu_us_12" DiffuseMap="" DiffuseMultiplier="g(255; 230; 200; 220) x 5" />
		<DayTimeOverride DayTime="day__1_us_12" DiffuseMap="" DiffuseMultiplier="g(255; 230; 200; 220) x 5" />
		<DayTimeOverride DayTime="day__1a_us_12" DiffuseMap="" DiffuseMultiplier="g(255; 230; 200; 220) x 5" />
		<DayTimeOverride DayTime="day__2_us_12" DiffuseMap="" DiffuseMultiplier="g(255; 230; 200; 220) x 5" />
		<DayTimeOverride DayTime="day__2a_us_12" DiffuseMap="" DiffuseMultiplier="g(255; 230; 200; 220) x 5" />
		<DayTimeOverride DayTime="day__3_us_12" DiffuseMap="" DiffuseMultiplier="g(255; 230; 200; 220) x 5" />
		<DayTimeOverride DayTime="day__3a_us_12" DiffuseMap="" DiffuseMultiplier="g(255; 230; 200; 220) x 5" />
		<DayTimeOverride DayTime="day_to_night_us_12" DiffuseMap="" DiffuseMultiplier="g(255; 255; 255; 120) x 2" />
		<DayTimeOverride DayTime="night_to_day_us_12" DiffuseMap="" DiffuseMultiplier="g(197; 238; 255; 120) x 2" />
		<DayTimeOverride DayTime="night_us_12" DiffuseMap="env/skysphere_stars__d_a.tga" DiffuseMultiplier="g(162; 208; 255; 120) x 0.5" SkyColorFactor="0" FadeInStart="0.0" FadeInEnd="0.5" FadeOutStart="0.5" FadeOutEnd="1"/>
	</Cloud>

	<!-- sun_disc -->
	<Cloud AngularSpeed="0" DiffuseMap="env/sun_disc_01__d_a.tga" Frame="sun_disc" SkyColorFactor="1" >
		<DayTimeOverride DayTime="mainmenu_us_12" DiffuseMap="env/sun_disc_01__d_a.tga" DiffuseMultiplier="g(255; 194; 210; 255) x 25" />
		<DayTimeOverride DayTime="day__1_us_12" DiffuseMap="env/sun_disc_01__d_a.tga" DiffuseMultiplier="g(255; 224; 194; 255) x 15" />
		<DayTimeOverride DayTime="day__1a_us_12" DiffuseMap="env/sun_disc_01__d_a.tga" DiffuseMultiplier="g(255; 224; 194; 255) x 12" />
		<DayTimeOverride DayTime="day__2_us_12" DiffuseMap="env/sun_disc_01__d_a.tga" DiffuseMultiplier="g(255; 224; 194; 255) x 20" />
		<DayTimeOverride DayTime="day__2a_us_12" DiffuseMap="env/sun_disc_01__d_a.tga" DiffuseMultiplier="g(255; 224; 194; 255) x 17" />
		<DayTimeOverride DayTime="day__3_us_12" DiffuseMap="env/sun_disc_01__d_a.tga" DiffuseMultiplier="g(255; 194; 210; 255) x 25" />
		<DayTimeOverride DayTime="day__3a_us_12" DiffuseMap="env/sun_disc_01__d_a.tga" DiffuseMultiplier="g(255; 194; 210; 255) x 20"/>
		<DayTimeOverride DayTime="day_to_night_us_12" DiffuseMap="env/sun_disc_01__d_a.tga" DiffuseMultiplier="g(255; 189; 171; 255) x 14.5" SkyColorFactor="0.25" />
		<DayTimeOverride DayTime="night_us_12" DiffuseMap="env/sun_disc_01__d_a.tga" DiffuseMultiplier="g(255; 218; 181; 0) x 4.5" FadeInStart="0.05" FadeInEnd="1"/>	
		<DayTimeOverride DayTime="night_to_day_us_12" DiffuseMap="env/sun_disc_01__d_a.tga" DiffuseMultiplier="g(255; 194; 207; 255) x 14.5" SkyColorFactor="0.25"/>
	</Cloud>
	
	<!-- sun_halo -->
	<Cloud AngularSpeed="0" DiffuseMap="env/sun_halo_01_ru_02__d_a.tga" DiffuseMultiplier="g(255; 218; 181; 210) x 120" Frame="sun_halo" SkyColorFactor="1" >
		<DayTimeOverride DayTime="mainmenu_us_12" DiffuseMap="env/sun_halo_01_ru_02__d_a.tga" DiffuseMultiplier="g(255; 128; 0; 120) x 12"/>
		<DayTimeOverride DayTime="day__1_us_12" DiffuseMap="env/sun_halo_01_ru_02__d_a.tga" DiffuseMultiplier="g(255; 128; 0; 120) x 6.9"/>
		<DayTimeOverride DayTime="day__1a_us_12" DiffuseMap="env/sun_halo_01_ru_02__d_a.tga" DiffuseMultiplier="g(255; 128; 0; 110) x 5"/>
		<DayTimeOverride DayTime="day__2_us_12" DiffuseMap="env/sun_halo_01_ru_02__d_a.tga" DiffuseMultiplier="g(255; 128; 0; 120) x 9"/>
		<DayTimeOverride DayTime="day__2a_us_12" DiffuseMap="env/sun_halo_01_ru_02__d_a.tga" DiffuseMultiplier="g(255; 128; 0; 110) x 7.5"/>
		<DayTimeOverride DayTime="day__3_us_12" DiffuseMap="env/sun_halo_01_ru_02__d_a.tga" DiffuseMultiplier="g(255; 128; 0; 120) x 12"/>
		<DayTimeOverride DayTime="day__3a_us_12" DiffuseMap="env/sun_halo_01_ru_02__d_a.tga" DiffuseMultiplier="g(255; 128; 0; 110) x 9"/>
		<DayTimeOverride DayTime="day_to_night_us_12" DiffuseMap="env/sun_halo_01_ru_02__d_a.tga" DiffuseMultiplier="g(255; 189; 171; 110) x 6.9" SkyColorFactor="0.39" />
		<DayTimeOverride DayTime="night_us_12" DiffuseMap="env/sun_halo_01_ru_02__d_a.tga" DiffuseMultiplier="g(255; 218; 181; 0) x 4" />	
		<DayTimeOverride DayTime="night_to_day_us_12" DiffuseMap="env/sun_halo_01_ru_02__d_a.tga" DiffuseMultiplier="g(255; 194; 207; 110) x 6.9" SkyColorFactor="0.39" />
	</Cloud>

	<!-- moon_disc -->
	<Cloud AngularSpeed="0" DiffuseMap="env/moon_disc_01__d_a.tga" DiffuseMultiplier="g(255; 218; 181; 210) x 120" Frame="moon_disc" SkyColorFactor="1" >
		<DayTimeOverride DayTime="mainmenu_us_12" DiffuseMap="env/moon_disc_01__d_a.tga" DiffuseMultiplier="g(255; 218; 181; 40) x 8" />
		<DayTimeOverride DayTime="day__1_us_12" DiffuseMap="env/moon_disc_01__d_a.tga" DiffuseMultiplier="g(255; 218; 181; 40) x 8" />
		<DayTimeOverride DayTime="day__1a_us_12" DiffuseMap="env/moon_disc_01__d_a.tga" DiffuseMultiplier="g(255; 218; 181; 5) x 8" />
		<DayTimeOverride DayTime="day__2_us_12" DiffuseMap="env/moon_disc_01__d_a.tga" DiffuseMultiplier="g(255; 218; 181; 40) x 8" />
		<DayTimeOverride DayTime="day__2a_us_12" DiffuseMap="env/moon_disc_01__d_a.tga" DiffuseMultiplier="g(255; 218; 181; 5) x 8" />
		<DayTimeOverride DayTime="day__3_us_12" DiffuseMap="env/moon_disc_01__d_a.tga" DiffuseMultiplier="g(255; 218; 181; 40) x 8" />
		<DayTimeOverride DayTime="day__3a_us_12" DiffuseMap="env/moon_disc_01__d_a.tga" DiffuseMultiplier="g(255; 218; 181; 5) x 8" />
		<DayTimeOverride DayTime="day_to_night_us_12" DiffuseMap="env/moon_disc_03_small__d_a.tga" DiffuseMultiplier="g(255; 255; 255; 39) x 2.5" SkyColorFactor="0.1" FadeInStart="0.0" FadeInEnd="0.2" FadeOutStart="0.2" FadeOutEnd="0.4"/>
		<DayTimeOverride DayTime="night_to_day_us_12" DiffuseMap="env/moon_disc_03_small__d_a.tga" DiffuseMultiplier="g(255; 255; 255; 39) x 2.5" SkyColorFactor="0.1" FadeInStart="0.6" FadeInEnd="0.8" FadeOutStart="0.8" FadeOutEnd="1" />
		<DayTimeOverride DayTime="night_us_12" DiffuseMap="env/moon_disc_03_small__d_a.tga" DiffuseMultiplier="g(254; 255; 236; 39) x 1.2" SkyColorFactor="0.2" FadeInStart="0.0" FadeInEnd="0.5" FadeOutStart="0.5" FadeOutEnd="1" />
	</Cloud>

	<!-- moon_halo -->
	<Cloud AngularSpeed="0" DiffuseMap="env/moon_halo_01__d_a.tga" DiffuseMultiplier="g(255; 218; 181; 210) x 120" Frame="moon_halo" SkyColorFactor="1" >
		<DayTimeOverride DayTime="mainmenu_us_12" DiffuseMap="" DiffuseMultiplier="g(255; 218; 181; 210) x 120" />
		<DayTimeOverride DayTime="day__1_us_12" DiffuseMap="" DiffuseMultiplier="g(255; 218; 181; 210) x 120" />
		<DayTimeOverride DayTime="day__1a_us_12" DiffuseMap="" DiffuseMultiplier="g(255; 218; 181; 210) x 120" />
		<DayTimeOverride DayTime="day__2_us_12" DiffuseMap="" DiffuseMultiplier="g(255; 218; 181; 50) x 120" />
		<DayTimeOverride DayTime="day__2a_us_12" DiffuseMap="" DiffuseMultiplier="g(255; 218; 181; 50) x 120" />
		<DayTimeOverride DayTime="day__3_us_12" DiffuseMap="" DiffuseMultiplier="g(255; 218; 181; 210) x 120" />
		<DayTimeOverride DayTime="day__3a_us_12" DiffuseMap="" DiffuseMultiplier="g(255; 218; 181; 210) x 120" />
		<DayTimeOverride DayTime="day_to_night_us_12" DiffuseMap="env/moon_halo_02_small__d_a.tga" DiffuseMultiplier="g(255; 218; 181; 45) x 0.1" FadeInStart="0.0" FadeInEnd="0.2" FadeOutStart="0.2" FadeOutEnd="0.4" />
		<DayTimeOverride DayTime="night_to_day_us_12" DiffuseMap="env/moon_halo_02_small__d_a.tga" DiffuseMultiplier="g(255; 218; 181; 45) x 0.2" FadeInStart="0.6" FadeInEnd="0.8" FadeOutStart="0.8" FadeOutEnd="1" />
		<DayTimeOverride DayTime="night_us_12" DiffuseMap="env/moon_halo_02_small__d_a.tga" DiffuseMultiplier="g(255; 250; 223; 45) x 1.3" FadeInStart="0.6" FadeInEnd="0.5" FadeOutStart="0.5" FadeOutEnd="1" />	
	</Cloud>

	<!-- clouds_rear -->
	<Cloud AngularSpeed="0.5" DiffuseMap="env/cloud_01_us_01__s_d_a.tga" DiffuseMultiplier="g(255; 206; 80; 40) x 12" Frame="clouds_rear" SkyColorFactor="1">
		<DayTimeOverride DayTime="mainmenu_us_12" DiffuseMap="env/cloud_01_us_01__s_d_a.tga" DiffuseMultiplier="g(235; 235; 235; 0) x 1" AngularSpeed="0.5" />
		<DayTimeOverride DayTime="day__1_us_12" DiffuseMap="env/cloud_01_us_01__s_d_a.tga" DiffuseMultiplier="g(235; 235; 235; 25) x 1" AngularSpeed="0.5" />
		<DayTimeOverride DayTime="day__1a_us_12" DiffuseMap="env/cloud_01_us_01__s_d_a.tga" DiffuseMultiplier="g(235; 235; 235; 30) x 1" AngularSpeed="0.5" />
		<DayTimeOverride DayTime="day__2_us_12" DiffuseMap="env/cloud_01_us_01__s_d_a.tga" DiffuseMultiplier="g(235; 235; 235; 20) x 1" AngularSpeed="0.5" />
		<DayTimeOverride DayTime="day__2a_us_12" DiffuseMap="env/cloud_01_us_01__s_d_a.tga" DiffuseMultiplier="g(235; 235; 235; 30) x 1" AngularSpeed="0.5" />
		<DayTimeOverride DayTime="day__3_us_12" DiffuseMap="env/cloud_01_us_01__s_d_a.tga" DiffuseMultiplier="g(235; 235; 235; 0) x 1" AngularSpeed="0.5" />
		<DayTimeOverride DayTime="day__3a_us_12" DiffuseMap="env/cloud_01_us_01__s_d_a.tga" DiffuseMultiplier="g(235; 235; 235; 39) x 1" AngularSpeed="0.5" />
		<DayTimeOverride DayTime="day_to_night_us_12" DiffuseMap="env/cloud_01_us_01__s_d_a.tga" DiffuseMultiplier="g(227; 235; 255; 0) x 1" AngularSpeed="0.5" FadeOutStart="0.69" FadeOutEnd="1"/>
		<DayTimeOverride DayTime="night_us_12" DiffuseMap="env/cloud_01_us_01__s_d_a.tga" DiffuseMultiplier="g(255; 255; 255; 0) x 0" SkyColorFactor="1"/>
		<DayTimeOverride DayTime="night_to_day_us_12" DiffuseMap="env/cloud_01_us_01__s_d_a.tga" DiffuseMultiplier="g(255; 255; 255; 0) x 1" AngularSpeed="0.5" FadeInStart="0.0" FadeInStart="0.25"/>
	</Cloud>

	<!-- clouds_mid -->
	<Cloud AngularSpeed="0.39" DiffuseMap="env/cloud_02_us_01__s_d_a.tga" DiffuseMultiplier="g(255; 197; 78; 50) x 18" Frame="clouds_mid" SkyColorFactor="1">
		<DayTimeOverride DayTime="mainmenu_us_12" DiffuseMap="env/cloud_02_us_01__s_d_a.tga" DiffuseMultiplier="g(255; 255; 255; 0) x 1" AngularSpeed="0.39"/>
		<DayTimeOverride DayTime="day__1_us_12" DiffuseMap="env/cloud_02_us_01__s_d_a.tga" DiffuseMultiplier="g(255; 255; 255; 25) x 1" AngularSpeed="0.39"/>
		<DayTimeOverride DayTime="day__1a_us_12" DiffuseMap="env/cloud_02_us_01__s_d_a.tga" DiffuseMultiplier="g(255; 255; 255; 39) x 1" AngularSpeed="0.39"/>
		<DayTimeOverride DayTime="day__2_us_12" DiffuseMap="env/cloud_02_us_01__s_d_a.tga" DiffuseMultiplier="g(255; 255; 255; 20) x 1" AngularSpeed="0.39"/>
		<DayTimeOverride DayTime="day__2a_us_12" DiffuseMap="env/cloud_02_us_01__s_d_a.tga" DiffuseMultiplier="g(255; 255; 255; 50) x 1" AngularSpeed="0.39"/>
		<DayTimeOverride DayTime="day__3_us_12" DiffuseMap="env/cloud_02_us_01__s_d_a.tga" DiffuseMultiplier="g(255; 255; 255; 0) x 1" AngularSpeed="0.39"/>
		<DayTimeOverride DayTime="day__3a_us_12" DiffuseMap="env/cloud_02_us_01__s_d_a.tga" DiffuseMultiplier="g(255; 255; 255; 39) x 1" AngularSpeed="0.39"/>
		<DayTimeOverride DayTime="day_to_night_us_12" DiffuseMap="env/cloud_02_us_01__s_d_a.tga" DiffuseMultiplier="g(227; 235; 255; 0) x 1" AngularSpeed="0.39" FadeOutStart="0.69" FadeOutEnd="1"/>
		<DayTimeOverride DayTime="night_us_12" DiffuseMap="env/cloud_02_us_01__s_d_a.tga" DiffuseMultiplier="g(189; 204; 221; 0) x 0"/>
		<DayTimeOverride DayTime="night_to_day_us_12" DiffuseMap="env/cloud_02_us_01__s_d_a.tga" DiffuseMultiplier="g(255; 255; 255; 0) x 1" AngularSpeed="0.39" FadeInStart="0.0" FadeInStart="0.25"/>
	</Cloud>

	<!-- clouds_near -->
	<Cloud AngularSpeed="0" DiffuseMap="env/cloud_03_us_01__s_d_a.tga" DiffuseMultiplier="g(42; 47; 249) x 2" Frame="clouds_near" SkyColorFactor="1">
		<DayTimeOverride DayTime="mainmenu_us_12" DiffuseMap="env/cloud_03_us_01__s_d_a.tga" DiffuseMultiplier="g(255; 255; 255; 0) x 2.0" />
		<DayTimeOverride DayTime="day__1_us_12" DiffuseMap="env/cloud_03_us_01__s_d_a.tga" DiffuseMultiplier="g(255; 255; 255; 20) x 1" />
		<DayTimeOverride DayTime="day__1a_us_12" DiffuseMap="env/cloud_03_us_01__s_d_a.tga" DiffuseMultiplier="g(255; 255; 255; 30) x 1" />
		<DayTimeOverride DayTime="day__2_us_12" DiffuseMap="env/cloud_03_us_01__s_d_a.tga" DiffuseMultiplier="g(255; 239; 207; 10) x 2.1" />
		<DayTimeOverride DayTime="day__2a_us_12" DiffuseMap="env/cloud_03_us_01__s_d_a.tga" DiffuseMultiplier="g(255; 239; 207; 30) x 1.1" />
		<DayTimeOverride DayTime="day__3_us_12" DiffuseMap="env/cloud_03_us_01__s_d_a.tga" DiffuseMultiplier="g(255; 255; 255; 0) x 2.0" />
		<DayTimeOverride DayTime="day__3a_us_12" DiffuseMap="env/cloud_03_us_01__s_d_a.tga" DiffuseMultiplier="g(255; 255; 255; 30) x 1.1" />
		<DayTimeOverride DayTime="day_to_night_us_12" DiffuseMap="env/cloud_03_us_01__s_d_a.tga" DiffuseMultiplier="g(255; 255; 255; 0) x 7.5" />
		<DayTimeOverride DayTime="night_us_12" DiffuseMap="env/cloud_03_us_01__s_d_a.tga" DiffuseMultiplier="g(255; 255; 255; 0) x 7.5" />	
		<DayTimeOverride DayTime="night_to_day_us_12" DiffuseMap="env/cloud_03_us_01__s_d_a.tga" DiffuseMultiplier="g(255; 255; 255; 0) x 7.5" />
	</Cloud>

	<!-- sphere_ground -->
	<Cloud AngularSpeed="0" DiffuseMap="env/cloud_01_horizon__d_a.tga" DiffuseMultiplier="g(255; 255; 255; 255) x 1" Frame="sphere_ground" SkyColorFactor="1">
		<DayTimeOverride DayTime="mainmenu_us_12" DiffuseMap="env/cloud_01_horizon__d_a.tga" DiffuseMultiplier="g(255; 255; 255) x 14"/>
		<DayTimeOverride DayTime="day__1_us_12" DiffuseMap="env/cloud_01_horizon__d_a.tga" DiffuseMultiplier="g(255; 255; 255) x 14"/>
		<DayTimeOverride DayTime="day__2_us_12" DiffuseMap="env/cloud_01_horizon__d_a.tga" DiffuseMultiplier="g(255; 255; 255) x 14"/>
		<DayTimeOverride DayTime="day__3_us_12" DiffuseMap="env/cloud_01_horizon__d_a.tga" DiffuseMultiplier="g(255; 255; 255) x 14"/>
		<DayTimeOverride DayTime="day_to_night_us_12" DiffuseMap="env/cloud_01_horizon__d_a.tga" DiffuseMultiplier="g(255; 255; 255; 210) x 12" />
		<DayTimeOverride DayTime="night_to_day_us_12" DiffuseMap="env/cloud_01_horizon__d_a.tga" DiffuseMultiplier="g(255; 255; 255; 210) x 5" />
		<DayTimeOverride DayTime="night_us_12" DiffuseMap="env/cloud_01_horizon__d_a.tga" DiffuseMultiplier="g(255; 255; 255; 255) x 10" SkyColorFactor="1" />
	</Cloud>

</CombineSky>

