<TruckAddon>
	<PhysicsModel Mesh="trucks/cargo/cargo_burnt_logs_medium_frame_addon_high">
		<NetSync Legacy="false" />
		<Body
			CenterOfMassOffset="(0; -0.3; 0)"
			Friction="0.1"
			ImpactType="Foliage"
			Mass="3600"
			ModelFrame="BoneRoot_cdt"
		>
			<Constraint Type="Rigid" />
			<Body 
				Collisions="Dynamic"
				ImpactType="Truck" 
				LinearDamping="1" 
				Mass="3600" 
				ModelFrame="BonePrismaticShift_cdt" 
			>
				<Constraint
					LinearLimitsX="(-0.2; 0.2)"
					LinearLimitsY="(0.0; 0.5)"
					LinearLimitsZ="(-0.02; 0.02)"
					Type="Fixed"
				>
					<Motor Damping="20000" Spring="100" Type="Spring" />
				</Constraint>
			</Body>
		</Body>
	</PhysicsModel>
	<GameData>
		<SpawnLoadOrigin Position="(-3.504; 1.345; 0)" />
		<Sounds
			InstallSound="cargo_manual/cargo_manual_logs_medium"
			TransportedSound=""
			ManualSound="cargo_manual/cargo_manual_logs_medium"
		/>
		<RequiredAddon Types="frame_addon_log_medium_high" />
		<InstallSlot
			CargoAddonSubtype="FrameAddonLogMediumHigh"
			CargoLength="1"
			CargoType="CargoLogsMedium_Burnt"
			ManualLoads="3"
		/>
	</GameData>
</TruckAddon>
