<ModelBrand NightLightingShadowsAllowCap="true" DynamicModel="true">
	<PhysicsModel>
		<Body Collisions="Dynamic" ModelFrame="stage_0">
			<Body Collisions="Dynamic" ModelFrame="stage_1"/>
			<Body Collisions="Dynamic" ModelFrame="stage_2"/>
		</Body>
	</PhysicsModel>
	<Subset IsDefault="true" Name="build_stage_0">
		<Mesh Name="stage_0" />
		<CdtMesh Name="stage_0" />
	</Subset>
	<Subset Name="build_stage_1">
		<Mesh Name="stage_1" />
		<CdtMesh Name="stage_1" />
	</Subset>
	<Subset Name="build_stage_2">
		<Mesh Name="stage_2" />
		<CdtMesh Name="stage_2" />
	</Subset>
</ModelBrand>
