<_templates Include="trucks" />
<SuspensionSetVariants>
	<SuspensionSet
		_template="Normal"
		CriticalDamageThreshold="0.7"
		DamageCapacity="75"
		Name="gor_by4_suspension_default"
	>
		<Suspension 
			Damping="0.25"
			Height="0.18" 
			Strength="0.018" 
			WheelType="front" 
			BrokenSuspensionMax="0.15" 
			SuspensionMin="-0.3" 
			SuspensionMax="0.29"
		/>
		<Suspension 
			Damping="0.25"
			Height="0.2" 
			Strength="0.015" 
			WheelType="rear"
			BrokenSuspensionMax="0.15" 
			SuspensionMin="-0.3" 
			SuspensionMax="0.29"
		/>
		<GameData
			Price="3700"
			UnlockByExploration="false"
			UnlockByRank="1"
		>
			<UiDesc
				UiDesc="UI_SUSPENSION_DEFAULT_DESC"
				UiIcon30x30=""
				UiIcon40x40=""
				UiName="UI_SUSPENSION_DEFAULT_NAME"
			/>
		</GameData>
	</SuspensionSet>
	
	<SuspensionSet
		_template="High"
		CriticalDamageThreshold="0.7"
		DamageCapacity="90"
		Name="gor_by4_suspension_high"
	>
		<Suspension 
			Damping="0.25"
			Height="0.25" 
			Strength="0.018" 
			WheelType="front" 
			BrokenSuspensionMax="0.15" 
			SuspensionMin="-0.4" 
			SuspensionMax="0.29"
		/>
		<Suspension 
			Damping="0.25"
			Height="0.27" 
			Strength="0.015" 
			WheelType="rear"
			BrokenSuspensionMax="0.15" 
			SuspensionMin="-0.4" 
			SuspensionMax="0.29"
		/>
		<GameData
			Price="5300"
			UnlockByExploration="true"
			UnlockByRank="1"
		>
			<UiDesc
				UiDesc="UI_SUSPENSION_HIGH_DESC"
				UiIcon30x30=""
				UiIcon40x40=""
				UiName="UI_SUSPENSION_HIGH_NAME"
			/>
		</GameData>
	</SuspensionSet>	
</SuspensionSetVariants>
