<_templates Include="trucks" />
<SuspensionSetVariants>
	<SuspensionSet
		_template="Normal"
		BrokenWheelDamageMultiplier="2"
		CriticalDamageThreshold="0.6"
		DamageCapacity="80"
		Name="western_star_57x_suspension_default"
	>
		<Suspension 
			WheelType="front" 
			Height="0.13" 
			Strength="0.07" 
			Damping="0.3" 
			BrokenSuspensionMax="0.2" 
			SuspensionMin="-0.25" 
		/>
		<Suspension 
			WheelType="rear"
			Height="0.07"
			Strength="0.09"
			Damping="0.5"
			BrokenSuspensionMax="0.15" 
			SuspensionMin="-0.21" 
		/>
		<GameData
			Price="6600"
			UnlockByExploration="false"
			UnlockByRank="1"
		>
			<UiDesc
				UiDesc="UI_SUSPENSION_DEFAULT_DESC"
				UiIcon30x30=""
				UiIcon40x40=""
				UiName="UI_SUSPENSION_DEFAULT_NAME"
			/>
		</GameData>
	</SuspensionSet>
	
	<SuspensionSet
		_template="High"
		BrokenWheelDamageMultiplier="2"
		CriticalDamageThreshold="0.5"
		DamageCapacity="90"
		Name="western_star_57x_suspension_high"
	>
		<Suspension 
			WheelType="front" 
			Height="0.23" 
			Strength="0.07" 
			Damping="0.4" 
			BrokenSuspensionMax="0.2" 
			SuspensionMin="-0.35"
		/>
		<Suspension 
			WheelType="rear"
			Height="0.17"
			Strength="0.095"
			Damping="0.6"
			BrokenSuspensionMax="0.15" 
			SuspensionMin="-0.31"
		/>
		<GameData
			Price="7900"
			UnlockByExploration="false"
			UnlockByRank="29"
			>
			<UiDesc
				UiDesc="UI_SUSPENSION_HIGH_DESC"
				UiIcon30x30=""
				UiIcon40x40=""
				UiName="UI_SUSPENSION_HIGH_NAME"
			/>
		</GameData>
	</SuspensionSet>
</SuspensionSetVariants>
