<ModelBrand ClipCamera="false" DynamicModel="true">
	<PhysicsModel>
		<Body
			CenterOfMassOffset="(0; 0; 0)"
			Collisions="Dynamic"
			Friction="1.8"
			Mass="14000"
			NoSoftContacts="true"
		/>
	</PhysicsModel>
	<GameData LoadType="CargoSequoia" PackSlotsNumber="5">
		<CraneSocket Pos="(0.000; 1.961; 0.000)" />
		<CraneSocket Pos="(5.400; 0.980; 0.000)"  />
		<CraneSocket Pos="(-5.400; 0.980; 0.000)"  />
		<WinchSocket Pos="(5.400; 0.0; 0.000)" />
		<WinchSocket Pos="(-5.400; 0.0; 0.000)" />
	</GameData>
	<Landmark Mesh="landmarks/cargo_unit_sequoia_5_lmk" MinScale="1.8" MaxScale="3.8"/>
</ModelBrand>
