<_templates Include="models" />
<ModelBrand 
	ClipCamera="false" 
	DynamicModel="true"
>
	<PhysicsModel>
		<Body _template="HeavyWeight" ModelFrame="BoneRoot_cdt"/>
	</PhysicsModel>
	<GameData PackSlotsNumber="1" LoadType="CargoLogsLong" ManualLoadSpawnOffsetY="2">
		<LoadPoint Pos="(-3.8;0;0)" />
		<LoadPoint Pos="(3.8;0;0)" />
		<WinchSocket Pos="(6.04; 0; 0)" />
		<WinchSocket Pos="(-6.04; 0; 0)" />
	</GameData>
	<Landmark Mesh="landmarks/cargo_unit_bricks_lmk" MinScale="1.8" MaxScale="3.8"/>
</ModelBrand>
 