<GearboxVariants>
	<Gearbox
		AWDConsumptionModifier="1.15"
		CriticalDamageThreshold="0.5"
		DamageCapacity="70"
		DamagedConsumptionModifier="1.6"
		FuelConsumption="1.5"
		IdleFuelModifier="0.45"
		Name="g_special_mack_defense"
		MinBreakFreq="0.0"
		MaxBreakFreq="20.0"
	>
		<ReverseGear AngVel="0.5" FuelModifier="0.9" />
		<HighGear AngVel="3.0" FuelModifier="2.3" />
		<Gear AngVel="1.5" FuelModifier="1.6" />
		<Gear AngVel="3.0" FuelModifier="1.5" />
		<Gear AngVel="4.9" FuelModifier="1.4" />
		<Gear AngVel="6.4" FuelModifier="1.3" />
		<Gear AngVel="7.7" FuelModifier="1.2" />
		<Gear AngVel="8.5" FuelModifier="1.1" />
		<Gear AngVel="9.7" FuelModifier="1.0" />
		<Gear AngVel="10.5" FuelModifier="0.9" />
		<GameData
			Price="4900"
			UnlockByRank="1"
		>
			<UiDesc
				UiDesc="UI_GEARBOX_SPECIAL_KOLOB_DESC"
				UiIcon30x30=""
				UiIcon40x40=""
				UiName="UI_ROv2_GEARBOX_SPECIAL_KOLOB_NAME"
			/>
			<GearboxParams 
				IsHighGearExists="false" 
				IsLowerGearExists="true" 
				IsLowerPlusGearExists="false" 
				IsLowerMinusGearExists="false"
			/>
		</GameData>
	</Gearbox>
	<Gearbox
		AWDConsumptionModifier="1.3"
		CriticalDamageThreshold="0.4"
		DamageCapacity="85"
		DamagedConsumptionModifier="1.7"
		FuelConsumption="2.0"
		IdleFuelModifier="0.3"
		Name="g_truck_highrange"
		MinBreakFreq="0.0"
		MaxBreakFreq="20.0"
	>
		<ReverseGear AngVel="1.0" FuelModifier="1.0" />
		<HighGear AngVel="14.0" FuelModifier="2.9" />
		<Gear AngVel="0.15" FuelModifier="2.2" />
		<Gear AngVel="1.5" FuelModifier="2.1" />
		<Gear AngVel="2.5" FuelModifier="2.0" />
		<Gear AngVel="3.7" FuelModifier="1.9" />
		<Gear AngVel="4.0" FuelModifier="1.8" />
		<Gear AngVel="5.3" FuelModifier="1.7" />
		<Gear AngVel="6.9" FuelModifier="1.6" />
		<Gear AngVel="8.7" FuelModifier="1.5" />
		<Gear AngVel="10.2" FuelModifier="1.4" />
		<Gear AngVel="12.7" FuelModifier="1.3" />
		<Gear AngVel="15.5" FuelModifier="1.2" />
		<Gear AngVel="19.3" FuelModifier="1.1" />
		<GameData
			Price="6100"
			UnlockByExploration="true"
			UnlockByRank="1"
		>
			<GearboxParams 
				IsHighGearExists="true" 
				IsLowerGearExists="true" 
				IsLowerPlusGearExists="false" 
				IsLowerMinusGearExists="false"
			/>
			<UiDesc
				UiDesc="UI_GEARBOX_HIGHRANGE_DESC"
				UiIcon30x30=""
				UiIcon40x40=""
				UiName="UI_ROv2_GEARBOX_HIGHRANGE_NAME"
			/>
		</GameData>
	</Gearbox>
	<Gearbox
		AWDConsumptionModifier="1.4"
		CriticalDamageThreshold="0.4"
		DamageCapacity="115"
		DamagedConsumptionModifier="1.6"
		FuelConsumption="3.0"
		IdleFuelModifier="0.3"
		Name="g_truck_offroad"
		MinBreakFreq="0.0"
		MaxBreakFreq="25.0"
	>
		<ReverseGear AngVel="0.5" FuelModifier="0.9" />
		<HighGear AngVel="8.0" FuelModifier="2.7" />
		<Gear AngVel="0.2" FuelModifier="2.1" />
		<Gear AngVel="2.0" FuelModifier="2.0" />
		<Gear AngVel="4.0" FuelModifier="1.9" />
		<Gear AngVel="6.0" FuelModifier="1.8" />
		<Gear AngVel="8.0" FuelModifier="1.7" />
		<Gear AngVel="10.0" FuelModifier="1.6" />
		<Gear AngVel="12.5" FuelModifier="1.5" />
		<Gear AngVel="14.5" FuelModifier="1.4" />
		<GameData
			Price="7600"
			UnlockByExploration="true"
			UnlockByRank="1"
		>
			<GearboxParams 
				IsHighGearExists="true" 
				IsLowerGearExists="true" 
				IsLowerPlusGearExists="true" 
				IsLowerMinusGearExists="true"
			/>
			<UiDesc
				UiDesc="UI_GEARBOX_OFFROAD_DESC"
				UiIcon30x30=""
				UiIcon40x40=""
				UiName="UI_ROv2_GEARBOX_OFFROAD_NAME"
			/>
		</GameData>
	</Gearbox>
		<Gearbox
		AWDConsumptionModifier="1.6"
		CriticalDamageThreshold="0.4"
		DamageCapacity="100"
		DamagedConsumptionModifier="1.5"
		FuelConsumption="3.2"
		IdleFuelModifier="0.3"
		Name="g_truck_finetune"
		MinBreakFreq="0.0"
		MaxBreakFreq="30.0"
	>
		<ReverseGear AngVel="0.7" FuelModifier="0.9" />
        <HighGear AngVel="9.0" FuelModifier="2.5" />
        <Gear AngVel="0.4" FuelModifier="1.6" />
        <Gear AngVel="2.2" FuelModifier="1.5" />
        <Gear AngVel="4.8" FuelModifier="1.4" />
        <Gear AngVel="7.0" FuelModifier="1.3" />
		<Gear AngVel="11.3" FuelModifier="1.2" />
		<Gear AngVel="14.7" FuelModifier="1.1" />
		<GameData
			Price="8200"
			UnlockByExploration="true"
			UnlockByRank="1"
		>
			<GearboxParams 
				IsHighGearExists="true" 
				IsLowerGearExists="true" 
				IsLowerPlusGearExists="true" 
				IsLowerMinusGearExists="true"
				IsManualLowGear="true"
			/>
			<UiDesc
				UiDesc="UI_GEARBOX_TRUCK_FINETUNE_DESC"
				UiIcon30x30=""
				UiIcon40x40=""
				UiName="UI_ROv2_GEARBOX_TRUCK_FINETUNE_NAME"
			/>
		</GameData>
	</Gearbox>
</GearboxVariants>