<_templates Include="trucks" />
<SuspensionSetVariants>
	<SuspensionSet
		_template="Normal"
		BrokenWheelDamageMultiplier="2"
		CriticalDamageThreshold="0.4"
		DamageCapacity="70"
		Name="ank_mk38_ht_suspension_default"
	>
		<Suspension 
			Height="0.15" 
			Strength="0.05" 
			WheelType="front" 
			BrokenSuspensionMax=".25" 
			SuspensionMin="-0.4" 
			Damping="0.6"
		/>
		<Suspension 
			Height="0.12" 
			Strength="0.085" 
			WheelType="rear" 
			BrokenSuspensionMax=".25" 
			SuspensionMin="-0.35" 
			Damping="0.6"
		/>
		<GameData
			Price="4400"
			UnlockByExploration="false"
			UnlockByRank="1"
		>
			<UiDesc
				UiDesc="UI_SUSPENSION_DEFAULT_DESC"
				UiIcon30x30=""
				UiIcon40x40=""
				UiName="UI_SUSPENSION_DEFAULT_NAME"
			/>
		</GameData>
	</SuspensionSet>
	<SuspensionSet
		_template="High"
		BrokenWheelDamageMultiplier="2"
		CriticalDamageThreshold="0.5"
		DamageCapacity="80"
		Name="ank_mk38_ht_suspension_high"
	>
		<Suspension 
			Height="0.25" 
			Strength="0.05" 
			WheelType="front" 
			BrokenSuspensionMax=".25" 
			SuspensionMin="-0.4" 
			Damping="0.6"
		/>
		<Suspension 
			Height="0.22" 
			Strength="0.085" 
			WheelType="rear" 
			BrokenSuspensionMax=".25" 
			SuspensionMin="-0.35" 
			Damping="0.6"
		/>
		<GameData
			Price="7900"
			UnlockByExploration="false"
			UnlockByRank="1"
			>
			<UiDesc
				UiDesc="UI_SUSPENSION_HIGH_DESC"
				UiIcon30x30=""
				UiIcon40x40=""
				UiName="UI_SUSPENSION_HIGH_NAME"
			/>
		</GameData>
	</SuspensionSet>
	<SuspensionSet
		_template="Active"
		BrokenWheelDamageMultiplier="2"
		CriticalDamageThreshold="0.6"
		DamageCapacity="100"
		Name="ank_mk38_ht_suspension_active"
		DeviationDelta=".002"
	>
		<Suspension 
			Height="0.25" 
			Strength="0.04" 
			WheelType="front" 
			BrokenSuspensionMax=".25" 
			SuspensionMin="-0.4" 
			Damping="0.6"
			DeviationMax="0.1"
		/>
		<Suspension 
			Height="0.22" 
			Strength="0.055" 
			WheelType="rear" 
			BrokenSuspensionMax=".25" 
			SuspensionMin="-0.35" 
			Damping="0.6"
			DeviationMax="0.1" 
		/>
		<GameData
			Price="11300"
			UnlockByExploration="false"
			UnlockByRank="1"
		>
			<UiDesc
				UiDesc="UI_SUSPENSION_ACTIVE_DESC"
				UiIcon30x30=""
				UiIcon40x40=""
				UiName="UI_SUSPENSION_ACTIVE_NAME"
			/>
		</GameData>
	</SuspensionSet>
</SuspensionSetVariants>
