<_templates Include="trucks" />
<SuspensionSetVariants>
	<SuspensionSet
		_template="Normal"
		CriticalDamageThreshold="0.7"
		DamageCapacity="45"
		Name="land_rover_defender_90_suspension_default"
	>
		<Suspension 
			Damping="0.4" 
			Height="0.03" 
			Strength="0.03" 
			WheelType="front" 
			BrokenSuspensionMax="0.15" 
			SuspensionMin="-0.27" 
		/>
		<Suspension 
			Damping="0.5"
			Height="0.07" 
			Strength="0.03" 
			WheelType="rear" 
			BrokenSuspensionMax="0.15" 
			SuspensionMin="-0.27" 
		/>
		<GameData
			Price="2700"
			UnlockByExploration="false"
			UnlockByRank="1"
		>
			<UiDesc
				UiDesc="UI_SUSPENSION_DEFAULT_DESC"
				UiIcon30x30=""
				UiIcon40x40=""
				UiName="UI_SUSPENSION_DEFAULT_NAME"
			/>
		</GameData>
	</SuspensionSet>
	<SuspensionSet
		_template="High"
		CriticalDamageThreshold="0.7"
		DamageCapacity="55"
		Name="land_rover_defender_90_suspension_high"
	>
		<Suspension 
			Damping="0.4"
			Height="0.14" 
			Strength="0.03" 
			WheelType="front" 
			BrokenSuspensionMax="0.15" 
			SuspensionMin="-0.34" 
		/>
		<Suspension 
			Damping="0.5"
			Height="0.18" 
			Strength="0.03" 
			WheelType="rear" 
			BrokenSuspensionMax="0.15" 
			SuspensionMin="-0.34" 
		/>
		<GameData
			Price="5300"
			UnlockByExploration="false"
			UnlockByRank="11"
		>
			<UiDesc
				UiDesc="UI_SUSPENSION_HIGH_DESC"
				UiIcon30x30=""
				UiIcon40x40=""
				UiName="UI_SUSPENSION_HIGH_NAME"
			/>
		</GameData>
	</SuspensionSet>
	<SuspensionSet
		_template="Ultimate"
		CriticalDamageThreshold="0.7"
		DamageCapacity="65"
		Name="land_rover_defender_90_suspension_ultimate"
	>
		<Suspension 
			Damping="0.4"
			Height="0.24" 
			Strength="0.03" 
			WheelType="front" 
			BrokenSuspensionMax="0.15" 
			SuspensionMin="-0.42" 
		/>
		<Suspension 
			Damping="0.5"
			Height="0.28" 
			Strength="0.03" 
			WheelType="rear" 
			BrokenSuspensionMax="0.15" 
			SuspensionMin="-0.42" 
		/>
		<GameData
			Price="6700"
			UnlockByExploration="false"
			UnlockByRank="17"
		>
			<UiDesc
				UiDesc="UI_SUSPENSION_ULTIMATE_DESC"
				UiIcon30x30=""
				UiIcon40x40=""
				UiName="UI_SUSPENSION_ULTIMATE_NAME"
			/>
		</GameData>
	</SuspensionSet>
	<SuspensionSet
		_template="Active"
		CriticalDamageThreshold="0.7"
		DamageCapacity="75"
		Name="land_rover_defender_90_suspension_active"
		DeviationDelta=".002"
	>
		<Suspension 
			Damping="0.4"
			Height="0.14" 
			Strength="0.03" 
			WheelType="front" 
			BrokenSuspensionMax="0.15" 
			SuspensionMin="-0.4"
			DeviationMax="0.14" 
		/>
		<Suspension 
			Damping="0.5"
			Height="0.18" 
			Strength="0.03" 
			WheelType="rear" 
			BrokenSuspensionMax="0.15" 
			SuspensionMin="-0.4" 
			DeviationMax="0.14" 
		/>
		<GameData
			Price="9200"
			UnlockByExploration="false"
			UnlockByRank="21"
		>
			<UiDesc
				UiDesc="UI_SUSPENSION_ACTIVE_DESC"
				UiIcon30x30=""
				UiIcon40x40=""
				UiName="UI_SUSPENSION_ACTIVE_NAME"
			/>
		</GameData>
	</SuspensionSet>
</SuspensionSetVariants>
