<_templates Include="trucks" />
<SuspensionSetVariants>
	<SuspensionSet
		_template="Normal"
		CriticalDamageThreshold="0.7"
		DamageCapacity="50"
		Name="land_rover_defender_110_suspension_default"
	>
		<Suspension 
			Damping="0.6" 
			Height="0.12" 
			Strength="0.04" 
			WheelType="front" 
			BrokenSuspensionMax="0.15" 
			SuspensionMin="-0.22" 
		/>
		<Suspension 
			Damping="0.6" 
			Height="0.12" 
			Strength="0.04" 
			WheelType="rear" 
			BrokenSuspensionMax="0.15" 
			SuspensionMin="-0.28" 
		/>
		<GameData
			Price="2700"
			UnlockByExploration="false"
			UnlockByRank="1"
		>
			<UiDesc
				UiDesc="UI_SUSPENSION_DEFAULT_DESC"
				UiIcon30x30=""
				UiIcon40x40=""
				UiName="UI_SUSPENSION_DEFAULT_NAME"
			/>
		</GameData>
	</SuspensionSet>
	<SuspensionSet
		_template="High"
		CriticalDamageThreshold="0.7"
		DamageCapacity="60"
		Name="land_rover_defender_110_suspension_high"
	>
		<Suspension 
			Damping="0.5" 
			Height="0.22" 
			Strength="0.03" 
			WheelType="front" 
			BrokenSuspensionMax="0.15" 
			SuspensionMin="-0.35" 
		/>
		<Suspension 
			Damping="0.5" 
			Height="0.22" 
			Strength="0.03" 
			WheelType="rear" 
			BrokenSuspensionMax="0.15" 
			SuspensionMin="-0.38" 
		/>
		<GameData
			Price="5300"
			UnlockByExploration="false"
			UnlockByRank="13"
		>
			<UiDesc
				UiDesc="UI_SUSPENSION_HIGH_DESC"
				UiIcon30x30=""
				UiIcon40x40=""
				UiName="UI_SUSPENSION_HIGH_NAME"
			/>
		</GameData>
	</SuspensionSet>
	<SuspensionSet
		_template="Ultimate"
		CriticalDamageThreshold="0.7"
		DamageCapacity="75"
		Name="land_rover_defender_110_suspension_ultimate"
	>
		<Suspension 
			Damping="0.4" 
			Height="0.34" 
			Strength="0.03" 
			WheelType="front" 
			BrokenSuspensionMax="0.15" 
			SuspensionMin="-0.4" 
		/>
		<Suspension 
			Damping="0.4" 
			Height="0.34" 
			Strength="0.03" 
			WheelType="rear" 
			BrokenSuspensionMax="0.15" 
			SuspensionMin="-0.44" 
		/>
		<GameData
			Price="7100"
			UnlockByExploration="false"
			UnlockByRank="19"
		>
			<UiDesc
				UiDesc="UI_SUSPENSION_ULTIMATE_DESC"
				UiIcon30x30=""
				UiIcon40x40=""
				UiName="UI_SUSPENSION_ULTIMATE_NAME"
			/>
		</GameData>
	</SuspensionSet>
</SuspensionSetVariants>
