<_templates Include="trucks" />
<SuspensionSetVariants>
	<SuspensionSet
		_template="Normal"
		BrokenWheelDamageMultiplier="2"
		CriticalDamageThreshold="0.5"
		DamageCapacity="70"
		Name="step_3364_crocodile_suspension_default"
	>
		<Suspension 
			Damping="0.3" 
			Height="0.22" 
			Strength="0.04" 
			WheelType="front" 
			BrokenSuspensionMax="0.1" 
			SuspensionMin="-0.26" 
		/>
		<Suspension 
			Damping="0.4" 
			Height="0.19" 
			Strength="0.08" 
			WheelType="rear" 
			BrokenSuspensionMax="0.1" 
			SuspensionMin="-0.4" 
		/>
		<GameData
			Price="4700"
			UnlockByExploration="false"
			UnlockByRank="1"
		>
			<UiDesc
				UiDesc="UI_SUSPENSION_DEFAULT_DESC"
				UiIcon30x30=""
				UiIcon40x40=""
				UiName="UI_SUSPENSION_DEFAULT_NAME"
			/>
		</GameData>
	</SuspensionSet>
	<SuspensionSet
		_template="High"
		BrokenWheelDamageMultiplier="2"
		CriticalDamageThreshold="0.5"
		DamageCapacity="90"
		Name="step_3364_crocodile_suspension_high"
	>
		<Suspension 
			Damping="0.4" 
			Height="0.32" 
			Strength="0.03" 
			WheelType="front" 
			BrokenSuspensionMax="0.1" 
			SuspensionMin="-0.36" 
		/>
		<Suspension 
			Damping="0.6" 
			Height="0.29" 
			Strength="0.075" 
			WheelType="rear" 
			BrokenSuspensionMax="0.1" 
			SuspensionMin="-0.5" 
		/>
		<GameData
			Price="6500"
			UnlockByExploration="false"
			UnlockByRank="20"
		>
			<UiDesc
				UiDesc="UI_SUSPENSION_HIGH_DESC"
				UiIcon30x30=""
				UiIcon40x40=""
				UiName="UI_SUSPENSION_HIGH_NAME"
			/>
		</GameData>
	</SuspensionSet>
</SuspensionSetVariants>
