<_templates Include="trucks" />
<TruckAddon>
	<TruckData FuelCapacity="100" RepairsCapacity="150">
		<LimitedFluid Center="(1.46; 2.201; 0.385)" SizeX="0.319" SizeY="0.135" SizeZ="0.382" Type="Box" ParentFrame="BoneFuel1_cdt" />
		<LimitedFluid Center="(1.464; 2.201; -0.029)" SizeX="0.319" SizeY="0.135" SizeZ="0.382" Type="Box" ParentFrame="BoneFuel1_cdt" />
		<LimitedFluid Center="(1.857; 2.201; 0.384)" SizeX="0.319" SizeY="0.135" SizeZ="0.382" Type="Box" ParentFrame="BoneFuel2_cdt" />
		<LimitedFluid Center="(2.314; 2.201; 0.476)" SizeX="0.382" SizeY="0.135" SizeZ="0.319" Type="Box" ParentFrame="BoneFuel2_cdt" />
		<LimitedFluid Center="(2.317; 2.201; 0.119)" SizeX="0.382" SizeY="0.135" SizeZ="0.319" Type="Box" ParentFrame="BoneFuel2_cdt" />
	</TruckData>
	<RepairsHide>
		<Mesh Frame="repair" HideThreshold="0.0" />
	</RepairsHide>
	<PhysicsModel Mesh="trucks/rezvani_hercules_6x6_tuning/rezvani_hercules_6x6_roofrack_1">
		<Body ImpactType="Truck" Mass="80">
			<Constraint Type="Rigid" />
			<Body Collisions="None" Mass="60" ModelFrame="BoneFuel1_cdt">
				<Constraint
					AxisLocal="(0; 0; 1)"
					Type="Prismatic"
					MinLimit="-0.018"
					MaxLimit="0.008"
				>
					<Motor Damping="1400" Spring="2200" Type="Spring" />
				</Constraint>
			</Body>
			<Body Collisions="None" Mass="40" ModelFrame="BoneFuel2_cdt">
				<Constraint
					AxisLocal="(1; 0; 0)"
					Type="Prismatic"
					MinLimit="-0.025"
					MaxLimit="0"
				>
					<Motor Damping="1600" Spring="2500" Type="Spring" />
				</Constraint>
			</Body>
			<Body Collisions="None" Mass="50" ModelFrame="BoneRepair_cdt">
				<Constraint
					AxisLocal="(1; 0; 0)"
					Type="Prismatic"
					MinLimit="-0.0250"
					MaxLimit="0"
				>
					<Motor Damping="2100" Spring="3000" Type="Spring" />
				</Constraint>
			</Body>
		</Body>
	</PhysicsModel>
	<ModelAttachments>
		<MainHeadLight>
			<Flare _template="LED" Dir="(1; 0; 0)" Pos="(2.601; 2.172; -0.617)" />
			<Flare _template="LED" Dir="(1; 0; 0)" Pos="(2.601; 2.172; -0.588)" />
			<Flare _template="LED" Dir="(1; 0; 0)" Pos="(2.601; 2.147; -0.617)" />
			<Flare _template="LED" Dir="(1; 0; 0)" Pos="(2.601; 2.147; -0.588)" />
			<Flare _template="LED" Dir="(1; 0; 0)" Pos="(2.601; 2.172; 0.617)" />
			<Flare _template="LED" Dir="(1; 0; 0)" Pos="(2.601; 2.172; 0.588)" />
			<Flare _template="LED" Dir="(1; 0; 0)" Pos="(2.601; 2.147; 0.617)" />
			<Flare _template="LED" Dir="(1; 0; 0)" Pos="(2.601; 2.147; 0.588)" />
			<Model _template="HeadLightRay" Dir="(1; 0; 0)" Org="(2.611; 2.160; -0.603)" Scale="(0.4; 0.4; 0.3)" />
			<Model _template="HeadLightRay" Dir="(1; 0; 0)" Org="(2.611; 2.160; 0.603)" Scale="(0.4; 0.4; 0.3)" />
		</MainHeadLight>
	</ModelAttachments>
	<GameData
		CameraPreset="roof"
		Category="frame_addons"
		IsCustomizable="true"
		Price="2700"
		UnlockByExploration="false"
		UnlockByRank="1"
	>
		<UiDesc
			UiDesc="UI_TUNING_ROOFRACK_SMALL_DESC"
			UiIcon30x30=""
			UiIcon40x40=""
			UiName="UI_TUNING_ROOFRACK_SMALL_NAME"
		/>
		<InstallSocket Type="Rezvani6x6RoofRrack1" />
	</GameData>
	<FuelHide>
		<Mesh Frame="fuel" HideThreshold="0.0" />
	</FuelHide>
</TruckAddon>
