<_templates Include="trucks">
	<Body>
		<Limits Collisions="None">
			<Constraint
				LinearLimitsX="(0; 0)"
				LinearLimitsY="(0; 0.03)"
				LinearLimitsZ="(0; 0)"
				Type="Fixed"
			>
				<Motor Damping="250" Spring="0.25" Type="Spring" />
			</Constraint>
		</Limits>
	</Body>
</_templates>
<TruckAddon>
	<WheelRepairsHide>
		<Mesh Frame="wheel" HideThreshold="0.0" />
	</WheelRepairsHide>
	<TruckData
		FuelCapacity="40"
		RepairsCapacity="45"
		WheelRepairsCapacity="1"
	>
		<LimitedFluid Center="(-0.063; 1.73; -0.424)" SizeX="0.285" SizeY="0.356" SizeZ="0.125" Type="Box" />
		<LimitedFluid Center="(0.039; 1.73; 0.419)" SizeX="0.285" SizeY="0.356" SizeZ="0.125" Type="Box" />
	</TruckData>
	<RepairsHide>
		<Mesh Frame="repair" HideThreshold="0.0" />
	</RepairsHide>
	<PhysicsModel Mesh="trucks/gor_by4_tuning/gor_by4_roofrack_2">
		<Body ImpactType="Truck" Mass="100">
			<Constraint Type="Rigid" />
			<Body _template="Limits" Mass="40" ModelFrame="BoneFuel_cdt" />
			<Body
				_template="Limits"
				Mass="50"
				ModelFrame="BoneRepair_cdt"
			>
				<Constraint LinearLimitsX="(0; 0)" />
			</Body>
			<Body
				_template="Limits"
				Mass="50"
				ModelFrame="BoneWheel_cdt"
			>
				<Constraint LinearLimitsZ="(-0.01; 0.01)" />
			</Body>
		</Body>
	</PhysicsModel>
	<ModelAttachments>
		<MainHeadLight>
			<Model _template="HeadLightRay" Org="(0.5; 1.57; -0.323)" />
			<Model _template="HeadLightRay" Org="(0.5; 1.57; 0.323)" />
			<Flare _template="HeadLight" Color="g(255; 235; 205) x 0.45" Size="0.3" Pos="(0.5; 1.57; -0.323)" />
			<Flare _template="HeadLight" Color="g(255; 235; 205) x 0.45" Size="0.3" Pos="(0.5; 1.57; 0.323)" />
		</MainHeadLight>
	</ModelAttachments>
	<MainHeadLight _template="Multiply2" />
	<GameData
		CameraPreset="roof"
		Category="frame_addons"
		Price="1800"
		UnlockByExploration="false"
		UnlockByRank="1"
	>
		<UiDesc
			UiDesc="UI_TUNING_ROOFRACK_REGULAR_DESC"
			UiIcon30x30=""
			UiIcon40x40=""
			UiName="UI_TUNING_ROOFRACK_REGULAR_NAME"
		/>
		<InstallSocket Type="GorBy4bRoofrack2" />
	</GameData>
	<FuelHide>
		<Mesh Frame="fuel" HideThreshold="0.0" />
	</FuelHide>
</TruckAddon>
