<_templates Include="trucks" />
<SuspensionSetVariants>
	<SuspensionSet
		_template="Normal"
		BrokenWheelDamageMultiplier="2"
		CriticalDamageThreshold="0.6"
		DamageCapacity="90"
		Name="zikz_605r_suspension_default"
	>
		<Suspension Damping="0.2" Height="0.1" Strength="0.10" WheelType="front" SuspensionMin="-0.25" SuspensionMax="0.3" />
		<Suspension Damping="0.8" Height="0.001" Strength="0.8" WheelType="rear" SuspensionMin="0" SuspensionMax="0.01" />
		<GameData
			Price="7000"
			UnlockByExploration="false"
			UnlockByRank="1"
		>
			<UiDesc
				UiDesc="UI_SUSPENSION_DEFAULT_DESC"
				UiIcon30x30=""
				UiIcon40x40=""
				UiName="UI_SUSPENSION_DEFAULT_NAME"
			/>
		</GameData>
	</SuspensionSet>
	<SuspensionSet
		_template="High"
		BrokenWheelDamageMultiplier="2"
		CriticalDamageThreshold="0.6"
		DamageCapacity="100"
		Name="zikz_605r_suspension_high"
	>
		<Suspension Damping="0.2" Height="0.2" Strength="0.10" WheelType="front" SuspensionMin="-0.35" SuspensionMax="0.4" />
		<Suspension Damping="0.8" Height="0.101" Strength="0.8" WheelType="rear" SuspensionMin="-0.1" SuspensionMax="0.01" />
		<GameData
			Price="13000"
			UnlockByExploration="false"
			UnlockByRank="17"
		>
			<UiDesc
				UiDesc="UI_SUSPENSION_HIGH_DESC"
				UiIcon30x30=""
				UiIcon40x40=""
				UiName="UI_SUSPENSION_HIGH_NAME"
			/>
		</GameData>
	</SuspensionSet>
</SuspensionSetVariants>