<_templates Include="trucks">
	<TruckTire>
		<ScoutHighway _template="ROv2Light">
			<WheelTracks _template="Default" />
			<WheelSoftness _template="ScoutStiff" />
			<WheelFriction _template="ScoutHighway" />
		</ScoutHighway>
	</TruckTire>
</_templates>
<TruckWheels DamageCapacity="20" Radius="1" Width="0.659" >
	<TruckTires>
		<TruckTire _template="ScoutHighway" Mesh="wheels/tire_scout_highway_10" Name="JAT HS I">
			<WheelFriction _template="ScoutHighway" BodyFrictionAsphalt="8.4" BodyFriction="3.0" SubstanceFriction="0.4" />
			<GameData
				Price="1200"
				UnlockByExploration="false"
				UnlockByRank="1"
			>
				<UiDesc UiDesc="UI_ROv2_TIRE_HIGHWAY_JAT_HS_I_DESC" UiName="UI_TIRE_SCOUT_HIGHWAY_10_NAME" />
			</GameData>
		</TruckTire>     
		<TruckTire _template="ScoutHighway" Mesh="wheels/tire_scout_highway_11" Name="JAT HS II">
			<WheelFriction _template="ScoutHighway" />
			<GameData
				Price="1400"
				UnlockByExploration="false"
				UnlockByRank="1"
			>
				<UiDesc UiDesc="UI_ROv2_TIRE_HIGHWAY_JAT_HS_II_DESC" UiName="UI_TIRE_SCOUT_HIGHWAY_11_NAME" />
			</GameData>
		</TruckTire>     
	</TruckTires>
	<TruckRims>
		<TruckRim Mesh="wheels/rim_scout_highway_10" Name="JAT HS I">
			<GameData>
				<UiDesc UiDesc="UI_RIM_JAT_DESC" UiName="UI_RIM_SCOUT_HIGHWAY_10_NAME" />
			</GameData>
		</TruckRim>
		<TruckRim Mesh="wheels/rim_scout_highway_11" Name="JAT HS II">
			<GameData>
				<UiDesc UiDesc="UI_RIM_JAT_DESC" UiName="UI_RIM_SCOUT_HIGHWAY_11_NAME" />
			</GameData>
		</TruckRim>
		<TruckRim Mesh="wheels/rim_scout_default1_1" Name="rim_1">
			<GameData>
				<UiDesc UiDesc="UI_RIM_SCOUT_HIGHWAY_1_DESC" UiName="UI_RIM_SCOUT_HIGHWAY_1_NAME" />
			</GameData>
		</TruckRim>
		<TruckRim Mesh="wheels/rim_scout_default1_2" Name="rim_2">
			<GameData>
				<UiDesc UiDesc="UI_RIM_SCOUT_HIGHWAY_2_DESC" UiName="UI_RIM_SCOUT_HIGHWAY_2_NAME" />
			</GameData>
		</TruckRim>
	</TruckRims>
</TruckWheels>
