1<_templates Include="trucks">
	<TruckTire>
		<ScoutOffroad _template="ROv2Light">
			<WheelTracks _template="Offroad" />
			<WheelSoftness _template="ScoutAverage" />
			<WheelFriction _template="ScoutOffroad" />
		</ScoutOffroad>
	</TruckTire>
</_templates>
<TruckWheels DamageCapacity="20" Radius="1" Width="0.94">
	<TruckTires>
		<TruckTire _template="ScoutOffroad" Mesh="wheels/tire_scout_offroad_10" Name="JAT OS I">
			<WheelFriction _template="ScoutOffroad" BodyFriction="4.2" BodyFrictionAsphalt="6.9" SubstanceFriction="1.5"/>
			<GameData
				Price="4200"
				UnlockByExploration="false"
				UnlockByRank="5"
			>
				<UiDesc UiDesc="UI_ROv2_TIRE_OFFROAD_JAT_OS_I_DESC" UiName="UI_TIRE_SCOUT_OFFROAD_10_NAME" />
			</GameData>
		</TruckTire>
        <TruckTire _template="ScoutOffroad" Mesh="wheels/tire_scout_offroad_11" Name="JAT OS II">
			<WheelFriction _template="ScoutOffroad" BodyFriction="4.3" BodyFrictionAsphalt="8.1" SubstanceFriction="1.6"/>
			<GameData
				Price="4600"
				UnlockByExploration="false"
				UnlockByRank="5"
			>
				<UiDesc UiDesc="UI_ROv2_TIRE_OFFROAD_JAT_OS_II_DESC" UiName="UI_TIRE_SCOUT_OFFROAD_11_NAME" />
			</GameData>
		</TruckTire>
        <TruckTire _template="ScoutOffroad" Mesh="wheels/tire_scout_offroad_12" Name="JAT OS III">
			<WheelFriction _template="ScoutOffroad" BodyFriction="4.5" BodyFrictionAsphalt="8.0" SubstanceFriction="1.8"/>
			<GameData
				Price="5000"
				UnlockByExploration="false"
				UnlockByRank="6"
			>
				<UiDesc UiDesc="UI_ROv2_TIRE_OFFROAD_JAT_OS_III_DESC" UiName="UI_TIRE_SCOUT_OFFROAD_12_NAME" />
			</GameData>
		</TruckTire>
        <TruckTire _template="ScoutOffroad" Mesh="wheels/tire_scout_offroad_13" Name="JAT OS IV">
			<WheelFriction _template="ScoutOffroad" BodyFriction="4.4" BodyFrictionAsphalt="8.2" SubstanceFriction="1.7"/>
			<GameData
				Price="5200"
				UnlockByExploration="false"
				UnlockByRank="6"
			>
				<UiDesc UiDesc="UI_ROv2_TIRE_OFFROAD_JAT_OS_IV_DESC" UiName="UI_TIRE_SCOUT_OFFROAD_13_NAME" />
			</GameData>
		</TruckTire>
	</TruckTires>
	<TruckRims>
		<TruckRim Mesh="wheels/rim_scout_offroad_10" Name="JAT OS I">
			<GameData>
				<UiDesc UiDesc="UI_RIM_JAT_DESC" UiName="UI_RIM_SCOUT_OFFROAD_10_NAME" />
			</GameData>
		</TruckRim>
        <TruckRim Mesh="wheels/rim_scout_offroad_11" Name="JAT OS II">
			<GameData>
				<UiDesc UiDesc="UI_RIM_JAT_DESC" UiName="UI_RIM_SCOUT_OFFROAD_11_NAME" />
			</GameData>
		</TruckRim>
		<TruckRim Mesh="wheels/rim_scout_offroad_1" Name="rim_1">
			<GameData>
				<UiDesc UiDesc="UI_RIM_SCOUT_OFFROAD_1_DESC" UiName="UI_RIM_SCOUT_OFFROAD_1_NAME" />
			</GameData>
		</TruckRim>
		<TruckRim Mesh="wheels/rim_scout_offroad_2" Name="rim_2">
			<GameData>
				<UiDesc UiDesc="UI_RIM_SCOUT_OFFROAD_2_DESC" UiName="UI_RIM_SCOUT_OFFROAD_2_NAME" />
			</GameData>
		</TruckRim>
	</TruckRims>
</TruckWheels>
