<_templates Include="trucks">
	<TruckTire>
		<Highway _template="ROv2Heavy" >
			<WheelTracks _template="Default" />
			<WheelTracks _template="DefaultDouble" Rear="true" />
			<WheelSoftness _template="Stiff" />
			<WheelFriction _template="Highway" />
		</Highway>    
	</TruckTire>
</_templates>
<TruckWheels DamageCapacity="35" Radius="1" Width="0.45" WidthRear="0.90" >
	<TruckTires>
        <!-- Highway tires -->
        <TruckTire _template="Highway" Mesh="wheels/tire_heavy_highway_double_10" Name="JAT HHD I">
			<WheelFriction _template="Highway" BodyFriction="3.1" BodyFrictionAsphalt="9.4" SubstanceFriction="0.5"/>
			<GameData
				Price="3600"
				UnlockByExploration="false"
				UnlockByRank="1"
			>
				<UiDesc UiDesc="UI_ROv2_TIRE_HIGHWAY_JAT_HMD_HMS_HHD_I_DESC" UiName="UI_TIRE_HEAVY_HIGHWAY_DOUBLE_10_NAME" />
			</GameData>
		</TruckTire>
		<TruckTire _template="Highway" Mesh="wheels/tire_heavy_highway_double_11" Name="JAT HHD II">
			<WheelFriction _template="Highway" BodyFriction="3.2" BodyFrictionAsphalt="9.2" SubstanceFriction="0.6"/>
			<GameData
				Price="4000"
				UnlockByExploration="false"
				UnlockByRank="1"
			>
				<UiDesc UiDesc="UI_ROv2_TIRE_HIGHWAY_JAT_HMD_HMS_HHD_II_DESC" UiName="UI_TIRE_HEAVY_HIGHWAY_DOUBLE_11_NAME" />
			</GameData>
		</TruckTire>
		<TruckTire _template="Highway" Mesh="wheels/tire_heavy_highway_double_12" Name="JAT HHD III">
			<WheelFriction _template="Highway" BodyFriction="3.3" BodyFrictionAsphalt="9.2" SubstanceFriction="0.7"/>
			<GameData
				Price="4400"
				UnlockByExploration="false"
				UnlockByRank="1"
			>
				<UiDesc UiDesc="UI_ROv2_TIRE_HIGHWAY_JAT_HMD_HMS_HHD_III_DESC" UiName="UI_TIRE_HEAVY_HIGHWAY_DOUBLE_12_NAME" />
			</GameData>
		</TruckTire>
		
	</TruckTires>
	<TruckRims>
		<TruckRim Mesh="wheels/rim_heavy_highway_double_10" Name="JAT HD I">
			<GameData>
				<UiDesc UiDesc="UI_RIM_JAT_DESC" UiName="UI_RIM_HEAVY_HIGHWAY_DOUBLE_10_NAME" />
			</GameData>
		</TruckRim>
		<TruckRim Mesh="wheels/rim_heavy_highway_double_11" Name="JAT HD II">
			<GameData>
				<UiDesc UiDesc="UI_RIM_JAT_DESC" UiName="UI_RIM_HEAVY_HIGHWAY_DOUBLE_11_NAME" />
			</GameData>
		</TruckRim>
		<TruckRim Mesh="wheels/rim_medium_highway_allterrain_double_1_2" Name="rim_1">
			<GameData>
				<UiDesc UiDesc="UI_RIM_MEDIUM_DOUBLE_1_DESC" UiName="UI_RIM_MEDIUM_DOUBLE_1_NAME" />
			</GameData>
		</TruckRim>
		<TruckRim Mesh="wheels/rim_medium_highway_allterrain_double_2_2" Name="rim_2">
			<GameData>
				<UiDesc UiDesc="UI_RIM_MEDIUM_DOUBLE_2_DESC" UiName="UI_RIM_MEDIUM_DOUBLE_2_NAME" />
			</GameData>
		</TruckRim>
		<TruckRim Mesh="wheels/rim_medium_highway_allterrain_double_3_2" Name="rim_3">
			<GameData>
				<UiDesc UiDesc="UI_RIM_MEDIUM_DOUBLE_3_DESC" UiName="UI_RIM_MEDIUM_DOUBLE_3_NAME" />
			</GameData>
		</TruckRim>
		<TruckRim Mesh="wheels/rim_medium_highway_allterrain_double_4_2" Name="rim_4">
			<GameData>
				<UiDesc UiDesc="UI_RIM_MEDIUM_DOUBLE_4_DESC" UiName="UI_RIM_MEDIUM_DOUBLE_4_NAME" />
			</GameData>
		</TruckRim>
		<TruckRim Mesh="wheels/rim_medium_highway_allterrain_double_5_2" Name="rim_5">
			<GameData>
				<UiDesc UiDesc="UI_RIM_MEDIUM_DOUBLE_5_DESC" UiName="UI_RIM_MEDIUM_DOUBLE_5_NAME" />
			</GameData>
		</TruckRim>
		<TruckRim Mesh="wheels/rim_medium_highway_allterrain_double_6_2" Name="rim_6">
			<GameData>
				<UiDesc UiDesc="UI_RIM_MEDIUM_DOUBLE_6_DESC" UiName="UI_RIM_MEDIUM_DOUBLE_6_NAME" />
			</GameData>
		</TruckRim>
	</TruckRims>
</TruckWheels>
