<_templates Include="trucks">
	<TruckTire>
		<Offroad _template="ROv2Heavy" >
			<WheelTracks _template="Default" />
			<WheelTracks _template="DefaultDouble" Rear="true" />
			<WheelSoftness _template="Average" />
			<WheelFriction _template="Offroad" />
		</Offroad>    
	</TruckTire>
</_templates>
<TruckWheels DamageCapacity="35" Radius="1" Width="0.62" WidthRear="1.24" >
	<TruckTires>
        <!-- Offroad tires -->
        <TruckTire _template="Offroad" Mesh="wheels/tire_heavy_offroad_double_10" Name="JAT OHD I">
			<WheelFriction _template="Offroad" BodyFriction="6.3" BodyFrictionAsphalt="8.2" SubstanceFriction="1.8"/>
			<GameData
				Price="5900"
				UnlockByExploration="false"
				UnlockByRank="9"
			>
				<UiDesc UiDesc="UI_ROv2_TIRE_OFFROAD_JAT_OMD_HD_MS_I_DESC" UiName="UI_TIRE_HEAVY_OFFROAD_DOUBLE_10_NAME" />
			</GameData>
		</TruckTire>
		<TruckTire _template="Offroad" Mesh="wheels/tire_heavy_offroad_double_11" Name="JAT OHD II">
			<WheelFriction _template="Offroad" BodyFriction="6.4" BodyFrictionAsphalt="8.1" SubstanceFriction="1.7"/>
			<GameData
				Price="6200"
				UnlockByExploration="false"
				UnlockByRank="9"
			>
				<UiDesc UiDesc="UI_ROv2_TIRE_OFFROAD_JAT_OMD_HD_MS_II_DESC" UiName="UI_TIRE_HEAVY_OFFROAD_DOUBLE_11_NAME" />
			</GameData>
		</TruckTire>
		<TruckTire _template="Offroad" Mesh="wheels/tire_heavy_offroad_double_12" Name="JAT OHD III">
			<WheelFriction _template="Offroad" BodyFriction="6.5" BodyFrictionAsphalt="8.0" SubstanceFriction="1.8"/>
			<GameData
				Price="6800"
				UnlockByExploration="false"
				UnlockByRank="9"
			>
				<UiDesc UiDesc="UI_ROv2_TIRE_OFFROAD_JAT_OMD_HD_MS_III_DESC" UiName="UI_TIRE_HEAVY_OFFROAD_DOUBLE_12_NAME" />
			</GameData>
		</TruckTire>
	</TruckTires>
	<TruckRims>
		<TruckRim Mesh="wheels/rim_heavy_offroad_double_10" Name="JAT OHD I">
			<GameData>
				<UiDesc UiDesc="UI_RIM_JAT_DESC" UiName="UI_RIM_HEAVY_OFFROAD_DOUBLE_10_NAME" />
			</GameData>
		</TruckRim>
        <TruckRim Mesh="wheels/rim_heavy_offroad_double_11" Name="JAT OHD II">
			<GameData>
				<UiDesc UiDesc="UI_RIM_JAT_DESC" UiName="UI_RIM_HEAVY_OFFROAD_DOUBLE_11_NAME" />
			</GameData>
		</TruckRim>
		<TruckRim Mesh="wheels/rim_heavy_offroad_double_1" Name="rim_1">
			<GameData>
				<UiDesc UiDesc="UI_RIM_HEAVY_OFFROAD_DOUBLE_1_DESC" UiName="UI_RIM_HEAVY_OFFROAD_DOUBLE_1_NAME" />
			</GameData>
		</TruckRim>
		<TruckRim Mesh="wheels/rim_heavy_offroad_double_2" Name="rim_2">
			<GameData>
				<UiDesc UiDesc="UI_RIM_HEAVY_OFFROAD_DOUBLE_2_DESC" UiName="UI_RIM_HEAVY_OFFROAD_DOUBLE_2_NAME" />
			</GameData>
		</TruckRim>
	</TruckRims>
</TruckWheels>
