<_templates Include="trucks">
	<TruckTire>
		<Mudtires _template="ROv2Heavy">
			<WheelTracks _template="Offroad" />
			<WheelSoftness _template="Average" />
			<WheelFriction _template="HeavyMudtires" />
		</Mudtires>
	</TruckTire>
</_templates>
<TruckWheels DamageCapacity="35" Radius="1" Width="1.16" >
	<TruckTires>
		<TruckTire _template="Mudtires" Mesh="wheels/tire_heavy_mudtires_13" Name="JAT MHS IV">
			<WheelFriction _template="Mudtires" BodyFriction="4.7" BodyFrictionAsphalt="5.4" SubstanceFriction="2.9"/>
			<GameData
				Price="7600"
				UnlockByExploration="false"
				UnlockByRank="20"
			>
				<UiDesc UiDesc="UI_ROv2_TIRE_MUDTIRE_JAT_MHS_IV_DESC" UiName="UI_TIRE_HEAVY_MUDTIRES_13_NAME" />
			</GameData>
		</TruckTire>
        <TruckTire _template="Mudtires" Mesh="wheels/tire_heavy_mudtires_14" Name="JAT MHS V">
			<WheelFriction _template="Mudtires" BodyFriction="4.7" BodyFrictionAsphalt="5.5" SubstanceFriction="2.7"/>
			<GameData
				Price="8300"
				UnlockByExploration="false"
				UnlockByRank="20"
			>
				<UiDesc UiDesc="UI_ROv2_TIRE_MUDTIRE_JAT_MHS_V_DESC" UiName="UI_TIRE_HEAVY_MUDTIRES_14_NAME" />
			</GameData>
		</TruckTire>
        <TruckTire _template="Mudtires" Mesh="wheels/tire_heavy_mudtires_15" Name="JAT MHS VI">
			<WheelFriction _template="Mudtires" BodyFriction="4.8" BodyFrictionAsphalt="5.6" SubstanceFriction="2.8"/>
			<GameData
				Price="8700"
				UnlockByExploration="false"
				UnlockByRank="20"
			>
				<UiDesc UiDesc="UI_ROv2_TIRE_MUDTIRE_JAT_MHS_VI_DESC" UiName="UI_TIRE_HEAVY_MUDTIRES_15_NAME" />
			</GameData>
		</TruckTire>
	</TruckTires>
	<TruckRims>
		<TruckRim Mesh="wheels/rim_heavy_mudtires_12" Name="JAT MHS IV">
			<GameData>
				<UiDesc UiDesc="UI_RIM_JAT_DESC" UiName="UI_RIM_HEAVY_MUDTIRES_SINGLE_14_NAME" />
			</GameData>
		</TruckRim>
		<TruckRim Mesh="wheels/rim_heavy_mudtires_13" Name="JAT MHS V">
			<GameData>
				<UiDesc UiDesc="UI_RIM_JAT_DESC" UiName="UI_RIM_HEAVY_MUDTIRES_SINGLE_15_NAME" />
			</GameData>
		</TruckRim>
		<TruckRim Mesh="wheels/rim_heavy_offroad_single_1_2" Name="rim_1">
			<GameData>
				<UiDesc UiDesc="UI_RIM_HEAVY_OFFROAD_SINGLE_1_DESC" UiName="UI_RIM_HEAVY_OFFROAD_SINGLE_1_NAME" />
			</GameData>
		</TruckRim>
		<TruckRim Mesh="wheels/rim_heavy_offroad_single_2_2" Name="rim_2">
			<GameData>
				<UiDesc UiDesc="UI_RIM_HEAVY_OFFROAD_SINGLE_2_DESC" UiName="UI_RIM_HEAVY_OFFROAD_SINGLE_2_NAME" />
			</GameData>
		</TruckRim>
	</TruckRims>
</TruckWheels>
