<_templates Include="trucks">
	<TruckTire>
		<Offroad _template="ROv2Heavy">
			<WheelTracks _template="Offroad" />
			<WheelSoftness _template="HeavyFoam" />
		</Offroad>
	</TruckTire>
</_templates>
<TruckWheels DamageCapacity="55" Radius="1" Width="0.96">
	<TruckTires>
		<TruckTire _template="Offroad" Mesh="wheels/tire_burlak_6x6" Name="tire">
			<WheelFriction 
				_template="Offroad"
				BodyFriction="5.7"
				BodyFrictionAsphalt="5.1"
				SubstanceFriction="2.3"
				IsIgnoreIce="true"
			/>
			<GameData
				Price="7900"
				UnlockByExploration="false"
				UnlockByRank="23"
			>
				<UiDesc UiDesc="UI_ROv2_TIRE_OFFROAD_OHS_III_DESC" UiName="BHS IC3" />
			</GameData>
		</TruckTire>
	</TruckTires>
	<TruckRims>
		<TruckRim Mesh="wheels/rim_burlak_6x6" Name="rim">
			<GameData>
				<UiDesc UiDesc="UI_RIM_HEAVY_OFFROAD_DOUBLE_1_DESC" UiName="IC3-R" />
			</GameData>
		</TruckRim>
	</TruckRims>
</TruckWheels>
