<_templates>
	<Engine>
		<RUTruckOldEngine
			BrakesDelay="0.3"
			CriticalDamageThreshold="0.7"
			DamageCapacity="65"
			DamagedMinTorqueMultiplier="1.0"
			DamagedMaxTorqueMultiplier="0.5"
			MaxDeltaAngVel="0.01"
		/>
	</Engine>
</_templates>
<EngineVariants>
	<Engine
		_template="RUTruckOldEngine"
		CriticalDamageThreshold="0.8"
		DamageCapacity="60"
		DamagedConsumptionModifier="1.6"
		FuelConsumption="5.0"
		Name="ru_truck_old_engine_0"
		Torque="143000"
		DamagedMinTorqueMultiplier="1.0"
		DamagedMaxTorqueMultiplier="0.6"
	> <!--Torque="130000" + 10%-->
		<GameData
			Price="4100"
			UnlockByExploration="false"
			UnlockByRank="1"
		>
			<UiDesc
				UiDesc="UI_ENGINE_RU_TRUCK_OLD_0_DESC"
				UiIcon30x30=""
				UiIcon40x40=""
				UiName="UI_ROv2_ENGINE_RU_TRUCK_OLD_0_NAME"
			/>
		</GameData>
	</Engine>
	<Engine
		_template="RUTruckOldEngine"
		CriticalDamageThreshold="0.7"
		DamageCapacity="65"
		DamagedConsumptionModifier="1.7"
		FuelConsumption="5.5"
		Name="ru_truck_old_engine_1"
		Torque="154000"
		DamagedMinTorqueMultiplier="1.0"
		DamagedMaxTorqueMultiplier="0.7"
	> <!--Torque="140000" + 10%-->
		<GameData
			Price="11800"
			UnlockByExploration="true"
			UnlockByRank="1"
		>
			<UiDesc
				UiDesc="UI_ENGINE_RU_TRUCK_OLD_1_DESC"
				UiIcon30x30=""
				UiIcon40x40=""
				UiName="UI_ROv2_ENGINE_RU_TRUCK_OLD_1_NAME"
			/>
		</GameData>
	</Engine>
	<Engine
		_template="RUTruckOldEngine"
		CriticalDamageThreshold="0.7"
		DamageCapacity="70"
		DamagedConsumptionModifier="1.8"
		FuelConsumption="6.5"
		Name="ru_truck_old_engine_2"
		Torque="176000"
		DamagedMinTorqueMultiplier="1.0"
		DamagedMaxTorqueMultiplier="0.6"
	> <!--Torque="160000" + 10%-->
		<GameData
			Price="14760"
			UnlockByExploration="true"
			UnlockByRank="1"
		>
			<UiDesc
				UiDesc="UI_ENGINE_RU_TRUCK_OLD_2_DESC"
				UiIcon30x30=""
				UiIcon40x40=""
				UiName="UI_ROv2_ENGINE_RU_TRUCK_OLD_2_NAME"
			/>
		</GameData>
	</Engine>
	<Engine
		_template="RUTruckOldEngine"
		CriticalDamageThreshold="0.5"
		DamageCapacity="80"
		DamagedConsumptionModifier="2.1"
		FuelConsumption="7.5"
		Name="ru_truck_old_engine_3"
		Torque="203500"
		DamagedMinTorqueMultiplier="1.0"
		DamagedMaxTorqueMultiplier="0.6"
	> <!--Torque="185000" + 10%-->
		<GameData
			Price="18530"
			UnlockByExploration="true"
			UnlockByRank="1"
		>
			<UiDesc
				UiDesc="UI_ENGINE_RU_TRUCK_OLD_3_DESC"
				UiIcon30x30=""
				UiIcon40x40=""
				UiName="UI_ROv2_ENGINE_RU_TRUCK_OLD_3_NAME"
			/>
		</GameData>
	</Engine>
</EngineVariants>
