<_templates>
	<Engine>
		<RUSpecialEngine BrakesDelay="0.3" MaxDeltaAngVel="0.01" />
	</Engine>
</_templates>
<EngineVariants>
	<Engine
		_template="RUSpecialEngine"
		CriticalDamageThreshold="0.3"
		DamageCapacity="70"
		DamagedConsumptionModifier="1.4"
		EngineResponsiveness="0.045"
		FuelConsumption="9.3"
		Name="ru_special_engine_0"
		Torque="263250"
		DamagedMinTorqueMultiplier="1.0"
		DamagedMaxTorqueMultiplier="0.6"
	> <!--Torque="225000" + 17%-->
		<GameData
			Price="9350"
			UnlockByExploration="false"
			UnlockByRank="1"
		>
			<UiDesc
				UiDesc="UI_ENGINE_RU_SPECIAL_0_DESC"
				UiIcon30x30=""
				UiIcon40x40=""
				UiName="UI_ROv2_ENGINE_RU_SPECIAL_0_NAME"
			/>
		</GameData>
	</Engine>
	<Engine
		_template="RUSpecialEngine"
		CriticalDamageThreshold="0.6"
		DamageCapacity="90"
		DamagedConsumptionModifier="1.3"
		FuelConsumption="10.7"
		Name="ru_special_engine_0_c"
		Torque="345900"
		DamagedMinTorqueMultiplier="1.0"
		DamagedMaxTorqueMultiplier="0.8"
	> <!--Torque="270000" + 17%-->
		<GameData
			Price="33950"
			UnlockByExploration="false"
			UnlockByRank="28"
		>
			<UiDesc
				UiDesc="UI_ENGINE_RU_SPECIAL_1_DESC"
				UiIcon30x30=""
				UiIcon40x40=""
				UiName="UI_ROv2_ENGINE_RU_SPECIAL_1_NAME"
			/>
		</GameData>
	</Engine>
	<Engine
		_template="RUSpecialEngine"
		CriticalDamageThreshold="0.6"
		DamageCapacity="100"
		DamagedConsumptionModifier="1.5"
		FuelConsumption="12.5"
		Name="ru_special_engine_1"
		Torque="380250"
		DamagedMinTorqueMultiplier="1.0"
		DamagedMaxTorqueMultiplier="0.7"
	> <!--Torque="325000" + 17%-->
		<GameData
			Price="40070"
			UnlockByExploration="true"
			UnlockByRank="1"
		>
			<UiDesc
				UiDesc="UI_ENGINE_RU_SPECIAL_2_DESC"
				UiIcon30x30=""
				UiIcon40x40=""
				UiName="UI_ROv2_ENGINE_RU_SPECIAL_2_NAME"
			/>
		</GameData>
	</Engine>
	<Engine
		_template="RUSpecialEngine"
		CriticalDamageThreshold="0.7"
		DamageCapacity="115"
		DamagedConsumptionModifier="1.5"
		EngineResponsiveness="0.065"
		FuelConsumption="13.5"
		Name="ru_special_engine_2"
		Torque="427050"
		DamagedMinTorqueMultiplier="1.0"
		DamagedMaxTorqueMultiplier="0.7"
	> <!--Torque="365000" + 17%-->
		<GameData
			Price="44760"
			UnlockByExploration="true"
			UnlockByRank="1"
		>
			<UiDesc
				UiDesc="UI_ENGINE_ROV2_CUSTOM_DESC"
				UiIcon30x30=""
				UiIcon40x40=""
				UiName="UI_ROv2_ENGINE_RU_SPECIAL_3_NAME"
			/>
		</GameData>
	</Engine>
</EngineVariants>
