<_templates>
	<Engine>
		<RUTruckModernEngine BrakesDelay="0.3" MaxDeltaAngVel="0.01" />
	</Engine>
</_templates>
<EngineVariants>
	<Engine
		_template="RUTruckModernEngine"
		CriticalDamageThreshold="0.6"
		DamageCapacity="70"
		DamagedConsumptionModifier="1.2"
		EngineResponsiveness="0.042"
		FuelConsumption="6.5"
		Name="ru_truck_modern_engine_0"
		Torque="190400"
		DamagedMinTorqueMultiplier="1.0"
		DamagedMaxTorqueMultiplier="0.8"
	> <!--Torque="170000" + 12%-->
		<GameData
			Price="8560"
			UnlockByExploration="false"
			UnlockByRank="1"
		>
			<UiDesc
				UiDesc="UI_ENGINE_RU_TRUCK_MODERN_0_DESC"
				UiIcon30x30=""
				UiIcon40x40=""
				UiName="UI_ROv2_ENGINE_RU_TRUCK_MODERN_0_NAME"
			/>
		</GameData>
	</Engine>
	<Engine
		_template="RUTruckModernEngine"
		CriticalDamageThreshold="0.6"
		DamageCapacity="75"
		DamagedConsumptionModifier="1.3"
		FuelConsumption="7.5"
		Name="ru_truck_modern_engine_0_c"
		Torque="212800"
		DamagedMinTorqueMultiplier="1.0"
		DamagedMaxTorqueMultiplier="0.8"
	> <!--Torque="190000" + 12%-->
		<GameData
			Price="16720"
			UnlockByExploration="false"
			UnlockByRank="29"
		>
			<UiDesc
				UiDesc="UI_ENGINE_RU_TRUCK_MODERN_1_DESC"
				UiIcon30x30=""
				UiIcon40x40=""
				UiName="UI_ROv2_ENGINE_RU_TRUCK_MODERN_1_NAME"
			/>
		</GameData>
	</Engine>
	<Engine
		_template="RUTruckModernEngine"
		CriticalDamageThreshold="0.6"
		DamageCapacity="80"
		DamagedConsumptionModifier="1.1"
		FuelConsumption="9.0"
		Name="ru_truck_modern_engine_1"
		Torque="235200"
		DamagedMinTorqueMultiplier="1.0"
		DamagedMaxTorqueMultiplier="0.8"
	> <!--Torque="210000" + 12%-->
		<GameData
			Price="18200"
			UnlockByExploration="true"
			UnlockByRank="1"
		>
			<UiDesc
				UiDesc="UI_ENGINE_RU_TRUCK_MODERN_2_DESC"
				UiIcon30x30=""
				UiIcon40x40=""
				UiName="UI_ROv2_ENGINE_RU_TRUCK_MODERN_2_NAME"
			/>
		</GameData>
	</Engine>
	<Engine
		_template="RUTruckModernEngine"
		CriticalDamageThreshold="0.7"
		DamageCapacity="90"
		DamagedConsumptionModifier="1.2"
		EngineResponsiveness="0.082"
		FuelConsumption="9.5"
		Name="ru_truck_modern_engine_2"
		Torque="263200"
		DamagedMinTorqueMultiplier="1.0"
		DamagedMaxTorqueMultiplier="0.8"
	> <!--Torque="235000" + 12%-->
		<GameData
			Price="21640"
			UnlockByExploration="true"
			UnlockByRank="1"
		>
			<UiDesc
				UiDesc="UI_ROv2_ENGINE_RU_TRUCK_MODERN_3_DESC"
				UiIcon30x30=""
				UiIcon40x40=""
				UiName="UI_ROv2_ENGINE_RU_TRUCK_MODERN_3_NAME"
			/>
		</GameData>
	</Engine>
</EngineVariants>
