<_templates>
	<Engine>
		<USScoutOldEngine BrakesDelay="0.3" />
	</Engine>
</_templates>
<EngineVariants>
	<Engine
		_template="USScoutOldEngine"
		CriticalDamageThreshold="0.6"
		DamageCapacity="30"
		DamagedConsumptionModifier="1.2"
		EngineResponsiveness="0.09"
		FuelConsumption="1.1"
		Name="us_scout_old_engine_0"
		Torque="35000"
		DamagedMinTorqueMultiplier="1.0"
		DamagedMaxTorqueMultiplier="0.6"
		MaxDeltaAngVel="0.01"
	>
		<GameData
			Price="2460"
			UnlockByExploration="false"
			UnlockByRank="1"
		>
			<UiDesc
				UiDesc="UI_ENGINE_US_SCOUT_OLD_0_DESC"
				UiIcon30x30=""
				UiIcon40x40=""
				UiName="UI_ROv2_ENGINE_US_SCOUT_OLD_0_NAME"
			/>
		</GameData>
	</Engine>
	<Engine
		_template="USScoutOldEngine"
		CriticalDamageThreshold="0.4"
		DamageCapacity="40"
		DamagedConsumptionModifier="1.5"
		EngineResponsiveness="0.13"
		FuelConsumption="1.4"
		Name="us_scout_old_engine_1"
		Torque="42000"
		DamagedMinTorqueMultiplier="1.0"
		DamagedMaxTorqueMultiplier="0.5"
		MaxDeltaAngVel="0.01"
	>
		<GameData
			Price="7700"
			UnlockByExploration="true"
			UnlockByRank="1"
		>
			<UiDesc
				UiDesc="UI_ENGINE_US_SCOUT_OLD_1_DESC"
				UiIcon30x30=""
				UiIcon40x40=""
				UiName="UI_ROv2_ENGINE_US_SCOUT_OLD_1_NAME"
			/>
		</GameData>
	</Engine>
	<Engine
		_template="USScoutOldEngine"
		CriticalDamageThreshold="0.7"
		DamageCapacity="50"
		DamagedConsumptionModifier="1.5"
		EngineResponsiveness="0.18"
		FuelConsumption="1.7"
		Name="us_scout_old_engine_2"
		Torque="50000"
		DamagedMinTorqueMultiplier="1.0"
		DamagedMaxTorqueMultiplier="0.7"
		MaxDeltaAngVel="0.01"
	>
		<GameData
			Price="9840"
			UnlockByExploration="true"
			UnlockByRank="1"
		>
			<UiDesc
				UiDesc="UI_ENGINE_US_SCOUT_OLD_2_DESC"
				UiIcon30x30=""
				UiIcon40x40=""
				UiName="UI_ROv2_ENGINE_US_SCOUT_OLD_2_NAME"
			/>
		</GameData>
	</Engine>
</EngineVariants>
