<_templates>
	<Engine>
		<USScoutModernEngine BrakesDelay="0.3" />
	</Engine>
</_templates>
<EngineVariants>
	<Engine
		_template="USScoutModernEngine"
		CriticalDamageThreshold="0.7"
		DamageCapacity="30"
		DamagedConsumptionModifier="1.2"
		EngineResponsiveness="0.2"
		FuelConsumption="0.9"
		Name="us_scout_modern_engine_0"
		Torque="90000"
		DamagedMinTorqueMultiplier="1.0"
		DamagedMaxTorqueMultiplier="0.6"
		MaxDeltaAngVel="0.01"
	>
		<GameData
			Price="3120"
			UnlockByExploration="false"
			UnlockByRank="1"
		>
			<UiDesc
				UiDesc="UI_ENGINE_US_SCOUT_MODERN_0_DESC"
				UiIcon30x30=""
				UiIcon40x40=""
				UiName="UI_ROv2_ENGINE_US_SCOUT_MODERN_0_NAME"
			/>
		</GameData>
	</Engine>
	<Engine
		_template="USScoutModernEngine"
		CriticalDamageThreshold="0.7"
		DamageCapacity="40"
		DamagedConsumptionModifier="1.3"
		EngineResponsiveness="0.25"
		FuelConsumption="1.1"
		Name="us_scout_modern_engine_1"
		Torque="110000"
		DamagedMinTorqueMultiplier="1.0"
		DamagedMaxTorqueMultiplier="0.7"
		MaxDeltaAngVel="0.01"
	>
		<GameData
			Price="9020"
			UnlockByExploration="true"
			UnlockByRank="1"
		>
			<UiDesc
				UiDesc="UI_ENGINE_US_SCOUT_MODERN_1_DESC"
				UiIcon30x30=""
				UiIcon40x40=""
				UiName="UI_ROv2_ENGINE_US_SCOUT_MODERN_1_NAME"
			/>
		</GameData>
	</Engine>
	<Engine
		_template="USScoutModernEngine"
		CriticalDamageThreshold="0.7"
		DamageCapacity="45"
		DamagedConsumptionModifier="1.4"
		FuelConsumption="1.2"
		EngineResponsiveness="0.3"
		Name="us_scout_modern_engine_2"
		Torque="120000"
		DamagedMinTorqueMultiplier="1.0"
		DamagedMaxTorqueMultiplier="0.8"
		MaxDeltaAngVel="0.01"
	>
		<GameData
			Price="10830"
			UnlockByExploration="true"
			UnlockByRank="1"
		>
			<UiDesc
				UiDesc="UI_ENGINE_US_SCOUT_MODERN_2_DESC"
				UiIcon30x30=""
				UiIcon40x40=""
				UiName="UI_ROv2_ENGINE_US_SCOUT_MODERN_2_NAME"
			/>
		</GameData>
	</Engine>
</EngineVariants>
