<_templates>
	<Engine>
		<USSpecialEngine BrakesDelay="0.3" MaxDeltaAngVel="0.01" />
	</Engine>
</_templates>
<EngineVariants>
	<Engine
		_template="USSpecialEngine"
		CriticalDamageThreshold="0.6"
		DamageCapacity="80"
		DamagedConsumptionModifier="1.2"
		EngineResponsiveness="0.035"
		FuelConsumption="9.5"
		Name="us_special_engine_0"
		Torque="263250"
		DamagedMinTorqueMultiplier="1.0"
		DamagedMaxTorqueMultiplier="0.7"
	> <!--Torque="225000" + 17%-->
		<GameData
			Price="12300"
			UnlockByExploration="false"
			UnlockByRank="1"
		>
			<UiDesc
				UiDesc="UI_ENGINE_US_SPECIAL_0_DESC"
				UiIcon30x30=""
				UiIcon40x40=""
				UiName="UI_ROv2_ENGINE_US_SPECIAL_0_NAME"
			/>
		</GameData>
	</Engine>
	<Engine
		_template="USSpecialEngine"
		CriticalDamageThreshold="0.6"
		DamageCapacity="85"
		DamagedConsumptionModifier="1.4"
		FuelConsumption="11.0"
		Name="us_special_engine_1"
		Torque="304200"
		DamagedMinTorqueMultiplier="1.0"
		DamagedMaxTorqueMultiplier="0.8"
	> <!--Torque="260000" + 17%-->
		<GameData
			Price="30840"
			UnlockByExploration="true"
			UnlockByRank="1"
		>
			<UiDesc
				UiDesc="UI_ENGINE_US_SPECIAL_1_DESC"
				UiIcon30x30=""
				UiIcon40x40=""
				UiName="UI_ROv2_ENGINE_US_SPECIAL_1_NAME"
			/>
		</GameData>
	</Engine>
	<Engine
		_template="USSpecialEngine"
		CriticalDamageThreshold="0.5"
		DamageCapacity="90"
		DamagedConsumptionModifier="1.5"
		FuelConsumption="12.5"
		Name="us_special_engine_2"
		Torque="345150"
		DamagedMinTorqueMultiplier="1.0"
		DamagedMaxTorqueMultiplier="0.7"
	> <!--Torque="295000" + 17%-->
		<GameData
			Price="36900"
			UnlockByExploration="true"
			UnlockByRank="1"
		>
			<UiDesc
				UiDesc="UI_ENGINE_US_SPECIAL_2_DESC"
				UiIcon30x30=""
				UiIcon40x40=""
				UiName="UI_ROv2_ENGINE_US_SPECIAL_2_NAME"
			/>
		</GameData>
	</Engine>
	<Engine
		_template="USSpecialEngine"
		CriticalDamageThreshold="0.6"
		DamageCapacity="105"
		DamagedConsumptionModifier="1.5"
		EngineResponsiveness="0.055"
		FuelConsumption="13"
		Name="us_special_engine_3_S"
		Torque="403650"
		DamagedMinTorqueMultiplier="1.0"
		DamagedMaxTorqueMultiplier="0.7"
	> <!--Torque="345000" + 17%-->
		<GameData
			Price="51820"
			UnlockByExploration="false"
			UnlockByRank="30"
		>
			<UiDesc
				UiDesc="UI_ROv2_ENGINE_US_SPECIAL_3_DESC"
				UiIcon30x30=""
				UiIcon40x40=""
				UiName="UI_ROv2_ENGINE_US_SPECIAL_3_NAME"
			/>
		</GameData>
	</Engine>
</EngineVariants>
