<_templates>
	<Engine>
		<USScoutOldEngine BrakesDelay="0.3" />
	</Engine>
</_templates>
<EngineVariants>
	<Engine
		_template="USScoutOldEngine"
		CriticalDamageThreshold="0.6"
		DamageCapacity="30"
		DamagedConsumptionModifier="1.8"
		FuelConsumption="3.0"
		Name="us_scout_old_engine_ck1500"
		Torque="60000"
		DamagedMinTorqueMultiplier="1.0"
		DamagedMaxTorqueMultiplier="0.6"
		MaxDeltaAngVel="0.01"
		EngineResponsiveness="0.1"
	>
		<GameData
			Price="12300"
			UnlockByExploration="true"
			UnlockByRank="1"
		>
			<UiDesc
				UiDesc="UI_ENGINE_US_SCOUT_OLD_CK1500_DESC"
				UiIcon30x30=""
				UiIcon40x40=""
				UiName="UI_ROv2_ENGINE_US_SCOUT_OLD_CK1500_NAME"
			/>
		</GameData>
	</Engine>
	<Engine
		_template="USScoutModernEngine"
		CriticalDamageThreshold="0.7"
		DamageCapacity="45"
		DamagedConsumptionModifier="1.2"
		EngineResponsiveness="0.18"
		FuelConsumption="3.1"
		Name="us_scout_old_engine_ck1500_2"
		Torque="75000"
		DamagedMinTorqueMultiplier="1.0"
		DamagedMaxTorqueMultiplier="0.6"
		MaxDeltaAngVel="0.01"
	>
		<GameData
			Price="15230"
			UnlockByExploration="false"
			UnlockByRank="17"
		>
			<UiDesc
				UiDesc="UI_ENGINE_US_SCOUT_MODERN_0_DESC"
				UiIcon30x30=""
				UiIcon40x40=""
				UiName="UI_ROv2_ENGINE_US_SCOUT_MODERN_0_NAME"
			/>
		</GameData>
	</Engine>
	<Engine
		_template="USScoutModernEngine"
		CriticalDamageThreshold="0.7"
		DamageCapacity="50"
		DamagedConsumptionModifier="1.2"
		EngineResponsiveness="0.23"
		FuelConsumption="2.9"
		Name="us_scout_old_engine_ck1500_3"
		Torque="90000"
		DamagedMinTorqueMultiplier="1.0"
		DamagedMaxTorqueMultiplier="0.6"
		MaxDeltaAngVel="0.01"
	>
		<GameData
			Price="22300"
			UnlockByExploration="false"
			UnlockByRank="19"
		>
			<UiDesc
				UiDesc="UI_ENGINE_US_SCOUT_MODERN_1_DESC"
				UiIcon30x30=""
				UiIcon40x40=""
				UiName="UI_ROv2_ENGINE_US_SCOUT_MODERN_1_NAME"
			/>
		</GameData>
	</Engine>
	<Engine
		_template="USScoutOldEngine"
		CriticalDamageThreshold="0.6"
		DamageCapacity="65"
		DamagedConsumptionModifier="2.5"
		FuelConsumption="3.3"
		Name="us_scout_old_engine_ford"
		Torque="120000"
		DamagedMinTorqueMultiplier="1.0"
		DamagedMaxTorqueMultiplier="0.6"
		MaxDeltaAngVel="0.01"
		EngineResponsiveness="0.29"
	>
		<GameData
			Price="31820"
			UnlockByExploration="false"
			UnlockByRank="21"
		>
			<UiDesc
				UiDesc="UI_ENGINE_US_SCOUT_OLD_F750_DESC"
				UiIcon30x30=""
				UiIcon40x40=""
				UiName="UI_ROv2_ENGINE_US_SCOUT_OLD_F750_NAME"
			/>
		</GameData>
	</Engine>
</EngineVariants>
