<_templates>
	<Engine>
		<USTruckOldEngine
			BrakesDelay="0.3"
			CriticalDamageThreshold="0.2"
			DamageCapacity="65"
			EngineResponsiveness="0.035"
			DamagedMinTorqueMultiplier="1.0"
			DamagedMaxTorqueMultiplier="0.5"
			MaxDeltaAngVel="0.01"
		/>
	</Engine>
</_templates>
<EngineVariants>
	<Engine
		_template="USTruckOldEngine"
		CriticalDamageThreshold="0.3"
		DamageCapacity="50"
		DamagedConsumptionModifier="1.6"
		FuelConsumption="4.5"
		Name="us_truck_old_engine_0"
		Torque="148500"
		DamagedMinTorqueMultiplier="1.0"
		DamagedMaxTorqueMultiplier="0.6"
	> <!--Torque="135000" + 10%-->
		<GameData
			Price="4100"
			UnlockByExploration="false"
			UnlockByRank="1"
		>
			<UiDesc
				UiDesc="UI_ENGINE_US_TRUCK_OLD_0_DESC"
				UiIcon30x30=""
				UiIcon40x40=""
				UiName="UI_ROv2_ENGINE_US_TRUCK_OLD_0_NAME"
			/>
		</GameData>
	</Engine>
	<Engine
		_template="USTruckOldEngine"
		CriticalDamageThreshold="0.4"
		DamageCapacity="60"
		DamagedConsumptionModifier="1.7"
		FuelConsumption="5.0"
		Name="us_truck_old_engine_1"
		Torque="159500"
		DamagedMinTorqueMultiplier="1.0"
		DamagedMaxTorqueMultiplier="0.7"
	> <!--Torque="145000" + 10%-->
		<GameData
			Price="12300"
			UnlockByExploration="true"
			UnlockByRank="1"
		>
			<UiDesc 
				UiDesc="UI_ENGINE_US_TRUCK_OLD_1_DESC" 
				UiIcon30x30=""
				UiIcon40x40=""
				UiName="UI_ROv2_ENGINE_US_TRUCK_OLD_1_NAME" />
		</GameData>
	</Engine>
	<Engine
		_template="USTruckOldEngine"
		CriticalDamageThreshold="0.6"
		DamageCapacity="80"
		DamagedConsumptionModifier="1.8"
		FuelConsumption="6.0"
		Name="us_truck_old_engine_2"
		Torque="181500"
		DamagedMinTorqueMultiplier="1.0"
		DamagedMaxTorqueMultiplier="0.6"
	> <!--Torque="165000" + 10%-->
		<GameData
			Price="15580"
			UnlockByExploration="true"
			UnlockByRank="10"
		>
			<UiDesc
				UiDesc="UI_ENGINE_US_TRUCK_OLD_2_DESC"
				UiIcon30x30=""
				UiIcon40x40=""
				UiName="UI_ROv2_ENGINE_US_TRUCK_OLD_2_NAME"
			/>
		</GameData>
	</Engine>
	<Engine
		_template="USTruckOldEngine"
		CriticalDamageThreshold="0.7"
		DamageCapacity="95"
		DamagedConsumptionModifier="1.9"
		EngineResponsiveness="0.05"
		FuelConsumption="7.1"
		Name="us_truck_old_engine_3"
		Torque="214500"
		DamagedMinTorqueMultiplier="1.0"
		DamagedMaxTorqueMultiplier="0.5"
	> <!--Torque="195000" + 10%-->
		<GameData
			Price="20500"
			UnlockByExploration="false"
			UnlockByRank="22"
		>
			<UiDesc
				UiDesc="UI_ROv2_ENGINE_US_TRUCK_OLD_TOP_DESC"
				UiIcon30x30=""
				UiIcon40x40=""
				UiName="UI_ROv2_ENGINE_US_TRUCK_OLD_TOP_NAME"
			/>
		</GameData>
	</Engine>
</EngineVariants>
