<_templates>
	<Engine>
		<RUSpecialEngine BrakesDelay="0.3" MaxDeltaAngVel="0.01" />
	</Engine>
</_templates>
<EngineVariants>
	<Engine
		_template="RUSpecialEngine"
		CriticalDamageThreshold="0.3"
		DamageCapacity="70"
		DamagedConsumptionModifier="1.4"
		EngineResponsiveness="0.045"
		FuelConsumption="9.0"
		Name="ru_kirovets_k700_engine_0"
		Torque="216450"
		DamagedMinTorqueMultiplier="1.0"
		DamagedMaxTorqueMultiplier="0.6"
	> <!--Torque="185000" + 17%-->
		<GameData
			Price="5700"
			UnlockByExploration="false"
			UnlockByRank="1"
		>
			<UiDesc
				UiDesc="UI_ENGINE_RU_SPECIAL_0_DESC"
				UiIcon30x30=""
				UiIcon40x40=""
				UiName="UI_ROv2_ENGINE_RU_SPECIAL_K700_0_NAME"
			/>
		</GameData>
	</Engine>
	<Engine
		_template="RUSpecialEngine"
		CriticalDamageThreshold="0.6"
		DamageCapacity="85"
		DamagedConsumptionModifier="1.3"
		FuelConsumption="10.0"
		Name="ru_kirovets_k700_engine_1"
		Torque="263250"
		DamagedMinTorqueMultiplier="1.0"
		DamagedMaxTorqueMultiplier="0.8"
	> <!--Torque="225000" + 17%-->
		<GameData
			Price="20700"
			UnlockByExploration="true"
			UnlockByRank="1"
		>
			<UiDesc
				UiDesc="UI_ENGINE_RU_SPECIAL_1_DESC"
				UiIcon30x30=""
				UiIcon40x40=""
				UiName="UI_ROv2_ENGINE_RU_SPECIAL_K700_1_NAME"
			/>
		</GameData>
	</Engine>
	<Engine
		_template="RUSpecialEngine"
		CriticalDamageThreshold="0.6"
		DamageCapacity="100"
		DamagedConsumptionModifier="1.5"
		FuelConsumption="11.5"
		Name="ru_kirovets_k700_engine_2"
		Torque="315900"
		DamagedMinTorqueMultiplier="1.0"
		DamagedMaxTorqueMultiplier="0.7"
	> <!--Torque="270000" + 17%-->
		<GameData
			Price="24400"
			UnlockByExploration="true"
			UnlockByRank="1"
		>
			<UiDesc
				UiDesc="UI_ENGINE_RU_SPECIAL_2_DESC"
				UiIcon30x30=""
				UiIcon40x40=""
				UiName="UI_ROv2_ENGINE_RU_SPECIAL_K700_2_NAME"
			/>
		</GameData>
	</Engine>
</EngineVariants>
