<_templates Include="trucks" />
<SuspensionSetVariants>
	<SuspensionSet
		_template="Normal"
		BrokenWheelDamageMultiplier="2"
		CriticalDamageThreshold="0.8"
		DamageCapacity="85"
		DeviationDelta=".003"
		Name="kenworth_w990_suspension_default"
	>
		<Suspension 
			Damping="0.8" 
			Height="0.26" 
			Strength="0.06" 
			WheelType="front" 
			BrokenSuspensionMax="0.2" 
			DeviationMax="0.01"
			SuspensionMin="-0.35" 
			SuspensionMax="1.4"/>
		<Suspension 
			Damping="0.6" 
			Height="0.15"
			Strength="0.07" 
			WheelType="rear" 
			BrokenSuspensionMax="0.15" 
			DeviationMax="0.01"
			SuspensionMin="-0.2" 
			SuspensionMax="1.4"/>
		<Suspension 
			Damping="0.6" 
			Height="0.0" 
			Strength="0.04" 
			WheelType="middle" 
			BrokenSuspensionMax="0.2" 
			DeviationMax=".21" 
			SuspensionMin="-0.25" />
		<GameData
			Price="6600"
			UnlockByExploration="false"
			UnlockByRank="1"
		>
			<UiDesc
				UiDesc="UI_SUSPENSION_DEFAULT_DESC"
				UiIcon30x30=""
				UiIcon40x40=""
				UiName="UI_SUSPENSION_DEFAULT_NAME"
			/>
		</GameData>
	</SuspensionSet>
	<SuspensionSet
		_template="Normal"
		BrokenWheelDamageMultiplier="2"
		CriticalDamageThreshold="0.6"
		DamageCapacity="105"
		DeviationDelta=".005"
		Name="kenworth_w990_suspension_high"
		UiName="UI_SUSPENSION_TYPE_HIGH_NAME"
	>
		<Suspension 
			Damping="0.8" 
			Height="0.40" 
			Strength="0.05" 
			WheelType="front" 
			BrokenSuspensionMax="0.2" 
			DeviationMax="0.01" 
			SuspensionMin="-0.45" />
		<Suspension 
			Damping="0.6" 
			Height="0.32" 
			Strength="0.07" 
			WheelType="rear" 
			BrokenSuspensionMax="0.15" 
			DeviationMax="0.01" 
			SuspensionMin="-0.2" />
		<Suspension 
			Damping="0.6" 
			Height="0.0" 
			Strength="0.04" 
			WheelType="middle" 
			BrokenSuspensionMax="0.2" 
			DeviationMax=".35" 
			SuspensionMin="-0.3" />
		<GameData
			Price="9300"
			UnlockByExploration="false"
			UnlockByRank="11"
		>
			<UiDesc
				UiDesc="UI_SUSPENSION_HIGH_DESC"
				UiIcon30x30=""
				UiIcon40x40=""
				UiName="UI_SUSPENSION_HIGH_NAME"
			/>
		</GameData>
	</SuspensionSet>
</SuspensionSetVariants>
