<_templates Include="trucks" />
<SuspensionSetVariants>
	<SuspensionSet
		_template="Normal"
		BrokenWheelDamageMultiplier="2"
		CriticalDamageThreshold="0.6"
		DamageCapacity="80"
		Name="mack_defense_m917_suspension_default"
	>
		<Suspension
			WheelType="front"
			Damping="0.6"
			Height="0.2"
			Strength="0.06" 
			BrokenSuspensionMin="-0.27"
			BrokenSuspensionMax="-0.1"
			SuspensionMin="-0.36"
			SuspensionMax="-0.1"
		/>
		
		<Suspension
			WheelType="rear"
			Damping="0.3"
			Height="0.1" 
			Strength="0.03"
			BrokenSuspensionMin="-0.27" 
			BrokenSuspensionMax="-0.1" 
			SuspensionMin="-0.3"
			SuspensionMax="-0.1"
		/>
		
		<GameData
			Price="4400"
			UnlockByExploration="false"
			UnlockByRank="1"
		>
			<UiDesc
				UiDesc="UI_SUSPENSION_DEFAULT_DESC"
				UiIcon30x30=""
				UiIcon40x40=""
				UiName="UI_SUSPENSION_DEFAULT_NAME"
			/>
		</GameData>
		
	</SuspensionSet>
	
	<SuspensionSet
		_template="High"
		BrokenWheelDamageMultiplier="2"
		CriticalDamageThreshold="0.4"
		DamageCapacity="95"
		Name="mack_defense_m917_suspension_high"
	>
		<Suspension
			WheelType="front"
			Damping="0.6"
			Height="0.26"
			Strength="0.06"  
			BrokenSuspensionMax=".25" 
			SuspensionMin="-0.4"
		/>
		
		<Suspension
			WheelType="rear"
			Height="0.17"
			Strength="0.03"
			BrokenSuspensionMax=".25" 
			SuspensionMin="-0.35" 
			Damping="0.3"
		/>
		
		<GameData
			Price="7900"
			UnlockByExploration="false"
			UnlockByRank="1"
			>
			<UiDesc
				UiDesc="UI_SUSPENSION_HIGH_DESC"
				UiIcon30x30=""
				UiIcon40x40=""
				UiName="UI_SUSPENSION_HIGH_NAME"
			/>
		</GameData>
	</SuspensionSet>
	
	<SuspensionSet
		_template="Active"
		BrokenWheelDamageMultiplier="2"
		CriticalDamageThreshold="0.6"
		DamageCapacity="110"
		Name="mack_defense_m917_suspension_active"
		DeviationDelta=".002"
	>
		<Suspension 
			Height="0.2" 
			Strength="0.06" 
			WheelType="front" 
			BrokenSuspensionMax=".25" 
			SuspensionMin="-0.36" 
			Damping="0.6"
			DeviationMax="0.1"
		/>
		<Suspension 
			Height="0.13" 
			Strength="0.02" 
			WheelType="rear" 
			BrokenSuspensionMax=".25" 
			SuspensionMin="-0.3" 
			Damping="0.3"
			DeviationMax="0.1" 
		/>
		<GameData
			Price="11300"
			UnlockByExploration="false"
			UnlockByRank="1"
		>
			<UiDesc
				UiDesc="UI_SUSPENSION_ACTIVE_DESC"
				UiIcon30x30=""
				UiIcon40x40=""
				UiName="UI_SUSPENSION_ACTIVE_NAME"
			/>
		</GameData>
	</SuspensionSet>
</SuspensionSetVariants>
