<_templates Include="trucks">
	<TruckTire>
		<ScoutMudtires _template="ROv2Light">
			<WheelTracks _template="Offroad" />
			<WheelSoftness _template="ScoutFoam" />
			<WheelFriction _template="ScoutMudtires" />
		</ScoutMudtires>
	</TruckTire>
</_templates>
<TruckWheels DamageCapacity="20" Radius="1" Width="1.0" >
	<TruckTires>
		<TruckTire _template="ScoutMudtires" Mesh="wheels/tire_scout_mudtires_10" Name="JAT MS I" Width="1.15" >
			<WheelFriction _template="ScoutMudtires" BodyFriction="4.7" BodyFrictionAsphalt="6.5" SubstanceFriction="1.8"/>
			<GameData
				Price="5100"
				UnlockByExploration="false"
				UnlockByRank="7"
			>
				<UiDesc UiDesc="UI_ROv2_TIRE_MUDTIRE_JAT_MS_I_DESC" UiName="UI_TIRE_SCOUT_MUDTIRES_10_NAME" />
			</GameData>
		</TruckTire>
        <TruckTire _template="ScoutMudtires" Mesh="wheels/tire_scout_mudtires_11" Name="JAT MS II" Width="1.15" >
			<WheelFriction _template="ScoutMudtires" BodyFriction="4.6" BodyFrictionAsphalt="6.3" SubstanceFriction="2.1"/>
			<GameData
				Price="5500"
				UnlockByExploration="false"
				UnlockByRank="8"
			>
				<UiDesc UiDesc="UI_ROv2_TIRE_MUDTIRE_JAT_MS_II_DESC" UiName="UI_TIRE_SCOUT_MUDTIRES_11_NAME" />
			</GameData>
		</TruckTire>
        <TruckTire _template="ScoutMudtires" Mesh="wheels/tire_scout_mudtires_12" Name="JAT MS III">
			<WheelFriction _template="ScoutMudtires" BodyFriction="4.5" BodyFrictionAsphalt="6.4" SubstanceFriction="2.3"/>
			<GameData
				Price="5900"
				UnlockByExploration="false"
				UnlockByRank="9"
			>
				<UiDesc UiDesc="UI_ROv2_TIRE_MUDTIRE_JAT_MS_III_DESC" UiName="UI_TIRE_SCOUT_MUDTIRES_12_NAME" />
			</GameData>
		</TruckTire>
	</TruckTires>
	<TruckRims>
		<TruckRim Mesh="wheels/rim_scout_mudtires_10" Name="JAT MS I">
			<GameData>
				<UiDesc UiDesc="UI_RIM_JAT_DESC" UiName="UI_RIM_SCOUT_MUDTIRES_10_NAME" />
			</GameData>
		</TruckRim>
        <TruckRim Mesh="wheels/rim_scout_mudtires_11" Name="JAT MS II">
			<GameData>
				<UiDesc UiDesc="UI_RIM_JAT_DESC" UiName="UI_RIM_SCOUT_MUDTIRES_11_NAME" />
			</GameData>
		</TruckRim>
        <TruckRim Mesh="wheels/rim_scout_mudtires_12" Name="JAT MS III">
			<GameData>
				<UiDesc UiDesc="UI_RIM_JAT_DESC" UiName="UI_RIM_SCOUT_MUDTIRES_12_NAME" />
			</GameData>
		</TruckRim>
	</TruckRims>
</TruckWheels>
