<_templates Include="trucks">
	<TruckTire>
		<Mudtires _template="ROv2Superheavy">
			<WheelTracks _template="Offroad" />
			<WheelSoftness _template="HeavyFoam" />
			<WheelFriction _template="HeavyMudtires" />
		</Mudtires>
	</TruckTire>
</_templates>
<TruckWheels DamageCapacity="45" Radius="1" Width="1.22">
	<TruckTires>
		<TruckTire _template="Mudtires" Mesh="wheels/tire_superheavy_mudtires_10" Name="JAT MSH I">
			<WheelFriction _template="Mudtires" BodyFriction="4.3" BodyFrictionAsphalt="5.3" SubstanceFriction="3.3"/>
			<GameData
				Price="9200"
				UnlockByExploration="false"
				UnlockByRank="22"
			>
				<UiDesc UiDesc="UI_ROv2_TIRE_MUDTIRE_JAT_MSH_I_DESC" UiName="UI_TIRE_SUPERHEAVY_MUDTIRES_10_NAME" />
			</GameData>
		</TruckTire>
		<TruckTire _template="Mudtires" Mesh="wheels/tire_superheavy_mudtires_11" Name="JAT MSH II">
			<WheelFriction _template="Mudtires" BodyFriction="4.4" BodyFrictionAsphalt="5.4" SubstanceFriction="3.5"/>
			<GameData
				Price="10500"
				UnlockByExploration="false"
				UnlockByRank="22"
			>
				<UiDesc UiDesc="UI_ROv2_TIRE_MUDTIRE_JAT_MSH_II_DESC" UiName="UI_TIRE_SUPERHEAVY_MUDTIRES_11_NAME" />
			</GameData>
		</TruckTire>
        <TruckTire _template="Mudtires" Mesh="wheels/tire_superheavy_mudtires_12" Name="JAT MSH III">
			<WheelFriction _template="Mudtires" BodyFriction="4.5" BodyFrictionAsphalt="5.5" SubstanceFriction="3.4"/>
			<GameData
				Price="11700"
				UnlockByExploration="false"
				UnlockByRank="22"
			>
				<UiDesc UiDesc="UI_ROv2_TIRE_MUDTIRE_JAT_MSH_III_DESC" UiName="UI_TIRE_SUPERHEAVY_MUDTIRES_12_NAME" />
			</GameData>
		</TruckTire>
	</TruckTires>
	<TruckRims>
		<TruckRim Mesh="wheels/rim_superheavy_mudtires_1" Name="rim_1">
			<GameData>
				<UiDesc UiDesc="UI_RIM_SUPERHEAVY_MUDTIRES_1_DESC" UiName="UI_RIM_SUPERHEAVY_MUDTIRES_1_NAME" />
			</GameData>
		</TruckRim>
		<TruckRim Mesh="wheels/rim_superheavy_mudtires_2" Name="rim_2">
			<GameData>
				<UiDesc UiDesc="UI_RIM_SUPERHEAVY_MUDTIRES_2_DESC" UiName="UI_RIM_SUPERHEAVY_MUDTIRES_2_NAME" />
			</GameData>
		</TruckRim>
		<TruckRim Mesh="wheels/rim_superheavy_mudtires_3" Name="rim_3">
			<GameData>
				<UiDesc UiDesc="UI_RIM_SUPERHEAVY_MUDTIRES_3_DESC" UiName="UI_RIM_SUPERHEAVY_MUDTIRES_3_NAME" />
			</GameData>
		</TruckRim>
		<TruckRim Mesh="wheels/rim_superheavy_mudtires_10" Name="JAT MSH I">
			<GameData>
				<UiDesc UiDesc="UI_RIM_JAT_DESC" UiName="UI_RIM_SUPERHEAVY_MUDTIRES_10_NAME" />
			</GameData>
		</TruckRim>
		<TruckRim Mesh="wheels/rim_superheavy_mudtires_11" Name="JAT MSH II">
			<GameData>
				<UiDesc UiDesc="UI_RIM_JAT_DESC" UiName="UI_RIM_SUPERHEAVY_MUDTIRES_11_NAME" />
			</GameData>
		</TruckRim>
	</TruckRims>
</TruckWheels>
