<_templates Include="trucks" />
<SuspensionSetVariants>
	<SuspensionSet
		_template="Normal"
		CriticalDamageThreshold="0.7"
		DamageCapacity="55"
		Name="mtb_8106_suspension_default"
	>
		<Suspension Damping="0.2" Height="0.23" Strength="0.026" WheelType="front" BrokenSuspensionMax="0.15" SuspensionMin="-0.26" />
		<Suspension Damping="0.2" Height="0.24" Strength="0.026" WheelType="rear" BrokenSuspensionMax="0.15" SuspensionMin="-0.28" />
		<GameData
			Price="3800"
			UnlockByExploration="false"
			UnlockByRank="1"
		>
			<UiDesc
				UiDesc="UI_SUSPENSION_DEFAULT_DESC"
				UiIcon30x30=""
				UiIcon40x40=""
				UiName="UI_SUSPENSION_DEFAULT_NAME"
			/>
		</GameData>
	</SuspensionSet>

	<SuspensionSet
		_template="High"
		CriticalDamageThreshold="0.7"
		DamageCapacity="85"
		Name="mtb_8106_suspension_high"
	>
		<Suspension Damping="0.4" Height="0.33" Strength="0.022" WheelType="front" BrokenSuspensionMax="0.15" SuspensionMin="-0.37" />
		<Suspension Damping="0.4" Height="0.34" Strength="0.022" WheelType="rear" BrokenSuspensionMax="0.15" SuspensionMin="-0.39" />
		<GameData
			Price="5200"
			UnlockByExploration="true"
			UnlockByRank="1"
		>
			<UiDesc
				UiDesc="UI_SUSPENSION_HIGH_DESC"
				UiIcon30x30=""
				UiIcon40x40=""
				UiName="UI_SUSPENSION_HIGH_NAME"
			/>
		</GameData>
	</SuspensionSet>

	<SuspensionSet
		_template="Ultimate"
		CriticalDamageThreshold="0.7"
		DamageCapacity="70"
		Name="mtb_8106_suspension_crawler"
	>
		<Suspension Damping="0.55" Height="0.43" Strength="0.014" WheelType="front" BrokenSuspensionMax="0.15" SuspensionMin="-0.35" />
		<Suspension Damping="0.55" Height="0.46" Strength="0.015" WheelType="rear" BrokenSuspensionMax="0.15" SuspensionMin="-0.4" />
		<GameData
			Price="6600"
			UnlockByExploration="true"
			UnlockByRank="1"
		>
			<UiDesc
				UiDesc="UI_SUSPENSION_CRAWLER_DESC"
				UiIcon30x30=""
				UiIcon40x40=""
				UiName="UI_SUSPENSION_CRAWLER_NAME"
			/>
		</GameData>
	</SuspensionSet>
</SuspensionSetVariants>