<_templates Include="trucks" />
<SuspensionSetVariants>
	<SuspensionSet
		_template="Normal"
		BrokenWheelDamageMultiplier="2"
		CriticalDamageThreshold="0.7"
		DamageCapacity="60"
		Name="chevy_apache_suspension_default"
	>
		<Suspension BrokenSuspensionMax="0.3" Height="0.15" Strength="0.02" SuspensionMin="-0.4" WheelType="front" SuspensionMax=".0" />
		<Suspension BrokenSuspensionMax="0.3" Height="0" Strength="0.02" SuspensionMin="-0.20" WheelType="rear" />
		<GameData
			Price="3200"
			UnlockByExploration="false"
			UnlockByRank="1"
		>
			<UiDesc
				UiDesc="UI_SUSPENSION_DEFAULT_DESC"
				UiIcon30x30=""
				UiIcon40x40=""
				UiName="UI_SUSPENSION_DEFAULT_NAME"
			/>
		</GameData>
	</SuspensionSet>
	<SuspensionSet
		_template="Ultimate"
		BrokenWheelDamageMultiplier="2"
		CriticalDamageThreshold="0.7"
		DamageCapacity="75"
		Name="chevy_apache_suspension_ultimate"
	>
		<Suspension BrokenSuspensionMax="0.3" Height="0.47" Strength="0.01" Damping=".1" SuspensionMin="-0.6" SuspensionMax=".0" WheelType="front" />
		<Suspension BrokenSuspensionMax="0.3" Height="0.32" Strength="0.008" Damping=".1" SuspensionMin="-0.6" WheelType="rear" />
		<GameData
			Price="8400"
			UnlockByExploration="false"
			UnlockByRank="19"
		>
			<UiDesc
				UiDesc="UI_SUSPENSION_ULTIMATE_DESC"
				UiIcon30x30=""
				UiIcon40x40=""
				UiName="UI_SUSPENSION_ULTIMATE_NAME"
			/>
		</GameData>
	</SuspensionSet>
	<SuspensionSet
		_template="Active Towing"
		BrokenWheelDamageMultiplier="2"
		CriticalDamageThreshold="0.7"
		DamageCapacity="70"
		Name="chevy_apache_suspension_active_towing"
		DeviationDelta=".002"
	>
		<Suspension BrokenSuspensionMax="0.3" Height="0.25" Strength="0.02" Damping=".1" SuspensionMin="-0.6" WheelType="front" SuspensionMax=".0" DeviationMax="0.05" />
		<Suspension BrokenSuspensionMax="0.3" Height="0.1" Strength="0.06" Damping=".4" SuspensionMin="-0.6" WheelType="rear" DeviationMax="0.1" />
		<GameData
			Price="14700"
			UnlockByExploration="false"
			UnlockByRank="17"
		>
			<UiDesc
				UiDesc="UI_SUSPENSION_ACTIVE_TOWING_DESC"
				UiIcon30x30=""
				UiIcon40x40=""
				UiName="UI_SUSPENSION_ACTIVE_TOWING_NAME"
			/>
		</GameData>
	</SuspensionSet>
</SuspensionSetVariants>
