<_templates Include="trucks" />
<SuspensionSetVariants>
	<SuspensionSet 		
		Name="western_star_49x_suspension_default"
		_template="Normal"
		BrokenWheelDamageMultiplier="2"
		CriticalDamageThreshold="0.6"
		DamageCapacity="70"
		DeviationDelta=".01"		
	>
		<Suspension
			Damping="0.3"
			BrokenSuspensionMax="0.2"
			Height="0.3"
			Strength="0.12"
			SuspensionMin="-0.25"
			WheelType="front"
			DeviationMax="0.01"
		/>
		<Suspension
			Damping="0.4"
			BrokenSuspensionMax="0.15"
			Height="0.35"
			Strength="0.055"
			SuspensionMin="-0.3"
			WheelType="rear"
			DeviationMax="0.01"
		/>
		<Suspension 
			Damping="0.2"
			BrokenSuspensionMax="0.2" 
			Height="0.0" 
			Strength="0.015" 
			SuspensionMin="-0.3" 
			WheelType="middle" 
			DeviationMax=".3" 
		/>
		<GameData
			Price="6600"
			UnlockByExploration="false"
			UnlockByRank="1"
		>
			<UiDesc
				UiDesc="UI_SUSPENSION_DEFAULT_DESC"
				UiIcon30x30=""
				UiIcon40x40=""
				UiName="UI_SUSPENSION_DEFAULT_NAME"
			/>
		</GameData>
	</SuspensionSet>
	<SuspensionSet 		
		Name="western_star_49x_suspension_ultimate"
		_template="Ultimate"
		BrokenWheelDamageMultiplier="2"
		CriticalDamageThreshold="0.6"
		DamageCapacity="75"
		DeviationDelta=".01"		
	>
		<Suspension
			Damping="0.5"
			BrokenSuspensionMax="0.2"
			Height="0.65"
			Strength="0.03"
			SuspensionMin="-0.70"
			WheelType="front"
			DeviationMax="0.01"
		/>
		<Suspension
			Damping="0.6"
			BrokenSuspensionMax="0.15"
			Height="0.50"
			Strength="0.030"
			SuspensionMin="-0.50"
			WheelType="rear"
			DeviationMax="0.01"
		/>
		<Suspension 
			Damping="0.4"
			BrokenSuspensionMax="0.2" 
			Height="0.0" 
			Strength="0.01" 
			SuspensionMin="-0.50"
			WheelType="middle" 
			DeviationMax=".5" 
		/>
		<GameData
			Price="9700"
			UnlockByExploration="false"
			UnlockByRank="17"
		>
			<UiDesc
				UiDesc="UI_SUSPENSION_ULTIMATE_DESC"
				UiIcon30x30=""
				UiIcon40x40=""
				UiName="UI_SUSPENSION_ULTIMATE_NAME"
			/>
		</GameData>
	</SuspensionSet>
</SuspensionSetVariants>
