<_templates Include="trucks">
	<TruckTire>
		<Mudtires _template="ROv2Superheavy">
			<WheelTracks _template="Offroad" />
			<WheelFriction _template="HeavyMudtires" />
		</Mudtires>
	</TruckTire>
</_templates>
<TruckWheels DamageCapacity="55" Radius="1" Width="1.67" >
	<TruckTires>
		<TruckTire _template="Mudtires" Mesh="wheels/tire_extend_kirovets_k7m" Name="tire" Mass="500" >
		<WheelFriction _template="HeavyMudtires" BodyFrictionAsphalt="7.2" BodyFriction="6.6" SubstanceFriction="5.3" />
			<GameData
				Price="20900"
				UnlockByExploration="false"
				UnlockByRank="30"
			>
				<UiDesc UiDesc="UI_ROv2_TIRE_K-7M_DE_DESC" UiName="K-7M DE" />
			</GameData>
			<WheelSoftness RadiusOffset="0.065" SoftForceScale="0.38" />
			<WheelTracks
                TextureAlpha="tracks/kirovets_k7m_extend_alpha__s_d.tga"
                TextureHeight="tracks/kirovets_k7m_extend_height__s_d.tga"
			/>
		</TruckTire>
	</TruckTires>
	<TruckRims>
		<TruckRim Mesh="wheels/rim_extend_kirovets_k7m" Name="rim">
			<GameData>
				<UiDesc UiDesc="UI_RIM_SUPERHEAVY_MUDTIRES_2_DESC" UiName="UI_RIM_SUPERHEAVY_MUDTIRES_2_NAME" />
			</GameData>
		</TruckRim>
	</TruckRims>
</TruckWheels>
