<TruckAddon>
	<PhysicsModel Mesh="trucks/tayga_6455b_tuning/tayga_6455b_visor_1">
		<Body Collisions="None" Mass="10" ModelFrame="BoneCabinDamper_cdt">
			<Constraint Type="Rigid" />
			<Body Collisions="None" Mass="10" ModelFrame="BoneChassis_cdt">
				<Constraint ExplicitParentFrame="0" Type="Fixed" />
			</Body>
		</Body>
	</PhysicsModel>
	<GameData
		CameraPreset="side_l"
		Category="fender_front"
		Price="900"
		UnlockByExploration="false"
		UnlockByRank="1"
	>
		<UiDesc
			UiDesc="UI_TUNING_SUNVISOR_STRAIGHTCAP_DESC"
			UiIcon30x30=""
			UiIcon40x40=""
			UiName="UI_TUNING_SUNVISOR_STRAIGHTCAP_NAME"
		/>
		<InstallSocket Type="Tayga6455bVisor" />
	</GameData>
</TruckAddon>
