<TruckAddon>
	<WheelRepairsHide>
		<Mesh Frame="wheel" HideThreshold="0.0" />
	</WheelRepairsHide>
	<TruckData WheelRepairsCapacity="1" />
	<PhysicsModel Mesh="trucks/tayga_6455b_tuning/tayga_6455b_wheel_addon">
		<Body ImpactType="Truck" Mass="100" ModelFrame="BoneChassis_cdt">
			<Constraint Type="Rigid" />
			<Body Mass="50" ModelFrame="BoneCabin_cdt">
				<Constraint ExplicitParentFrame="0" Type="Fixed" />
			</Body>
		</Body>
	</PhysicsModel>
	<GameData
		CameraPreset="addon_2"
		Category="wheel_addon"
		Price="2700"
		UnlockByExploration="false"
		UnlockByRank="16"
	>
		<UiDesc
			UiDesc="UI_TUNING_SPARE_WHEEL_DESC"
			UiIcon30x30=""
			UiIcon40x40=""
			UiName="UI_TUNING_SPARE_WHEEL_NAME"
		/>
		<InstallSocket Type="Tayga6455bWheelAddon" />
	</GameData>
</TruckAddon>
