<_parent File="tayga_6455b_exhaust_1" />
<TruckAddon>
	<TruckData>
		<Shakers>
			<Shaker Frame="BoneExhaustLeft" MinAngle="(0.3; 0.3; 0.3)" MaxAngle="(1; 1; 1)" MaxFrequency="3.9" ParentFrame="BoneCabinDamper_cdt" />
			<Shaker Frame="BoneExhaustLeftCover" LimitDirectionY="Negative" MinAngle="(0; 30; 0)" MaxAngle="(0; 90; 0)" MaxFrequency="0.15" ParentFrame="BoneExhaustLeft" />
			<Shaker Frame="BoneExhaustRight" MinAngle="(0.3; 0.3; 0.3)" MaxAngle="(1; 1; 1)" MaxFrequency="4.1" ParentFrame="BoneCabinDamper_cdt" />
			<Shaker Frame="BoneExhaustRightCover" LimitDirectionY="Negative" MinAngle="(0; 30; 0)" MaxAngle="(0; 90; 0)" MaxFrequency="0.15" ParentFrame="BoneExhaustRight" />
		</Shakers>
	</TruckData>
	<PhysicsModel Mesh="trucks/tayga_6455b_tuning/tayga_6455b_exhaust_2" />
	<GameData
		Price="1200"
		UnlockByExploration="false"
		UnlockByRank="1"
	>
		<UiDesc
			UiDesc="UI_TUNING_EXHAUST_FLAPCAP_DESC"
			UiIcon30x30=""
			UiIcon40x40=""
			UiName="UI_TUNING_EXHAUST_FLAPCAP_NAME"
		/>
	</GameData>
	<Exhaust Dir="(-0.985; 0.174; 0)" IsLight="false" Origin="(0.902; 3.46; 1.101)" Speed="3.82" />
	<Exhaust Dir="(-0.985; 0.174; 0)" IsLight="false" Origin="(0.902; 3.46; -1.101)" Speed="3.85" />
</TruckAddon>
