<_templates Include="trucks" />
<TruckAddon>
	<TruckData>
		<Shakers>
			<Shaker Frame="BoneExhaustLeft" MinAngle="(0.3; 0.3; 0.3)" MaxAngle="(1; 1; 1)" MaxFrequency="3.9" ParentFrame="BoneCabinDamper_cdt" />
			<Shaker Frame="BoneExhaustRight" MinAngle="(0.3; 0.3; 0.3)" MaxAngle="(1; 1; 1)" MaxFrequency="4.1" ParentFrame="BoneCabinDamper_cdt" />
		</Shakers>
	</TruckData>
	<PhysicsModel Mesh="trucks/tayga_6455b_tuning/tayga_6455b_exhaust_1">
		<Body ImpactType="Truck" Mass="20" ModelFrame="BoneCabinDamper_cdt">
			<Constraint Type="Rigid" />
			<Body Collisions="None" Mass="50" ModelFrame="BoneCabin_cdt">
				<Constraint ExplicitParentFrame="0" Type="Fixed" />
				<Body Collisions="None" Mass="50" ModelFrame="BoneChassis_cdt">
					<Constraint ExplicitParentFrame="1" Type="Fixed" />
				</Body>
			</Body>
		</Body>
	</PhysicsModel>
	<GameData
		CameraPreset="side_r"
		Category="exhaust"
		Price="1100"
		UnlockByExploration="false"
		UnlockByRank="1"
	>
		<UiDesc
			UiDesc="UI_TUNING_EXHAUST_MUZZLE_DESC"
			UiIcon30x30=""
			UiIcon40x40=""
			UiName="UI_TUNING_EXHAUST_MUZZLE_NAME"
		/>
		<InstallSocket Type="Tayga6455bExhaust" />
	</GameData>
	<Exhaust Dir="(0; 1; 0)" IsLight="false" Origin="(0.972; 2.913; 1.131)" Speed="3.82" />
	<Exhaust Dir="(0; 1; 0)" IsLight="false" Origin="(0.972; 2.913; -1.131)" Speed="3.85" />
</TruckAddon>
