<_templates Include="trucks" />
<TruckAddon>
	<PhysicsModel Mesh="trucks/tayga_6455b_tuning/tayga_6455b_spot_light_1">
		<Body Collisions="None" Mass="10" ModelFrame="BoneCabinDamper_cdt">
			<Constraint Type="Rigid" />
			<Body Collisions="None" Mass="10" ModelFrame="BoneChassis_cdt">
				<Constraint ExplicitParentFrame="0" Type="Fixed" />
			</Body>
		</Body>
	</PhysicsModel>
	<ModelAttachments>
		<MainHeadLight>
			<Model _template="HeadLightRay" Org="(1.904; 3.148; -0.628)" />
			<Model _template="HeadLightRay" Org="(1.904; 3.148; 0.628)" />
			<Flare _template="HeadLight" Color="g(255; 235; 215) x 0.6" DirAngle="135" Size="0.4" Pos="(1.904; 3.148; -0.628)" />
			<Flare _template="HeadLight" Color="g(255; 235; 215) x 0.6" DirAngle="135" Size="0.4" Pos="(1.904; 3.148; 0.628)" />
			<Flare _template="HeadLight" Color="g(255; 235; 215) x 0.55" DirAngle="135" Size="0.35" Pos="(1.904; 3.148; -0.213)" />
			<Flare _template="HeadLight" Color="g(255; 235; 215) x 0.55" DirAngle="135" Size="0.35" Pos="(1.904; 3.148; 0.213)" />
		</MainHeadLight>
	</ModelAttachments>
	<MainHeadLight _template="Multiply2" />
	<GameData
		CameraPreset="side_l"
		Category="top"
		Price="600"
		UnlockByExploration="false"
		UnlockByRank="1"
	>
		<UiDesc
			UiDesc="UI_TUNING_ROOFBAR_FOGLIGHTS_DESC"
			UiIcon30x30=""
			UiIcon40x40=""
			UiName="UI_TUNING_ROOFBAR_FOGLIGHTS_NAME"
		/>
		<InstallSocket Type="Tayga6455bSpotLight" />
	</GameData>
</TruckAddon>
