<_templates>
	<Engine>
		<USTruckOldHeavyEngine
			BrakesDelay="0.3"
			CriticalDamageThreshold="0.7"
			DamageCapacity="80"
			EngineResponsiveness="0.04"
			DamagedMinTorqueMultiplier="1.0"
			DamagedMaxTorqueMultiplier="0.5"
			MaxDeltaAngVel="0.01"
		/>
	</Engine>
</_templates>
<EngineVariants>
	<Engine
		_template="USTruckOldHeavyEngine"
		CriticalDamageThreshold="0.6"
		DamageCapacity="65"
		DamagedConsumptionModifier="1.6"
		EngineResponsiveness="0.1"
		FuelConsumption="9.3"
		Name="us_truck_old_heavy_engine_0"
		Torque="258750"
		DamagedMinTorqueMultiplier="1.0"
		DamagedMaxTorqueMultiplier="0.6"
	> <!--Torque="225000" + 15%-->
		<GameData
			Price="9350"
			UnlockByExploration="false"
			UnlockByRank="1"
		>
			<UiDesc
				UiDesc="UI_ENGINE_US_TRUCK_OLD_HEAVY_0_DESC"
				UiIcon30x30=""
				UiIcon40x40=""
				UiName="UI_ROv2_ENGINE_US_TRUCK_OLD_HEAVY_0_NAME"
			/>
		</GameData>
	</Engine>
	<Engine
		_template="USTruckOldHeavyEngine"
		CriticalDamageThreshold="0.7"
		DamageCapacity="80"
		DamagedConsumptionModifier="1.7"
		EngineResponsiveness="0.15"
		FuelConsumption="10.7"
		Name="us_truck_old_heavy_engine_1"
		Torque="310500"
		DamagedMinTorqueMultiplier="1.0"
		DamagedMaxTorqueMultiplier="0.7"
	> <!--Torque="270000" + 15%-->
		<GameData
			Price="21650"
			UnlockByExploration="true"
			UnlockByRank="1"
		>
			<UiDesc
				UiDesc="UI_ENGINE_US_TRUCK_OLD_HEAVY_1_DESC"
				UiIcon30x30=""
				UiIcon40x40=""
				UiName="UI_ROv2_ENGINE_US_TRUCK_OLD_HEAVY_1_NAME"
			/>
		</GameData>
	</Engine>
	<Engine
		_template="USTruckOldHeavyEngine"
		CriticalDamageThreshold="0.7"
		DamageCapacity="95"
		DamagedConsumptionModifier="1.5"
		EngineResponsiveness="0.2"
		FuelConsumption="12.5"
		Name="us_truck_old_heavy_engine_2"
		Torque="373750"
		DamagedMinTorqueMultiplier="1.0"
		DamagedMaxTorqueMultiplier="0.6"
	> <!--Torque="325000" + 15%-->
		<GameData
			Price="24590"
			UnlockByExploration="true"
			UnlockByRank="1"
		>
			<UiDesc
				UiDesc="UI_ENGINE_US_TRUCK_OLD_HEAVY_2_DESC"
				UiIcon30x30=""
				UiIcon40x40=""
				UiName="UI_ROv2_ENGINE_US_TRUCK_OLD_HEAVY_2_NAME"
			/>
		</GameData>
	</Engine>
	<Engine
		_template="USTruckOldHeavyEngine"
		CriticalDamageThreshold="0.8"
		DamageCapacity="110"
		DamagedConsumptionModifier="1.3"
		EngineResponsiveness="0.3"
		FuelConsumption="13"
		Name="us_truck_old_heavy_engine_3"
		Torque="437000"
		DamagedMinTorqueMultiplier="1.0"
		DamagedMaxTorqueMultiplier="0.8"
	> <!--Torque="380000" + 15%-->
		<GameData
			Price="37720"
			UnlockByExploration="false"
			UnlockByRank="30"
		>
			<UiDesc
				UiDesc="UI_ROv2_ENGINE_US_TRUCK_OLD_HEAVY_3_DESC"
				UiIcon30x30=""
				UiIcon40x40=""
				UiName="UI_ROv2_ENGINE_US_TRUCK_OLD_HEAVY_3_NAME"
			/>
		</GameData>
	</Engine>
	<Engine
		CriticalDamageThreshold="0.6"
		DamageCapacity="125"
		DamagedConsumptionModifier="1.6"
		FuelConsumption="11.8"
		Name="us_truck_old_heavy_engine_kenworth_963"
		Torque="471500"
		EngineResponsiveness="0.2"
		DamagedMinTorqueMultiplier="1.0"
		DamagedMaxTorqueMultiplier="0.7"
		MaxDeltaAngVel="0.012"
	> <!--Torque="410000" + 15%-->
		<GameData
			Price="43510"
			UnlockByExploration="true"
			UnlockByRank="1"
		>
			<UiDesc
				UiDesc="UI_ENGINE_US_TRUCK_OLD_KENWORTH_963_DESC"
				UiIcon30x30=""
				UiIcon40x40=""
				UiName="UI_ROv2_ENGINE_US_TRUCK_OLD_KENWORTH_963_NAME"
			/>
		</GameData>
	</Engine>
</EngineVariants>
