<_templates Include="trucks" />
<SuspensionSetVariants>
	<SuspensionSet
		_template="Normal"
		BrokenWheelDamageMultiplier="2"
		CriticalDamageThreshold="0.4"
		DamageCapacity="75"
		Name="zikz_566a_suspension_default"
	>
		<Suspension 
			Damping="0.8" 
			Height="0.2" 
			Strength="0.03"  
			BrokenSuspensionMax="0.1" 
			SuspensionMin="-0.21" 
			WheelType="front" 
		/>
		<Suspension 
			Damping="0.6" 
			Height="0.12" 
			Strength="0.07" 
			BrokenSuspensionMax="0.1" 
			SuspensionMin="-0.21"  
			WheelType="rear" 
		/>
		<GameData
			Price="4200"
			UnlockByExploration="false"
			UnlockByRank="1"
		>
			<UiDesc
				UiDesc="UI_SUSPENSION_DEFAULT_DESC"
				UiIcon30x30=""
				UiIcon40x40=""
				UiName="UI_SUSPENSION_DEFAULT_NAME"
			/>
		</GameData>
	</SuspensionSet> 	
	<SuspensionSet
		_template="High"
		BrokenWheelDamageMultiplier="2"
		CriticalDamageThreshold="0.4"
		DamageCapacity="95"
		Name="zikz_566a_suspension_high"
	>
		<Suspension 
			Damping="0.8" 
			Height="0.26" 
			Strength="0.03"  
			BrokenSuspensionMax="0.1" 
			SuspensionMin="-0.34" 
			WheelType="front" 
		/>
		<Suspension 
			Damping="0.6" 
			Height="0.24" 
			Strength="0.065" 
			BrokenSuspensionMax="0.1" 
			SuspensionMin="-0.32"  
			WheelType="rear" 
		/>
		<GameData
			Price="4200"
			UnlockByExploration="true"
			UnlockByRank="1"
		>
			<UiDesc
				UiDesc="UI_SUSPENSION_HIGH_DESC"
				UiIcon30x30=""
				UiIcon40x40=""
				UiName="UI_SUSPENSION_HIGH_NAME"
			/>
		</GameData>
	</SuspensionSet>
</SuspensionSetVariants>
