<_templates Include="trucks" >
	<Body>
		<Limits Collisions="None">
			<Constraint Type="Fixed">
				<Motor Damping="250" Spring="0.75" Type="Spring" />
			</Constraint>
		</Limits>
	</Body>
</_templates>
<TruckAddon>
	<TruckData
		FuelCapacity="80"
		RepairsCapacity="125"
	>
		<LimitedFluid Center="(2.147; 3.178; -0.684)" SizeX="0.407" SizeY="0.203" SizeZ="0.580" Type="Box" ParentFrame="BoneFuel1_cdt"/>
		<LimitedFluid Center="(2.556; 3.178; -0.682)" SizeX="0.407" SizeY="0.203" SizeZ="0.581" Type="Box" ParentFrame="BoneFuel1_cdt"/>
		<LimitedFluid Center="(2.147; 3.178; 0.684)" SizeX="0.407" SizeY="0.203" SizeZ="0.581" Type="Box" ParentFrame="BoneFuel2_cdt"/>
		<LimitedFluid Center="(2.556; 3.178; 0.682)" SizeX="0.407" SizeY="0.203" SizeZ="0.581" Type="Box" ParentFrame="BoneFuel2_cdt"/>
	</TruckData>
	<RepairsHide>
		<Mesh Frame="repair" HideThreshold="0.0" />
	</RepairsHide>
	<FuelHide>
		<Mesh Frame="fuel1" HideThreshold="0.0" />
		<Mesh Frame="fuel2" HideThreshold="0.5" />
	</FuelHide>
	<Rotator EngineTorqueFactor="0" Frame="BoneRotatorLeft" RotationSpeed="3.9" />
	<Rotator EngineTorqueFactor="0" Frame="BoneRotatorRight" RotationSpeed="4" />
	<PhysicsModel Mesh="trucks/kenworth_w990_tuning/kenworth_w990_roofrack_1">
		<Body Mass="20" ModelFrame="BoneCabin_cdt">
			<Constraint Type="Rigid" />
			<Body
				_template="Limits"
				Mass="30"
				ModelFrame="BoneRepair_cdt"
			>
				<Constraint LinearLimitsX="(-0.005; 0.008)" LinearLimitsY="(0; 0)" LinearLimitsZ="(-0.007; 0.005)"/>
			</Body>
			<Body
				_template="Limits"
				Mass="30"
				ModelFrame="BoneFuel1_cdt"
			>
				<Constraint LinearLimitsX="(-0.005; 0.03)" LinearLimitsZ="(0; 0.006)" LinearLimitsY="(0; 0)"/>
			</Body>
			<Body
				_template="Limits"
				Mass="30"
				ModelFrame="BoneFuel2_cdt"
			>
				<Constraint LinearLimitsX="(-0.004; 0.032)" LinearLimitsZ="(0; 0.006)" LinearLimitsY="(0; 0)"/>
			</Body>
		</Body>
	</PhysicsModel>
	<ModelAttachments>
		<HeadLight>
			<Model _template="HeadLightRay" Org="(3.040; 3.175; -0.485)" Scale="(0.7; 0.7; 0.4)" />
			<Model _template="HeadLightRay" Org="(3.040; 3.175; 0.488)" Scale="(0.7; 0.7; 0.4)" />
			<Flare _template="HeadLight" Color="g(165; 149; 130) x 1.2" DirAngle="135" Size="0.5" Pos="(3.040; 3.175; -0.554)" />
			<Flare _template="HeadLight" Color="g(165; 149; 130) x 1.2" DirAngle="135" Size="0.5" Pos="(3.040; 3.175; -0.485)" />
			<Flare _template="HeadLight" Color="g(165; 149; 130) x 1.2" DirAngle="135" Size="0.5" Pos="(3.040; 3.175; -0.416)" />
			<Flare _template="HeadLight" Color="g(165; 149; 130) x 1.2" DirAngle="135" Size="0.5" Pos="(3.040; 3.175; 0.554)" />
			<Flare _template="HeadLight" Color="g(165; 149; 130) x 1.2" DirAngle="135" Size="0.5" Pos="(3.040; 3.175; 0.485)" />
			<Flare _template="HeadLight" Color="g(165; 149; 130) x 1.2" DirAngle="135" Size="0.5" Pos="(3.040; 3.175; 0.416)" />
		</HeadLight>
		<Ignition _template="Flasher">
			<Model Dir="(1; 0; 0)" Org="(1.840; 3.333; -0.889)" ParentFrame="BoneRotatorLeft" />
			<Light Dir="(1; 0; 0)" Pos="(1.840; 3.333; -0.889)" ParentFrame="BoneRotatorLeft" />
			<Flare Dir="(1; 0; 0)" Pos="(1.840; 3.333; -0.889)" ParentFrame="BoneRotatorLeft" />
			<Flare Dir="(1; 0; 0)" Pos="(1.840; 3.333; -0.889)" ParentFrame="BoneRotatorLeft" />
			<Flare Pos="(1.840; 3.333; -0.889)" />
		</Ignition>
		<Ignition _template="Flasher">
			<Model Dir="(0; 0; 1)" Org="(1.840; 3.333; 0.889)" ParentFrame="BoneRotatorRight" />
			<Light Dir="(0; 0; 1)" Pos="(1.840; 3.333; 0.889)" ParentFrame="BoneRotatorRight" />
			<Flare Dir="(0; 0; 1)" Pos="(1.840; 3.333; 0.889)" ParentFrame="BoneRotatorRight" />
			<Flare Dir="(0; 0; 1)" Pos="(1.840; 3.333; 0.889)" ParentFrame="BoneRotatorRight" />
			<Flare Pos="(1.840; 3.333; 0.889)" />
		</Ignition>
		<Ignition>
			<Flare _template="IgnitionSignalWhite" Color="g(165; 149; 130) x 1" Size="0.15" Pos="(3.040; 3.175; -0.553)" ParentFrame="BoneCabin_cdt" />
			<Flare _template="IgnitionSignalWhite" Color="g(165; 149; 130) x 1" Size="0.15" Pos="(3.040; 3.175; -0.484)" ParentFrame="BoneCabin_cdt" />
			<Flare _template="IgnitionSignalWhite" Color="g(165; 149; 130) x 1" Size="0.15" Pos="(3.040; 3.175; -0.415)" ParentFrame="BoneCabin_cdt" />
			<Flare _template="IgnitionSignalWhite" Color="g(165; 149; 130) x 1" Size="0.15" Pos="(3.040; 3.175; 0.553)" ParentFrame="BoneCabin_cdt" />
			<Flare _template="IgnitionSignalWhite" Color="g(165; 149; 130) x 1" Size="0.15" Pos="(3.040; 3.175; 0.484)" ParentFrame="BoneCabin_cdt" />
			<Flare _template="IgnitionSignalWhite" Color="g(165; 149; 130) x 1" Size="0.15" Pos="(3.040; 3.175; 0.415)" ParentFrame="BoneCabin_cdt" />
		</Ignition>
	</ModelAttachments>
	<MainHeadLight _template="Multiply2" />
	<GameData
		CameraPreset="roof"
		Category="top"
		IsCustomizable="true"
		Price="3800"
		UnlockByExploration="false"
		UnlockByRank="1"
	>
		<UiDesc
			UiDesc="UI_TUNING_SCOUT_TRUNK_SUPPLIES_DESC"
			UiIcon30x30=""
			UiIcon40x40=""
			UiName="UI_TUNING_SCOUT_TRUNK_SUPPLIES_NAME"
		/>
		<InstallSocket Type="KenworthW990Roofrack" />
	</GameData>
</TruckAddon>
