<GearboxVariants>
	<Gearbox
		AWDConsumptionModifier="1.6"
		CriticalDamageThreshold="0.4"
		DamageCapacity="80"
		DamagedConsumptionModifier="1.6"
		FuelConsumption="3.0"
		IdleFuelModifier="0.3"
		Name="g_truck_unique_m916a1_finetune"
		MinBreakFreq="0.0"
		MaxBreakFreq="20.0"
	>
		<ReverseGear AngVel="0.7" FuelModifier="0.9" />
		<HighGear AngVel="9.0" FuelModifier="2.2" />
		<Gear AngVel="3.0" FuelModifier="1.6" />
		<Gear AngVel="5.5" FuelModifier="1.4" />
		<Gear AngVel="8.0" FuelModifier="1.2" />
		<Gear AngVel="10.0" FuelModifier="1.0" />
		<Gear AngVel="12.5" FuelModifier="0.8" />
		<Gear AngVel="14.0" FuelModifier="0.6" />
		<GameData
			Price="5500"
			UnlockByExploration="true"
			UnlockByRank="1"
		>
			<GearboxParams 
				IsHighGearExists="false" 
				IsLowerGearExists="true" 
				IsLowerPlusGearExists="true" 
				IsLowerMinusGearExists="true"
				IsManualLowGear="true"
			/>
			<UiDesc
				UiDesc="UI_GEARBOX_TRUCK_FINETUNE_DESC"
				UiIcon30x30=""
				UiIcon40x40=""
				UiName="UI_ROv2_GEARBOX_TRUCK_FINETUNE_NAME"
			/>
		</GameData>
	</Gearbox>
</GearboxVariants>
