<_templates Include="trucks" />
<SuspensionSetVariants>
	<SuspensionSet
		_template="Normal"
		BrokenWheelDamageMultiplier="2"
		CriticalDamageThreshold="0.4"
		DamageCapacity="90"
		Name="zikz_612h_mastodont_suspension_default"
	>
		<Suspension Damping="0.55" Height="0.13" Strength="0.095" WheelType="front" BrokenSuspensionMin="-0.3" BrokenSuspensionMax="0.1" SuspensionMin="-0.3" SuspensionMax="0.1" />
		<Suspension Damping="0.6" Height="0.13" Strength="0.1" WheelType="front2" BrokenSuspensionMin="-0.25" BrokenSuspensionMax="0.1" SuspensionMin="-0.25" SuspensionMax="0.1" />
		<Suspension Damping="0.8" Height="0.05" Strength="0.12" WheelType="rear" BrokenSuspensionMin="-0.2" BrokenSuspensionMax="0.1" SuspensionMin="-0.25" SuspensionMax="0.1" />
		<Suspension Damping="0.9" Height="0.05" Strength="0.14" WheelType="rear2" BrokenSuspensionMin="-0.2" BrokenSuspensionMax="0.1" SuspensionMin="-0.25" SuspensionMax="0.1" />
		<GameData
			Price="4000"
			UnlockByExploration="false"
			UnlockByRank="1"
		>
			<UiDesc
				UiDesc="UI_SUSPENSION_DEFAULT_DESC"
				UiIcon30x30=""
				UiIcon40x40=""
				UiName="UI_SUSPENSION_DEFAULT_NAME"
			/>
		</GameData>
	</SuspensionSet>
	<SuspensionSet
		_template="High"
		BrokenWheelDamageMultiplier="2"
		CriticalDamageThreshold="0.4"
		DamageCapacity="105"
		Name="zikz_612h_mastodont_suspension_high"
	>
		<Suspension Damping="0.55" Height="0.33" Strength="0.095" WheelType="front" BrokenSuspensionMin="-0.3" BrokenSuspensionMax="0.1" SuspensionMin="-0.5" SuspensionMax="0.1" />
		<Suspension Damping="0.6" Height="0.33" Strength="0.1" WheelType="front2" BrokenSuspensionMin="-0.25" BrokenSuspensionMax="0.1" SuspensionMin="-0.45" SuspensionMax="0.1" />
		<Suspension Damping="0.8" Height="0.25" Strength="0.12" WheelType="rear" BrokenSuspensionMin="-0.2" BrokenSuspensionMax="0.1" SuspensionMin="-0.45" SuspensionMax="0.1" />
		<Suspension Damping="0.9" Height="0.25" Strength="0.14" WheelType="rear2" BrokenSuspensionMin="-0.2" BrokenSuspensionMax="0.1" SuspensionMin="-0.45" SuspensionMax="0.1" />
		<GameData
			Price="6700"
			UnlockByExploration="false"
			UnlockByRank="26"
		>
			<UiDesc
				UiDesc="UI_SUSPENSION_HIGH_DESC"
				UiIcon30x30=""
				UiIcon40x40=""
				UiName="UI_SUSPENSION_HIGH_NAME"
			/>
		</GameData>
	</SuspensionSet>
</SuspensionSetVariants>
