<_templates Include="trucks">
	<TruckTire>
		<Mudtires _template="ROv2Superheavy">
			<WheelTracks _template="Offroad" />
			<WheelSoftness _template="ZHM" />
			<WheelFriction _template="HeavyMudtires" />
		</Mudtires>
	</TruckTire>
</_templates>
<TruckWheels DamageCapacity="35" Radius="1" Width="1">
	<TruckTires>
		<TruckTire _template="Mudtires" Mesh="wheels/tire_zikz_605r_1" Name="mudtires_zikz605r_1">
			<WheelFriction _template="HeavyMudtires" BodyFriction="4.3" SubstanceFriction="3.1" />
			<GameData
				Price="8200"
				UnlockByExploration="false"
				UnlockByRank="1"
			>
				<UiDesc UiDesc="UI_ROv2_TIRE_MUDTIRE_ZHM_DESC" UiName="UI_TIRE_SUPERHEAVY_MUDTIRES_ZIKZ605_NAME" />
			</GameData>
		</TruckTire>
	</TruckTires>
	<TruckRims>
		<TruckRim Mesh="wheels/rim_zikz_605r_1" Name="rim_1">
			<GameData>
				<UiDesc UiDesc="UI_RIM_SUPERHEAVY_MUDTIRES_ZIKZ605_DESC" UiName="UI_RIM_SUPERHEAVY_MUDTIRES_ZIKZ605_NAME" />
			</GameData>
		</TruckRim>
	</TruckRims>
</TruckWheels>
