<_templates Include="trucks" />
<SuspensionSetVariants>
	<SuspensionSet
		_template="Normal"
		CriticalDamageThreshold="0.7"
		DamageCapacity="40"
		Name="khan_317_sentinel_suspension_default"
	>
		<Suspension Damping="0.3" Height="0.12" Strength="0.04" WheelType="front" BrokenSuspensionMax="0.15" SuspensionMin="-0.3" />
		<Suspension Damping="0.3" Height="0.12" Strength="0.04" WheelType="rear" BrokenSuspensionMax="0.15" SuspensionMin="-0.3" />
		<GameData
			Price="3800"
			UnlockByExploration="false"
			UnlockByRank="1"
		>
			<UiDesc
				UiDesc="UI_SUSPENSION_DEFAULT_DESC"
				UiIcon30x30=""
				UiIcon40x40=""
				UiName="UI_SUSPENSION_DEFAULT_NAME"
			/>
		</GameData>
	</SuspensionSet>
	<SuspensionSet
		_template="High"
		CriticalDamageThreshold="0.7"
		DamageCapacity="50"
		Name="khan_317_sentinel_suspension_high"
	>
		<Suspension Damping="0.3" Height="0.25" Strength="0.03" WheelType="front" BrokenSuspensionMax="0.15" SuspensionMin="-0.35" />
		<Suspension Damping="0.3" Height="0.25" Strength="0.03" WheelType="rear" BrokenSuspensionMax="0.15" SuspensionMin="-0.35" />
		<GameData
			Price="6000"
			UnlockByExploration="true"
			UnlockByRank="1"
		>
			<UiDesc
				UiDesc="UI_SUSPENSION_HIGH_DESC"
				UiIcon30x30=""
				UiIcon40x40=""
				UiName="UI_SUSPENSION_HIGH_NAME"
			/>
		</GameData>
	</SuspensionSet>
	<SuspensionSet
		_template="Ultimate"
		CriticalDamageThreshold="0.7"
		DamageCapacity="60"
		Name="khan_317_sentinel_suspension_ultimate"
	>
		<Suspension Damping="0.3" Height="0.37" Strength="0.02" WheelType="front" BrokenSuspensionMax="0.15" SuspensionMin="-0.38" />
		<Suspension Damping="0.3" Height="0.37" Strength="0.02" WheelType="rear" BrokenSuspensionMax="0.15" SuspensionMin="-0.38" />
		<GameData
			Price="7200"
			UnlockByExploration="true"
			UnlockByRank="1"
		>
			<UiDesc
				UiDesc="UI_SUSPENSION_ULTIMATE_DESC"
				UiIcon30x30=""
				UiIcon40x40=""
				UiName="UI_SUSPENSION_ULTIMATE_NAME"
			/>
		</GameData>
	</SuspensionSet>
</SuspensionSetVariants>
