<_parent File="tayga_6455b_snorkel_1" />
<TruckAddon>
	<Snorkel Origin="(2.138; 2.662; -1.037)" />
	<Snorkel Origin="(2.138; 2.662; 1.037)" />
	<PhysicsModel Mesh="trucks/tayga_6455b_tuning/tayga_6455b_snorkel_2">
		<Body ImpactType="Truck" Mass="10" ModelFrame="BoneCabinDamper_cdt">
			<Constraint Type="Rigid" />
			<Body Collisions="None" Mass="10" ModelFrame="BoneChassis_cdt">
				<Constraint ExplicitParentFrame="0" Type="Fixed" />
			</Body>
		</Body>
	</PhysicsModel>
	<GameData
		Price="4400"
		UnlockByExploration="false"
		UnlockByRank="18"
	>
		<UiDesc
			UiDesc="UI_TUNING_SNORKEL_WEDGECAP_TWIN_DESC"
			UiIcon30x30=""
			UiIcon40x40=""
			UiName="UI_TUNING_SNORKEL_WEDGECAP_TWIN_NAME"
		/>
	</GameData>
</TruckAddon>
