<_templates Include="trucks" />
<_parent File="tayga_6455b_bumper_default" />
<TruckAddon>
	<TruckData>
		<Damage>
			<Multiplier Multiplier="1.0" Type="Engine" />
		</Damage>
	</TruckData>
	<PhysicsModel Mesh="trucks/tayga_6455b_tuning/tayga_6455b_bumper_1">
		<Body ImpactType="Truck" Mass="10">
			<Constraint Type="Rigid" />
		</Body>
	</PhysicsModel>
	<ModelAttachments>
		<MainHeadLight>
			<Model _template="HeadLightRay" Org="(4.416; 1.563; -0.234)" />
			<Model _template="HeadLightRay" Org="(4.416; 1.563; 0.234)" />
			<Flare _template="HeadLight" Size="0.3" Pos="(4.416; 1.563; -0.234)" />
			<Flare _template="HeadLight" Size="0.3" Pos="(4.416; 1.563; 0.234)" />
			<Flare _template="BlueStreak" Pos="(4.416; 1.563; -0.234)" />
			<Flare _template="BlueStreak" Pos="(4.416; 1.563; 0.234)" />
		</MainHeadLight>
	</ModelAttachments>
	<MainHeadLight _template="Multiply1" />
	<GameData
		Price="1300"
		UnlockByExploration="false"
		UnlockByRank="1"
	>
		<UiDesc
			UiDesc="UI_TUNING_BUMPER_REBAR_DESC"
			UiIcon30x30=""
			UiIcon40x40=""
			UiName="UI_TUNING_BUMPER_REBAR_NAME"
		/>
	</GameData>
</TruckAddon>
