<_templates Include="trucks" />
<TruckAddon>
	<TruckData>
		<Shakers>
			<Shaker
				Frame="BoneExhaust"
				MinAngle="(0.3; 0.3; 0.3)"
				MaxAngle="(1; 1; 1)"
				MaxFrequency="3.9"
				ParentFrame="BoneCabin_cdt"
			/>
		</Shakers>
	</TruckData>
	<PhysicsModel Mesh="trucks/tayga_6455b_tuning/tayga_6455b_exhaust_default">
		<Body Collisions="None" Mass="20" ModelFrame="BoneCabin_cdt">
			<Constraint Type="Rigid" />
			<Body Collisions="None" Mass="100" ModelFrame="BoneChassis_cdt">
				<Constraint ExplicitParentFrame="0" Type="Fixed" />
			</Body>
		</Body>
	</PhysicsModel>
	<GameData
		CameraPreset="side_r"
		Category="exhaust"
		Price="600"
		UnlockByExploration="false"
		UnlockByRank="1"
	>
		<UiDesc
			UiDesc="UI_TUNING_EXHAUST_DEFAULT_DESC"
			UiIcon30x30=""
			UiIcon40x40=""
			UiName="UI_TUNING_EXHAUST_DEFAULT_NAME"
		/>
		<InstallSocket Type="Tayga6455bExhaustDefault" />
	</GameData>
	<Exhaust
		Dir="(0; -0.707; 0.707)"
		IsLight="false"
		Origin="(-0.296; 0.76; 0.528)"
		Speed="3.82"
	/>
</TruckAddon>
