<_parent File="tayga_6455b_exhaust_1" />
<TruckAddon>
	<TruckData>
		<Shakers>
			<Shaker Frame="BoneExhaustLeft" MinAngle="(0.3; 0.3; 0.3)" MaxAngle="(1; 1; 1)" MaxFrequency="3.9" ParentFrame="BoneCabinDamper_cdt" />
			<Shaker Frame="BoneExhaustRight" MinAngle="(0.3; 0.3; 0.3)" MaxAngle="(1; 1; 1)" MaxFrequency="4.1" ParentFrame="BoneCabinDamper_cdt" />
		</Shakers>
	</TruckData>
	<PhysicsModel Mesh="trucks/tayga_6455b_tuning/tayga_6455b_exhaust_3" />
	<GameData
		Price="1500"
		UnlockByExploration="false"
		UnlockByRank="1"
	>
		<UiDesc
			UiDesc="UI_TUNING_EXHAUST_HEATSHIELD_DESC"
			UiIcon30x30=""
			UiIcon40x40=""
			UiName="UI_TUNING_EXHAUST_SNUB_HEATSHIELD_NAME"
		/>
	</GameData>
	<Exhaust Dir="(0.083; 0.302; 0.95)" IsLight="false" Origin="(0.932; 3.768; 1.35)" Speed="3.82" />
	<Exhaust Dir="(0.083; 0.302; -0.95)" IsLight="false" Origin="(0.932; 3.768; -1.35)" Speed="3.85" />
</TruckAddon>
